[0.090s] DEBUG:colcon:Command line arguments: ['/usr/bin/colcon', 'build']
[0.090s] DEBUG:colcon:Parsed command line arguments: Namespace(log_base=None, log_level=None, verb_name='build', build_base='build', install_base='install', merge_install=False, symlink_install=False, test_result_base=None, continue_on_error=False, executor='parallel', parallel_workers=12, event_handlers=None, ignore_user_meta=False, metas=['./colcon.meta'], base_paths=['.'], packages_ignore=None, packages_ignore_regex=None, paths=None, packages_up_to=None, packages_up_to_regex=None, packages_above=None, packages_above_and_dependencies=None, packages_above_depth=None, packages_select_by_dep=None, packages_skip_by_dep=None, packages_skip_up_to=None, packages_select_build_failed=False, packages_skip_build_finished=False, packages_select_test_failures=False, packages_skip_test_passed=False, packages_select=None, packages_skip=None, packages_select_regex=None, packages_skip_regex=None, packages_start=None, packages_end=None, allow_overriding=[], cmake_args=None, cmake_target=None, cmake_target_skip_unavailable=False, cmake_clean_cache=False, cmake_clean_first=False, cmake_force_configure=False, ament_cmake_args=None, catkin_cmake_args=None, catkin_skip_building_tests=False, mixin_files=None, mixin=None, verb_parser=<colcon_mixin.mixin.mixin_argument.MixinArgumentDecorator object at 0x744d7e2a8fe0>, verb_extension=<colcon_core.verb.build.BuildVerb object at 0x744d7e3d0e00>, main=<bound method BuildVerb.main of <colcon_core.verb.build.BuildVerb object at 0x744d7e3d0e00>>, mixin_verb=('build',))
[0.128s] Level 1:colcon.colcon_core.package_discovery:discover_packages(colcon_meta) check parameters
[0.128s] Level 1:colcon.colcon_core.package_discovery:discover_packages(recursive) check parameters
[0.128s] Level 1:colcon.colcon_core.package_discovery:discover_packages(ignore) check parameters
[0.128s] Level 1:colcon.colcon_core.package_discovery:discover_packages(path) check parameters
[0.128s] Level 1:colcon.colcon_core.package_discovery:discover_packages(colcon_meta) discover
[0.128s] Level 1:colcon.colcon_core.package_discovery:discover_packages(recursive) discover
[0.128s] INFO:colcon.colcon_core.package_discovery:Crawling recursively for packages in '/home/hiep0247/hiep_ros2'
[0.128s] Level 1:colcon.colcon_core.package_identification:_identify(.) by extensions ['ignore', 'ignore_ament_install']
[0.128s] Level 1:colcon.colcon_core.package_identification:_identify(.) by extension 'ignore'
[0.129s] Level 1:colcon.colcon_core.package_identification:_identify(.) by extension 'ignore_ament_install'
[0.129s] Level 1:colcon.colcon_core.package_identification:_identify(.) by extensions ['colcon_pkg']
[0.129s] Level 1:colcon.colcon_core.package_identification:_identify(.) by extension 'colcon_pkg'
[0.129s] Level 1:colcon.colcon_core.package_identification:_identify(.) by extensions ['colcon_meta']
[0.129s] Level 1:colcon.colcon_core.package_identification:_identify(.) by extension 'colcon_meta'
[0.129s] Level 1:colcon.colcon_core.package_identification:_identify(.) by extensions ['ros']
[0.129s] Level 1:colcon.colcon_core.package_identification:_identify(.) by extension 'ros'
[0.144s] Level 1:colcon.colcon_core.package_identification:_identify(.) by extensions ['cmake', 'python']
[0.144s] Level 1:colcon.colcon_core.package_identification:_identify(.) by extension 'cmake'
[0.144s] Level 1:colcon.colcon_core.package_identification:_identify(.) by extension 'python'
[0.144s] Level 1:colcon.colcon_core.package_identification:_identify(.) by extensions ['python_setup_py']
[0.144s] Level 1:colcon.colcon_core.package_identification:_identify(.) by extension 'python_setup_py'
[0.144s] Level 1:colcon.colcon_core.package_identification:_identify(build) by extensions ['ignore', 'ignore_ament_install']
[0.145s] Level 1:colcon.colcon_core.package_identification:_identify(build) by extension 'ignore'
[0.145s] Level 1:colcon.colcon_core.package_identification:_identify(build) ignored
[0.145s] Level 1:colcon.colcon_core.package_identification:_identify(build_backup) by extensions ['ignore', 'ignore_ament_install']
[0.145s] Level 1:colcon.colcon_core.package_identification:_identify(build_backup) by extension 'ignore'
[0.145s] Level 1:colcon.colcon_core.package_identification:_identify(build_backup) ignored
[0.145s] Level 1:colcon.colcon_core.package_identification:_identify(install) by extensions ['ignore', 'ignore_ament_install']
[0.145s] Level 1:colcon.colcon_core.package_identification:_identify(install) by extension 'ignore'
[0.145s] Level 1:colcon.colcon_core.package_identification:_identify(install) ignored
[0.145s] Level 1:colcon.colcon_core.package_identification:_identify(log) by extensions ['ignore', 'ignore_ament_install']
[0.145s] Level 1:colcon.colcon_core.package_identification:_identify(log) by extension 'ignore'
[0.145s] Level 1:colcon.colcon_core.package_identification:_identify(log) ignored
[0.145s] Level 1:colcon.colcon_core.package_identification:_identify(src) by extensions ['ignore', 'ignore_ament_install']
[0.145s] Level 1:colcon.colcon_core.package_identification:_identify(src) by extension 'ignore'
[0.145s] Level 1:colcon.colcon_core.package_identification:_identify(src) by extension 'ignore_ament_install'
[0.145s] Level 1:colcon.colcon_core.package_identification:_identify(src) by extensions ['colcon_pkg']
[0.145s] Level 1:colcon.colcon_core.package_identification:_identify(src) by extension 'colcon_pkg'
[0.145s] Level 1:colcon.colcon_core.package_identification:_identify(src) by extensions ['colcon_meta']
[0.145s] Level 1:colcon.colcon_core.package_identification:_identify(src) by extension 'colcon_meta'
[0.145s] Level 1:colcon.colcon_core.package_identification:_identify(src) by extensions ['ros']
[0.145s] Level 1:colcon.colcon_core.package_identification:_identify(src) by extension 'ros'
[0.145s] Level 1:colcon.colcon_core.package_identification:_identify(src) by extensions ['cmake', 'python']
[0.145s] Level 1:colcon.colcon_core.package_identification:_identify(src) by extension 'cmake'
[0.145s] Level 1:colcon.colcon_core.package_identification:_identify(src) by extension 'python'
[0.145s] Level 1:colcon.colcon_core.package_identification:_identify(src) by extensions ['python_setup_py']
[0.145s] Level 1:colcon.colcon_core.package_identification:_identify(src) by extension 'python_setup_py'
[0.145s] Level 1:colcon.colcon_core.package_identification:_identify(src/agv_fleet) by extensions ['ignore', 'ignore_ament_install']
[0.145s] Level 1:colcon.colcon_core.package_identification:_identify(src/agv_fleet) by extension 'ignore'
[0.145s] Level 1:colcon.colcon_core.package_identification:_identify(src/agv_fleet) by extension 'ignore_ament_install'
[0.145s] Level 1:colcon.colcon_core.package_identification:_identify(src/agv_fleet) by extensions ['colcon_pkg']
[0.145s] Level 1:colcon.colcon_core.package_identification:_identify(src/agv_fleet) by extension 'colcon_pkg'
[0.145s] Level 1:colcon.colcon_core.package_identification:_identify(src/agv_fleet) by extensions ['colcon_meta']
[0.146s] Level 1:colcon.colcon_core.package_identification:_identify(src/agv_fleet) by extension 'colcon_meta'
[0.146s] Level 1:colcon.colcon_core.package_identification:_identify(src/agv_fleet) by extensions ['ros']
[0.146s] Level 1:colcon.colcon_core.package_identification:_identify(src/agv_fleet) by extension 'ros'
[0.147s] DEBUG:colcon.colcon_core.package_identification:Package 'src/agv_fleet' with type 'ros.ament_python' and name 'agv_fleet'
[0.147s] Level 1:colcon.colcon_core.package_identification:_identify(src/agv_hmi) by extensions ['ignore', 'ignore_ament_install']
[0.147s] Level 1:colcon.colcon_core.package_identification:_identify(src/agv_hmi) by extension 'ignore'
[0.147s] Level 1:colcon.colcon_core.package_identification:_identify(src/agv_hmi) by extension 'ignore_ament_install'
[0.147s] Level 1:colcon.colcon_core.package_identification:_identify(src/agv_hmi) by extensions ['colcon_pkg']
[0.147s] Level 1:colcon.colcon_core.package_identification:_identify(src/agv_hmi) by extension 'colcon_pkg'
[0.147s] Level 1:colcon.colcon_core.package_identification:_identify(src/agv_hmi) by extensions ['colcon_meta']
[0.147s] Level 1:colcon.colcon_core.package_identification:_identify(src/agv_hmi) by extension 'colcon_meta'
[0.147s] Level 1:colcon.colcon_core.package_identification:_identify(src/agv_hmi) by extensions ['ros']
[0.147s] Level 1:colcon.colcon_core.package_identification:_identify(src/agv_hmi) by extension 'ros'
[0.148s] DEBUG:colcon.colcon_core.package_identification:Package 'src/agv_hmi' with type 'ros.ament_python' and name 'agv_hmi'
[0.148s] Level 1:colcon.colcon_core.package_identification:_identify(src/hiep_robot2) by extensions ['ignore', 'ignore_ament_install']
[0.148s] Level 1:colcon.colcon_core.package_identification:_identify(src/hiep_robot2) by extension 'ignore'
[0.148s] Level 1:colcon.colcon_core.package_identification:_identify(src/hiep_robot2) by extension 'ignore_ament_install'
[0.148s] Level 1:colcon.colcon_core.package_identification:_identify(src/hiep_robot2) by extensions ['colcon_pkg']
[0.148s] Level 1:colcon.colcon_core.package_identification:_identify(src/hiep_robot2) by extension 'colcon_pkg'
[0.148s] Level 1:colcon.colcon_core.package_identification:_identify(src/hiep_robot2) by extensions ['colcon_meta']
[0.148s] Level 1:colcon.colcon_core.package_identification:_identify(src/hiep_robot2) by extension 'colcon_meta'
[0.148s] Level 1:colcon.colcon_core.package_identification:_identify(src/hiep_robot2) by extensions ['ros']
[0.148s] Level 1:colcon.colcon_core.package_identification:_identify(src/hiep_robot2) by extension 'ros'
[0.148s] DEBUG:colcon.colcon_core.package_identification:Package 'src/hiep_robot2' with type 'ros.ament_python' and name 'hiep_robot2'
[0.148s] Level 1:colcon.colcon_core.package_identification:_identify(src/mec_mobile) by extensions ['ignore', 'ignore_ament_install']
[0.148s] Level 1:colcon.colcon_core.package_identification:_identify(src/mec_mobile) by extension 'ignore'
[0.148s] Level 1:colcon.colcon_core.package_identification:_identify(src/mec_mobile) by extension 'ignore_ament_install'
[0.148s] Level 1:colcon.colcon_core.package_identification:_identify(src/mec_mobile) by extensions ['colcon_pkg']
[0.148s] Level 1:colcon.colcon_core.package_identification:_identify(src/mec_mobile) by extension 'colcon_pkg'
[0.148s] Level 1:colcon.colcon_core.package_identification:_identify(src/mec_mobile) by extensions ['colcon_meta']
[0.148s] Level 1:colcon.colcon_core.package_identification:_identify(src/mec_mobile) by extension 'colcon_meta'
[0.148s] Level 1:colcon.colcon_core.package_identification:_identify(src/mec_mobile) by extensions ['ros']
[0.148s] Level 1:colcon.colcon_core.package_identification:_identify(src/mec_mobile) by extension 'ros'
[0.149s] DEBUG:colcon.colcon_core.package_identification:Package 'src/mec_mobile' with type 'ros.ament_cmake' and name 'mec_mobile'
[0.149s] Level 1:colcon.colcon_core.package_identification:_identify(src/mec_mobile_description) by extensions ['ignore', 'ignore_ament_install']
[0.149s] Level 1:colcon.colcon_core.package_identification:_identify(src/mec_mobile_description) by extension 'ignore'
[0.149s] Level 1:colcon.colcon_core.package_identification:_identify(src/mec_mobile_description) by extension 'ignore_ament_install'
[0.149s] Level 1:colcon.colcon_core.package_identification:_identify(src/mec_mobile_description) by extensions ['colcon_pkg']
[0.149s] Level 1:colcon.colcon_core.package_identification:_identify(src/mec_mobile_description) by extension 'colcon_pkg'
[0.149s] Level 1:colcon.colcon_core.package_identification:_identify(src/mec_mobile_description) by extensions ['colcon_meta']
[0.149s] Level 1:colcon.colcon_core.package_identification:_identify(src/mec_mobile_description) by extension 'colcon_meta'
[0.149s] Level 1:colcon.colcon_core.package_identification:_identify(src/mec_mobile_description) by extensions ['ros']
[0.149s] Level 1:colcon.colcon_core.package_identification:_identify(src/mec_mobile_description) by extension 'ros'
[0.149s] DEBUG:colcon.colcon_core.package_identification:Package 'src/mec_mobile_description' with type 'ros.ament_cmake' and name 'mec_mobile_description'
[0.149s] Level 1:colcon.colcon_core.package_identification:_identify(src/mec_mobile_description1) by extensions ['ignore', 'ignore_ament_install']
[0.149s] Level 1:colcon.colcon_core.package_identification:_identify(src/mec_mobile_description1) by extension 'ignore'
[0.149s] Level 1:colcon.colcon_core.package_identification:_identify(src/mec_mobile_description1) by extension 'ignore_ament_install'
[0.150s] Level 1:colcon.colcon_core.package_identification:_identify(src/mec_mobile_description1) by extensions ['colcon_pkg']
[0.150s] Level 1:colcon.colcon_core.package_identification:_identify(src/mec_mobile_description1) by extension 'colcon_pkg'
[0.150s] Level 1:colcon.colcon_core.package_identification:_identify(src/mec_mobile_description1) by extensions ['colcon_meta']
[0.150s] Level 1:colcon.colcon_core.package_identification:_identify(src/mec_mobile_description1) by extension 'colcon_meta'
[0.150s] Level 1:colcon.colcon_core.package_identification:_identify(src/mec_mobile_description1) by extensions ['ros']
[0.150s] Level 1:colcon.colcon_core.package_identification:_identify(src/mec_mobile_description1) by extension 'ros'
[0.150s] DEBUG:colcon.colcon_core.package_identification:Package 'src/mec_mobile_description1' with type 'ros.ament_cmake' and name 'mec_mobile_description1'
[0.150s] Level 1:colcon.colcon_core.package_identification:_identify(src/mec_mobile_gazebo) by extensions ['ignore', 'ignore_ament_install']
[0.150s] Level 1:colcon.colcon_core.package_identification:_identify(src/mec_mobile_gazebo) by extension 'ignore'
[0.150s] Level 1:colcon.colcon_core.package_identification:_identify(src/mec_mobile_gazebo) by extension 'ignore_ament_install'
[0.150s] Level 1:colcon.colcon_core.package_identification:_identify(src/mec_mobile_gazebo) by extensions ['colcon_pkg']
[0.150s] Level 1:colcon.colcon_core.package_identification:_identify(src/mec_mobile_gazebo) by extension 'colcon_pkg'
[0.150s] Level 1:colcon.colcon_core.package_identification:_identify(src/mec_mobile_gazebo) by extensions ['colcon_meta']
[0.150s] Level 1:colcon.colcon_core.package_identification:_identify(src/mec_mobile_gazebo) by extension 'colcon_meta'
[0.150s] Level 1:colcon.colcon_core.package_identification:_identify(src/mec_mobile_gazebo) by extensions ['ros']
[0.150s] Level 1:colcon.colcon_core.package_identification:_identify(src/mec_mobile_gazebo) by extension 'ros'
[0.150s] DEBUG:colcon.colcon_core.package_identification:Package 'src/mec_mobile_gazebo' with type 'ros.ament_cmake' and name 'mec_mobile_gazebo'
[0.150s] Level 1:colcon.colcon_core.package_identification:_identify(src/mec_mobile_navigation) by extensions ['ignore', 'ignore_ament_install']
[0.150s] Level 1:colcon.colcon_core.package_identification:_identify(src/mec_mobile_navigation) by extension 'ignore'
[0.150s] Level 1:colcon.colcon_core.package_identification:_identify(src/mec_mobile_navigation) by extension 'ignore_ament_install'
[0.151s] Level 1:colcon.colcon_core.package_identification:_identify(src/mec_mobile_navigation) by extensions ['colcon_pkg']
[0.151s] Level 1:colcon.colcon_core.package_identification:_identify(src/mec_mobile_navigation) by extension 'colcon_pkg'
[0.151s] Level 1:colcon.colcon_core.package_identification:_identify(src/mec_mobile_navigation) by extensions ['colcon_meta']
[0.151s] Level 1:colcon.colcon_core.package_identification:_identify(src/mec_mobile_navigation) by extension 'colcon_meta'
[0.151s] Level 1:colcon.colcon_core.package_identification:_identify(src/mec_mobile_navigation) by extensions ['ros']
[0.151s] Level 1:colcon.colcon_core.package_identification:_identify(src/mec_mobile_navigation) by extension 'ros'
[0.151s] DEBUG:colcon.colcon_core.package_identification:Package 'src/mec_mobile_navigation' with type 'ros.ament_cmake' and name 'mec_mobile_navigation'
[0.151s] Level 1:colcon.colcon_core.package_identification:_identify(src/sllidar_ros2) by extensions ['ignore', 'ignore_ament_install']
[0.151s] Level 1:colcon.colcon_core.package_identification:_identify(src/sllidar_ros2) by extension 'ignore'
[0.151s] Level 1:colcon.colcon_core.package_identification:_identify(src/sllidar_ros2) by extension 'ignore_ament_install'
[0.151s] Level 1:colcon.colcon_core.package_identification:_identify(src/sllidar_ros2) by extensions ['colcon_pkg']
[0.151s] Level 1:colcon.colcon_core.package_identification:_identify(src/sllidar_ros2) by extension 'colcon_pkg'
[0.151s] Level 1:colcon.colcon_core.package_identification:_identify(src/sllidar_ros2) by extensions ['colcon_meta']
[0.151s] Level 1:colcon.colcon_core.package_identification:_identify(src/sllidar_ros2) by extension 'colcon_meta'
[0.151s] Level 1:colcon.colcon_core.package_identification:_identify(src/sllidar_ros2) by extensions ['ros']
[0.151s] Level 1:colcon.colcon_core.package_identification:_identify(src/sllidar_ros2) by extension 'ros'
[0.152s] DEBUG:colcon.colcon_core.package_identification:Package 'src/sllidar_ros2' with type 'ros.ament_cmake' and name 'sllidar_ros2'
[0.152s] Level 1:colcon.colcon_core.package_discovery:discover_packages(recursive) using defaults
[0.152s] Level 1:colcon.colcon_core.package_discovery:discover_packages(ignore) discover
[0.152s] Level 1:colcon.colcon_core.package_discovery:discover_packages(ignore) using defaults
[0.152s] Level 1:colcon.colcon_core.package_discovery:discover_packages(path) discover
[0.152s] Level 1:colcon.colcon_core.package_discovery:discover_packages(path) using defaults
[0.169s] Level 1:colcon.colcon_core.package_discovery:discover_packages(prefix_path) check parameters
[0.169s] Level 1:colcon.colcon_core.package_discovery:discover_packages(prefix_path) discover
[0.170s] WARNING:colcon.colcon_ros.prefix_path.ament:The path '/home/hiep0247/hiep_ros2/install/sllidar_ros2' in the environment variable AMENT_PREFIX_PATH doesn't exist
[0.171s] WARNING:colcon.colcon_ros.prefix_path.catkin:The path '/home/hiep0247/hiep_ros2/install/sllidar_ros2' in the environment variable CMAKE_PREFIX_PATH doesn't exist
[0.174s] DEBUG:colcon.colcon_installed_package_information.package_discovery:Found 8 installed packages in /home/hiep0247/hiep_ros2/install
[0.174s] DEBUG:colcon.colcon_installed_package_information.package_discovery:Found 1 installed packages in /home/hiep0247/ros2_ws/install
[0.177s] DEBUG:colcon.colcon_installed_package_information.package_discovery:Found 433 installed packages in /opt/ros/jazzy
[0.178s] Level 1:colcon.colcon_core.package_discovery:discover_packages(prefix_path) using defaults
[0.282s] Level 5:colcon.colcon_core.verb:set package 'agv_fleet' build argument 'cmake_args' from command line to 'None'
[0.282s] Level 5:colcon.colcon_core.verb:set package 'agv_fleet' build argument 'cmake_target' from command line to 'None'
[0.282s] Level 5:colcon.colcon_core.verb:set package 'agv_fleet' build argument 'cmake_target_skip_unavailable' from command line to 'False'
[0.282s] Level 5:colcon.colcon_core.verb:set package 'agv_fleet' build argument 'cmake_clean_cache' from command line to 'False'
[0.282s] Level 5:colcon.colcon_core.verb:set package 'agv_fleet' build argument 'cmake_clean_first' from command line to 'False'
[0.282s] Level 5:colcon.colcon_core.verb:set package 'agv_fleet' build argument 'cmake_force_configure' from command line to 'False'
[0.282s] Level 5:colcon.colcon_core.verb:set package 'agv_fleet' build argument 'ament_cmake_args' from command line to 'None'
[0.282s] Level 5:colcon.colcon_core.verb:set package 'agv_fleet' build argument 'catkin_cmake_args' from command line to 'None'
[0.282s] Level 5:colcon.colcon_core.verb:set package 'agv_fleet' build argument 'catkin_skip_building_tests' from command line to 'False'
[0.282s] DEBUG:colcon.colcon_core.verb:Building package 'agv_fleet' with the following arguments: {'ament_cmake_args': None, 'build_base': '/home/hiep0247/hiep_ros2/build/agv_fleet', 'catkin_cmake_args': None, 'catkin_skip_building_tests': False, 'cmake_args': None, 'cmake_clean_cache': False, 'cmake_clean_first': False, 'cmake_force_configure': False, 'cmake_target': None, 'cmake_target_skip_unavailable': False, 'install_base': '/home/hiep0247/hiep_ros2/install/agv_fleet', 'merge_install': False, 'path': '/home/hiep0247/hiep_ros2/src/agv_fleet', 'symlink_install': False, 'test_result_base': None}
[0.282s] Level 5:colcon.colcon_core.verb:set package 'agv_hmi' build argument 'cmake_args' from command line to 'None'
[0.282s] Level 5:colcon.colcon_core.verb:set package 'agv_hmi' build argument 'cmake_target' from command line to 'None'
[0.282s] Level 5:colcon.colcon_core.verb:set package 'agv_hmi' build argument 'cmake_target_skip_unavailable' from command line to 'False'
[0.282s] Level 5:colcon.colcon_core.verb:set package 'agv_hmi' build argument 'cmake_clean_cache' from command line to 'False'
[0.282s] Level 5:colcon.colcon_core.verb:set package 'agv_hmi' build argument 'cmake_clean_first' from command line to 'False'
[0.283s] Level 5:colcon.colcon_core.verb:set package 'agv_hmi' build argument 'cmake_force_configure' from command line to 'False'
[0.283s] Level 5:colcon.colcon_core.verb:set package 'agv_hmi' build argument 'ament_cmake_args' from command line to 'None'
[0.283s] Level 5:colcon.colcon_core.verb:set package 'agv_hmi' build argument 'catkin_cmake_args' from command line to 'None'
[0.283s] Level 5:colcon.colcon_core.verb:set package 'agv_hmi' build argument 'catkin_skip_building_tests' from command line to 'False'
[0.283s] DEBUG:colcon.colcon_core.verb:Building package 'agv_hmi' with the following arguments: {'ament_cmake_args': None, 'build_base': '/home/hiep0247/hiep_ros2/build/agv_hmi', 'catkin_cmake_args': None, 'catkin_skip_building_tests': False, 'cmake_args': None, 'cmake_clean_cache': False, 'cmake_clean_first': False, 'cmake_force_configure': False, 'cmake_target': None, 'cmake_target_skip_unavailable': False, 'install_base': '/home/hiep0247/hiep_ros2/install/agv_hmi', 'merge_install': False, 'path': '/home/hiep0247/hiep_ros2/src/agv_hmi', 'symlink_install': False, 'test_result_base': None}
[0.283s] Level 5:colcon.colcon_core.verb:set package 'hiep_robot2' build argument 'cmake_args' from command line to 'None'
[0.283s] Level 5:colcon.colcon_core.verb:set package 'hiep_robot2' build argument 'cmake_target' from command line to 'None'
[0.283s] Level 5:colcon.colcon_core.verb:set package 'hiep_robot2' build argument 'cmake_target_skip_unavailable' from command line to 'False'
[0.283s] Level 5:colcon.colcon_core.verb:set package 'hiep_robot2' build argument 'cmake_clean_cache' from command line to 'False'
[0.283s] Level 5:colcon.colcon_core.verb:set package 'hiep_robot2' build argument 'cmake_clean_first' from command line to 'False'
[0.283s] Level 5:colcon.colcon_core.verb:set package 'hiep_robot2' build argument 'cmake_force_configure' from command line to 'False'
[0.283s] Level 5:colcon.colcon_core.verb:set package 'hiep_robot2' build argument 'ament_cmake_args' from command line to 'None'
[0.283s] Level 5:colcon.colcon_core.verb:set package 'hiep_robot2' build argument 'catkin_cmake_args' from command line to 'None'
[0.283s] Level 5:colcon.colcon_core.verb:set package 'hiep_robot2' build argument 'catkin_skip_building_tests' from command line to 'False'
[0.283s] DEBUG:colcon.colcon_core.verb:Building package 'hiep_robot2' with the following arguments: {'ament_cmake_args': None, 'build_base': '/home/hiep0247/hiep_ros2/build/hiep_robot2', 'catkin_cmake_args': None, 'catkin_skip_building_tests': False, 'cmake_args': None, 'cmake_clean_cache': False, 'cmake_clean_first': False, 'cmake_force_configure': False, 'cmake_target': None, 'cmake_target_skip_unavailable': False, 'install_base': '/home/hiep0247/hiep_ros2/install/hiep_robot2', 'merge_install': False, 'path': '/home/hiep0247/hiep_ros2/src/hiep_robot2', 'symlink_install': False, 'test_result_base': None}
[0.283s] Level 5:colcon.colcon_core.verb:set package 'mec_mobile_description' build argument 'cmake_args' from command line to 'None'
[0.283s] Level 5:colcon.colcon_core.verb:set package 'mec_mobile_description' build argument 'cmake_target' from command line to 'None'
[0.283s] Level 5:colcon.colcon_core.verb:set package 'mec_mobile_description' build argument 'cmake_target_skip_unavailable' from command line to 'False'
[0.283s] Level 5:colcon.colcon_core.verb:set package 'mec_mobile_description' build argument 'cmake_clean_cache' from command line to 'False'
[0.283s] Level 5:colcon.colcon_core.verb:set package 'mec_mobile_description' build argument 'cmake_clean_first' from command line to 'False'
[0.283s] Level 5:colcon.colcon_core.verb:set package 'mec_mobile_description' build argument 'cmake_force_configure' from command line to 'False'
[0.283s] Level 5:colcon.colcon_core.verb:set package 'mec_mobile_description' build argument 'ament_cmake_args' from command line to 'None'
[0.283s] Level 5:colcon.colcon_core.verb:set package 'mec_mobile_description' build argument 'catkin_cmake_args' from command line to 'None'
[0.283s] Level 5:colcon.colcon_core.verb:set package 'mec_mobile_description' build argument 'catkin_skip_building_tests' from command line to 'False'
[0.283s] DEBUG:colcon.colcon_core.verb:Building package 'mec_mobile_description' with the following arguments: {'ament_cmake_args': None, 'build_base': '/home/hiep0247/hiep_ros2/build/mec_mobile_description', 'catkin_cmake_args': None, 'catkin_skip_building_tests': False, 'cmake_args': None, 'cmake_clean_cache': False, 'cmake_clean_first': False, 'cmake_force_configure': False, 'cmake_target': None, 'cmake_target_skip_unavailable': False, 'install_base': '/home/hiep0247/hiep_ros2/install/mec_mobile_description', 'merge_install': False, 'path': '/home/hiep0247/hiep_ros2/src/mec_mobile_description', 'symlink_install': False, 'test_result_base': None}
[0.283s] Level 5:colcon.colcon_core.verb:set package 'mec_mobile_description1' build argument 'cmake_args' from command line to 'None'
[0.283s] Level 5:colcon.colcon_core.verb:set package 'mec_mobile_description1' build argument 'cmake_target' from command line to 'None'
[0.283s] Level 5:colcon.colcon_core.verb:set package 'mec_mobile_description1' build argument 'cmake_target_skip_unavailable' from command line to 'False'
[0.283s] Level 5:colcon.colcon_core.verb:set package 'mec_mobile_description1' build argument 'cmake_clean_cache' from command line to 'False'
[0.283s] Level 5:colcon.colcon_core.verb:set package 'mec_mobile_description1' build argument 'cmake_clean_first' from command line to 'False'
[0.283s] Level 5:colcon.colcon_core.verb:set package 'mec_mobile_description1' build argument 'cmake_force_configure' from command line to 'False'
[0.283s] Level 5:colcon.colcon_core.verb:set package 'mec_mobile_description1' build argument 'ament_cmake_args' from command line to 'None'
[0.283s] Level 5:colcon.colcon_core.verb:set package 'mec_mobile_description1' build argument 'catkin_cmake_args' from command line to 'None'
[0.283s] Level 5:colcon.colcon_core.verb:set package 'mec_mobile_description1' build argument 'catkin_skip_building_tests' from command line to 'False'
[0.283s] DEBUG:colcon.colcon_core.verb:Building package 'mec_mobile_description1' with the following arguments: {'ament_cmake_args': None, 'build_base': '/home/hiep0247/hiep_ros2/build/mec_mobile_description1', 'catkin_cmake_args': None, 'catkin_skip_building_tests': False, 'cmake_args': None, 'cmake_clean_cache': False, 'cmake_clean_first': False, 'cmake_force_configure': False, 'cmake_target': None, 'cmake_target_skip_unavailable': False, 'install_base': '/home/hiep0247/hiep_ros2/install/mec_mobile_description1', 'merge_install': False, 'path': '/home/hiep0247/hiep_ros2/src/mec_mobile_description1', 'symlink_install': False, 'test_result_base': None}
[0.283s] Level 5:colcon.colcon_core.verb:set package 'mec_mobile_gazebo' build argument 'cmake_args' from command line to 'None'
[0.283s] Level 5:colcon.colcon_core.verb:set package 'mec_mobile_gazebo' build argument 'cmake_target' from command line to 'None'
[0.283s] Level 5:colcon.colcon_core.verb:set package 'mec_mobile_gazebo' build argument 'cmake_target_skip_unavailable' from command line to 'False'
[0.283s] Level 5:colcon.colcon_core.verb:set package 'mec_mobile_gazebo' build argument 'cmake_clean_cache' from command line to 'False'
[0.283s] Level 5:colcon.colcon_core.verb:set package 'mec_mobile_gazebo' build argument 'cmake_clean_first' from command line to 'False'
[0.283s] Level 5:colcon.colcon_core.verb:set package 'mec_mobile_gazebo' build argument 'cmake_force_configure' from command line to 'False'
[0.283s] Level 5:colcon.colcon_core.verb:set package 'mec_mobile_gazebo' build argument 'ament_cmake_args' from command line to 'None'
[0.283s] Level 5:colcon.colcon_core.verb:set package 'mec_mobile_gazebo' build argument 'catkin_cmake_args' from command line to 'None'
[0.283s] Level 5:colcon.colcon_core.verb:set package 'mec_mobile_gazebo' build argument 'catkin_skip_building_tests' from command line to 'False'
[0.283s] DEBUG:colcon.colcon_core.verb:Building package 'mec_mobile_gazebo' with the following arguments: {'ament_cmake_args': None, 'build_base': '/home/hiep0247/hiep_ros2/build/mec_mobile_gazebo', 'catkin_cmake_args': None, 'catkin_skip_building_tests': False, 'cmake_args': None, 'cmake_clean_cache': False, 'cmake_clean_first': False, 'cmake_force_configure': False, 'cmake_target': None, 'cmake_target_skip_unavailable': False, 'install_base': '/home/hiep0247/hiep_ros2/install/mec_mobile_gazebo', 'merge_install': False, 'path': '/home/hiep0247/hiep_ros2/src/mec_mobile_gazebo', 'symlink_install': False, 'test_result_base': None}
[0.284s] Level 5:colcon.colcon_core.verb:set package 'mec_mobile_navigation' build argument 'cmake_args' from command line to 'None'
[0.284s] Level 5:colcon.colcon_core.verb:set package 'mec_mobile_navigation' build argument 'cmake_target' from command line to 'None'
[0.284s] Level 5:colcon.colcon_core.verb:set package 'mec_mobile_navigation' build argument 'cmake_target_skip_unavailable' from command line to 'False'
[0.284s] Level 5:colcon.colcon_core.verb:set package 'mec_mobile_navigation' build argument 'cmake_clean_cache' from command line to 'False'
[0.284s] Level 5:colcon.colcon_core.verb:set package 'mec_mobile_navigation' build argument 'cmake_clean_first' from command line to 'False'
[0.284s] Level 5:colcon.colcon_core.verb:set package 'mec_mobile_navigation' build argument 'cmake_force_configure' from command line to 'False'
[0.284s] Level 5:colcon.colcon_core.verb:set package 'mec_mobile_navigation' build argument 'ament_cmake_args' from command line to 'None'
[0.284s] Level 5:colcon.colcon_core.verb:set package 'mec_mobile_navigation' build argument 'catkin_cmake_args' from command line to 'None'
[0.284s] Level 5:colcon.colcon_core.verb:set package 'mec_mobile_navigation' build argument 'catkin_skip_building_tests' from command line to 'False'
[0.284s] DEBUG:colcon.colcon_core.verb:Building package 'mec_mobile_navigation' with the following arguments: {'ament_cmake_args': None, 'build_base': '/home/hiep0247/hiep_ros2/build/mec_mobile_navigation', 'catkin_cmake_args': None, 'catkin_skip_building_tests': False, 'cmake_args': None, 'cmake_clean_cache': False, 'cmake_clean_first': False, 'cmake_force_configure': False, 'cmake_target': None, 'cmake_target_skip_unavailable': False, 'install_base': '/home/hiep0247/hiep_ros2/install/mec_mobile_navigation', 'merge_install': False, 'path': '/home/hiep0247/hiep_ros2/src/mec_mobile_navigation', 'symlink_install': False, 'test_result_base': None}
[0.284s] Level 5:colcon.colcon_core.verb:set package 'sllidar_ros2' build argument 'cmake_args' from command line to 'None'
[0.284s] Level 5:colcon.colcon_core.verb:set package 'sllidar_ros2' build argument 'cmake_target' from command line to 'None'
[0.284s] Level 5:colcon.colcon_core.verb:set package 'sllidar_ros2' build argument 'cmake_target_skip_unavailable' from command line to 'False'
[0.284s] Level 5:colcon.colcon_core.verb:set package 'sllidar_ros2' build argument 'cmake_clean_cache' from command line to 'False'
[0.284s] Level 5:colcon.colcon_core.verb:set package 'sllidar_ros2' build argument 'cmake_clean_first' from command line to 'False'
[0.284s] Level 5:colcon.colcon_core.verb:set package 'sllidar_ros2' build argument 'cmake_force_configure' from command line to 'False'
[0.284s] Level 5:colcon.colcon_core.verb:set package 'sllidar_ros2' build argument 'ament_cmake_args' from command line to 'None'
[0.284s] Level 5:colcon.colcon_core.verb:set package 'sllidar_ros2' build argument 'catkin_cmake_args' from command line to 'None'
[0.284s] Level 5:colcon.colcon_core.verb:set package 'sllidar_ros2' build argument 'catkin_skip_building_tests' from command line to 'False'
[0.284s] DEBUG:colcon.colcon_core.verb:Building package 'sllidar_ros2' with the following arguments: {'ament_cmake_args': None, 'build_base': '/home/hiep0247/hiep_ros2/build/sllidar_ros2', 'catkin_cmake_args': None, 'catkin_skip_building_tests': False, 'cmake_args': None, 'cmake_clean_cache': False, 'cmake_clean_first': False, 'cmake_force_configure': False, 'cmake_target': None, 'cmake_target_skip_unavailable': False, 'install_base': '/home/hiep0247/hiep_ros2/install/sllidar_ros2', 'merge_install': False, 'path': '/home/hiep0247/hiep_ros2/src/sllidar_ros2', 'symlink_install': False, 'test_result_base': None}
[0.284s] Level 5:colcon.colcon_core.verb:set package 'mec_mobile' build argument 'cmake_args' from command line to 'None'
[0.284s] Level 5:colcon.colcon_core.verb:set package 'mec_mobile' build argument 'cmake_target' from command line to 'None'
[0.284s] Level 5:colcon.colcon_core.verb:set package 'mec_mobile' build argument 'cmake_target_skip_unavailable' from command line to 'False'
[0.284s] Level 5:colcon.colcon_core.verb:set package 'mec_mobile' build argument 'cmake_clean_cache' from command line to 'False'
[0.284s] Level 5:colcon.colcon_core.verb:set package 'mec_mobile' build argument 'cmake_clean_first' from command line to 'False'
[0.284s] Level 5:colcon.colcon_core.verb:set package 'mec_mobile' build argument 'cmake_force_configure' from command line to 'False'
[0.284s] Level 5:colcon.colcon_core.verb:set package 'mec_mobile' build argument 'ament_cmake_args' from command line to 'None'
[0.284s] Level 5:colcon.colcon_core.verb:set package 'mec_mobile' build argument 'catkin_cmake_args' from command line to 'None'
[0.284s] Level 5:colcon.colcon_core.verb:set package 'mec_mobile' build argument 'catkin_skip_building_tests' from command line to 'False'
[0.284s] DEBUG:colcon.colcon_core.verb:Building package 'mec_mobile' with the following arguments: {'ament_cmake_args': None, 'build_base': '/home/hiep0247/hiep_ros2/build/mec_mobile', 'catkin_cmake_args': None, 'catkin_skip_building_tests': False, 'cmake_args': None, 'cmake_clean_cache': False, 'cmake_clean_first': False, 'cmake_force_configure': False, 'cmake_target': None, 'cmake_target_skip_unavailable': False, 'install_base': '/home/hiep0247/hiep_ros2/install/mec_mobile', 'merge_install': False, 'path': '/home/hiep0247/hiep_ros2/src/mec_mobile', 'symlink_install': False, 'test_result_base': None}
[0.284s] INFO:colcon.colcon_core.executor:Executing jobs using 'parallel' executor
[0.285s] DEBUG:colcon.colcon_parallel_executor.executor.parallel:run_until_complete
[0.285s] INFO:colcon.colcon_ros.task.ament_cmake.build:Building ROS package in '/home/hiep0247/hiep_ros2/src/mec_mobile_description' with build type 'ament_cmake'
[0.285s] INFO:colcon.colcon_cmake.task.cmake.build:Building CMake package in '/home/hiep0247/hiep_ros2/src/mec_mobile_description'
[0.288s] INFO:colcon.colcon_core.plugin_system:Skipping extension 'colcon_core.shell.bat': Not used on non-Windows systems
[0.288s] INFO:colcon.colcon_core.shell:Skip shell extension 'powershell' for command environment: Not usable outside of PowerShell
[0.288s] DEBUG:colcon.colcon_core.shell:Skip shell extension 'dsv' for command environment
[0.292s] INFO:colcon.colcon_ros.task.ament_python.build:Building ROS package in '/home/hiep0247/hiep_ros2/src/agv_fleet' with build type 'ament_python'
[0.292s] Level 1:colcon.colcon_core.shell:create_environment_hook('agv_fleet', 'ament_prefix_path')
[0.292s] INFO:colcon.colcon_core.shell:Creating environment hook '/home/hiep0247/hiep_ros2/install/agv_fleet/share/agv_fleet/hook/ament_prefix_path.ps1'
[0.292s] INFO:colcon.colcon_core.shell:Creating environment descriptor '/home/hiep0247/hiep_ros2/install/agv_fleet/share/agv_fleet/hook/ament_prefix_path.dsv'
[0.293s] INFO:colcon.colcon_core.shell:Creating environment hook '/home/hiep0247/hiep_ros2/install/agv_fleet/share/agv_fleet/hook/ament_prefix_path.sh'
[0.293s] INFO:colcon.colcon_core.shell:Skip shell extension 'powershell' for command environment: Not usable outside of PowerShell
[0.293s] DEBUG:colcon.colcon_core.shell:Skip shell extension 'dsv' for command environment
[0.295s] INFO:colcon.colcon_ros.task.ament_python.build:Building ROS package in '/home/hiep0247/hiep_ros2/src/agv_hmi' with build type 'ament_python'
[0.295s] Level 1:colcon.colcon_core.shell:create_environment_hook('agv_hmi', 'ament_prefix_path')
[0.296s] INFO:colcon.colcon_core.shell:Creating environment hook '/home/hiep0247/hiep_ros2/install/agv_hmi/share/agv_hmi/hook/ament_prefix_path.ps1'
[0.296s] INFO:colcon.colcon_core.shell:Creating environment descriptor '/home/hiep0247/hiep_ros2/install/agv_hmi/share/agv_hmi/hook/ament_prefix_path.dsv'
[0.296s] INFO:colcon.colcon_core.shell:Creating environment hook '/home/hiep0247/hiep_ros2/install/agv_hmi/share/agv_hmi/hook/ament_prefix_path.sh'
[0.296s] INFO:colcon.colcon_core.shell:Skip shell extension 'powershell' for command environment: Not usable outside of PowerShell
[0.296s] DEBUG:colcon.colcon_core.shell:Skip shell extension 'dsv' for command environment
[0.298s] INFO:colcon.colcon_ros.task.ament_python.build:Building ROS package in '/home/hiep0247/hiep_ros2/src/hiep_robot2' with build type 'ament_python'
[0.298s] Level 1:colcon.colcon_core.shell:create_environment_hook('hiep_robot2', 'ament_prefix_path')
[0.299s] INFO:colcon.colcon_core.shell:Creating environment hook '/home/hiep0247/hiep_ros2/install/hiep_robot2/share/hiep_robot2/hook/ament_prefix_path.ps1'
[0.299s] INFO:colcon.colcon_core.shell:Creating environment descriptor '/home/hiep0247/hiep_ros2/install/hiep_robot2/share/hiep_robot2/hook/ament_prefix_path.dsv'
[0.299s] INFO:colcon.colcon_core.shell:Creating environment hook '/home/hiep0247/hiep_ros2/install/hiep_robot2/share/hiep_robot2/hook/ament_prefix_path.sh'
[0.299s] INFO:colcon.colcon_core.shell:Skip shell extension 'powershell' for command environment: Not usable outside of PowerShell
[0.299s] DEBUG:colcon.colcon_core.shell:Skip shell extension 'dsv' for command environment
[0.301s] INFO:colcon.colcon_ros.task.ament_cmake.build:Building ROS package in '/home/hiep0247/hiep_ros2/src/mec_mobile_description1' with build type 'ament_cmake'
[0.302s] INFO:colcon.colcon_cmake.task.cmake.build:Building CMake package in '/home/hiep0247/hiep_ros2/src/mec_mobile_description1'
[0.302s] INFO:colcon.colcon_core.shell:Skip shell extension 'powershell' for command environment: Not usable outside of PowerShell
[0.302s] DEBUG:colcon.colcon_core.shell:Skip shell extension 'dsv' for command environment
[0.304s] INFO:colcon.colcon_ros.task.ament_cmake.build:Building ROS package in '/home/hiep0247/hiep_ros2/src/mec_mobile_gazebo' with build type 'ament_cmake'
[0.304s] INFO:colcon.colcon_cmake.task.cmake.build:Building CMake package in '/home/hiep0247/hiep_ros2/src/mec_mobile_gazebo'
[0.304s] INFO:colcon.colcon_core.shell:Skip shell extension 'powershell' for command environment: Not usable outside of PowerShell
[0.304s] DEBUG:colcon.colcon_core.shell:Skip shell extension 'dsv' for command environment
[0.306s] INFO:colcon.colcon_ros.task.ament_cmake.build:Building ROS package in '/home/hiep0247/hiep_ros2/src/mec_mobile_navigation' with build type 'ament_cmake'
[0.306s] INFO:colcon.colcon_cmake.task.cmake.build:Building CMake package in '/home/hiep0247/hiep_ros2/src/mec_mobile_navigation'
[0.307s] INFO:colcon.colcon_core.shell:Skip shell extension 'powershell' for command environment: Not usable outside of PowerShell
[0.307s] DEBUG:colcon.colcon_core.shell:Skip shell extension 'dsv' for command environment
[0.309s] INFO:colcon.colcon_ros.task.ament_cmake.build:Building ROS package in '/home/hiep0247/hiep_ros2/src/sllidar_ros2' with build type 'ament_cmake'
[0.309s] INFO:colcon.colcon_cmake.task.cmake.build:Building CMake package in '/home/hiep0247/hiep_ros2/src/sllidar_ros2'
[0.309s] INFO:colcon.colcon_core.shell:Skip shell extension 'powershell' for command environment: Not usable outside of PowerShell
[0.309s] DEBUG:colcon.colcon_core.shell:Skip shell extension 'dsv' for command environment
[0.314s] DEBUG:colcon.colcon_core.event_handler.log_command:Invoking command in '/home/hiep0247/hiep_ros2/build/mec_mobile_description': CMAKE_PREFIX_PATH=${CMAKE_PREFIX_PATH}:/home/hiep0247/hiep_ros2/install/hiep_robot2:/opt/ros/jazzy DEBUGINFOD_URLS=https://debuginfod.ubuntu.com /usr/bin/cmake --build /home/hiep0247/hiep_ros2/build/mec_mobile_description -- -j12 -l12
[0.450s] INFO:colcon.colcon_core.task.python.build:Building Python package in '/home/hiep0247/hiep_ros2/src/agv_fleet'
[0.450s] INFO:colcon.colcon_core.shell:Skip shell extension 'powershell' for command environment: Not usable outside of PowerShell
[0.450s] DEBUG:colcon.colcon_core.shell:Skip shell extension 'dsv' for command environment
[0.587s] INFO:colcon.colcon_core.task.python.build:Building Python package in '/home/hiep0247/hiep_ros2/src/agv_hmi'
[0.587s] INFO:colcon.colcon_core.shell:Skip shell extension 'powershell' for command environment: Not usable outside of PowerShell
[0.587s] DEBUG:colcon.colcon_core.shell:Skip shell extension 'dsv' for command environment
[0.731s] INFO:colcon.colcon_core.task.python.build:Building Python package in '/home/hiep0247/hiep_ros2/src/hiep_robot2'
[0.731s] INFO:colcon.colcon_core.shell:Skip shell extension 'powershell' for command environment: Not usable outside of PowerShell
[0.731s] DEBUG:colcon.colcon_core.shell:Skip shell extension 'dsv' for command environment
[0.735s] DEBUG:colcon.colcon_core.event_handler.log_command:Invoking command in '/home/hiep0247/hiep_ros2/build/mec_mobile_description1': CMAKE_PREFIX_PATH=${CMAKE_PREFIX_PATH}:/home/hiep0247/hiep_ros2/install/hiep_robot2:/opt/ros/jazzy DEBUGINFOD_URLS=https://debuginfod.ubuntu.com /usr/bin/cmake --build /home/hiep0247/hiep_ros2/build/mec_mobile_description1 -- -j12 -l12
[0.736s] DEBUG:colcon.colcon_core.event_handler.log_command:Invoking command in '/home/hiep0247/hiep_ros2/build/mec_mobile_gazebo': CMAKE_PREFIX_PATH=${CMAKE_PREFIX_PATH}:/home/hiep0247/hiep_ros2/install/hiep_robot2:/opt/ros/jazzy DEBUGINFOD_URLS=https://debuginfod.ubuntu.com /usr/bin/cmake --build /home/hiep0247/hiep_ros2/build/mec_mobile_gazebo -- -j12 -l12
[0.737s] DEBUG:colcon.colcon_core.event_handler.log_command:Invoking command in '/home/hiep0247/hiep_ros2/build/mec_mobile_navigation': CMAKE_PREFIX_PATH=${CMAKE_PREFIX_PATH}:/home/hiep0247/hiep_ros2/install/hiep_robot2:/opt/ros/jazzy DEBUGINFOD_URLS=https://debuginfod.ubuntu.com /usr/bin/cmake --build /home/hiep0247/hiep_ros2/build/mec_mobile_navigation -- -j12 -l12
[0.741s] DEBUG:colcon.colcon_core.event_handler.log_command:Invoking command in '/home/hiep0247/hiep_ros2/build/sllidar_ros2': CMAKE_PREFIX_PATH=${CMAKE_PREFIX_PATH}:/home/hiep0247/hiep_ros2/install/hiep_robot2:/opt/ros/jazzy DEBUGINFOD_URLS=https://debuginfod.ubuntu.com /usr/bin/cmake /home/hiep0247/hiep_ros2/src/sllidar_ros2 -DCMAKE_INSTALL_PREFIX=/home/hiep0247/hiep_ros2/install/sllidar_ros2
[0.741s] DEBUG:colcon.colcon_core.event_handler.log_command:Invoked command in '/home/hiep0247/hiep_ros2/build/mec_mobile_description' returned '0': CMAKE_PREFIX_PATH=${CMAKE_PREFIX_PATH}:/home/hiep0247/hiep_ros2/install/hiep_robot2:/opt/ros/jazzy DEBUGINFOD_URLS=https://debuginfod.ubuntu.com /usr/bin/cmake --build /home/hiep0247/hiep_ros2/build/mec_mobile_description -- -j12 -l12
[0.748s] DEBUG:colcon.colcon_core.event_handler.log_command:Invoking command in '/home/hiep0247/hiep_ros2/build/mec_mobile_description': CMAKE_PREFIX_PATH=${CMAKE_PREFIX_PATH}:/home/hiep0247/hiep_ros2/install/hiep_robot2:/opt/ros/jazzy DEBUGINFOD_URLS=https://debuginfod.ubuntu.com /usr/bin/cmake --install /home/hiep0247/hiep_ros2/build/mec_mobile_description
[0.777s] Level 1:colcon.colcon_core.environment:create_environment_scripts_only(mec_mobile_description)
[0.778s] DEBUG:colcon.colcon_core.event_handler.log_command:Invoked command in '/home/hiep0247/hiep_ros2/build/mec_mobile_description' returned '0': CMAKE_PREFIX_PATH=${CMAKE_PREFIX_PATH}:/home/hiep0247/hiep_ros2/install/hiep_robot2:/opt/ros/jazzy DEBUGINFOD_URLS=https://debuginfod.ubuntu.com /usr/bin/cmake --install /home/hiep0247/hiep_ros2/build/mec_mobile_description
[0.784s] Level 1:colcon.colcon_core.environment:checking '/home/hiep0247/hiep_ros2/install/mec_mobile_description' for CMake module files
[0.785s] Level 1:colcon.colcon_core.environment:checking '/home/hiep0247/hiep_ros2/install/mec_mobile_description' for CMake config files
[0.785s] Level 1:colcon.colcon_core.shell:create_environment_hook('mec_mobile_description', 'cmake_prefix_path')
[0.786s] INFO:colcon.colcon_core.shell:Creating environment hook '/home/hiep0247/hiep_ros2/install/mec_mobile_description/share/mec_mobile_description/hook/cmake_prefix_path.ps1'
[0.786s] INFO:colcon.colcon_core.shell:Creating environment descriptor '/home/hiep0247/hiep_ros2/install/mec_mobile_description/share/mec_mobile_description/hook/cmake_prefix_path.dsv'
[0.787s] INFO:colcon.colcon_core.shell:Creating environment hook '/home/hiep0247/hiep_ros2/install/mec_mobile_description/share/mec_mobile_description/hook/cmake_prefix_path.sh'
[0.787s] Level 1:colcon.colcon_core.environment:checking '/home/hiep0247/hiep_ros2/install/mec_mobile_description/bin'
[0.787s] Level 1:colcon.colcon_core.environment:checking '/home/hiep0247/hiep_ros2/install/mec_mobile_description/lib/pkgconfig/mec_mobile_description.pc'
[0.788s] Level 1:colcon.colcon_core.environment:checking '/home/hiep0247/hiep_ros2/install/mec_mobile_description/lib/python3.12/site-packages'
[0.788s] Level 1:colcon.colcon_core.environment:checking '/home/hiep0247/hiep_ros2/install/mec_mobile_description/bin'
[0.788s] INFO:colcon.colcon_core.shell:Creating package script '/home/hiep0247/hiep_ros2/install/mec_mobile_description/share/mec_mobile_description/package.ps1'
[0.789s] INFO:colcon.colcon_core.shell:Creating package descriptor '/home/hiep0247/hiep_ros2/install/mec_mobile_description/share/mec_mobile_description/package.dsv'
[0.790s] INFO:colcon.colcon_core.shell:Creating package script '/home/hiep0247/hiep_ros2/install/mec_mobile_description/share/mec_mobile_description/package.sh'
[0.790s] INFO:colcon.colcon_core.shell:Creating package script '/home/hiep0247/hiep_ros2/install/mec_mobile_description/share/mec_mobile_description/package.bash'
[0.802s] INFO:colcon.colcon_core.shell:Creating package script '/home/hiep0247/hiep_ros2/install/mec_mobile_description/share/mec_mobile_description/package.zsh'
[0.809s] Level 1:colcon.colcon_core.environment:create_file_with_runtime_dependencies(/home/hiep0247/hiep_ros2/install/mec_mobile_description/share/colcon-core/packages/mec_mobile_description)
[0.809s] Level 1:colcon.colcon_core.environment:create_environment_scripts_only(mec_mobile_description)
[0.809s] Level 1:colcon.colcon_core.environment:checking '/home/hiep0247/hiep_ros2/install/mec_mobile_description' for CMake module files
[0.810s] Level 1:colcon.colcon_core.environment:checking '/home/hiep0247/hiep_ros2/install/mec_mobile_description' for CMake config files
[0.810s] Level 1:colcon.colcon_core.shell:create_environment_hook('mec_mobile_description', 'cmake_prefix_path')
[0.811s] INFO:colcon.colcon_core.shell:Creating environment hook '/home/hiep0247/hiep_ros2/install/mec_mobile_description/share/mec_mobile_description/hook/cmake_prefix_path.ps1'
[0.811s] INFO:colcon.colcon_core.shell:Creating environment descriptor '/home/hiep0247/hiep_ros2/install/mec_mobile_description/share/mec_mobile_description/hook/cmake_prefix_path.dsv'
[0.811s] INFO:colcon.colcon_core.shell:Creating environment hook '/home/hiep0247/hiep_ros2/install/mec_mobile_description/share/mec_mobile_description/hook/cmake_prefix_path.sh'
[0.812s] Level 1:colcon.colcon_core.environment:checking '/home/hiep0247/hiep_ros2/install/mec_mobile_description/bin'
[0.812s] Level 1:colcon.colcon_core.environment:checking '/home/hiep0247/hiep_ros2/install/mec_mobile_description/lib/pkgconfig/mec_mobile_description.pc'
[0.812s] Level 1:colcon.colcon_core.environment:checking '/home/hiep0247/hiep_ros2/install/mec_mobile_description/lib/python3.12/site-packages'
[0.812s] Level 1:colcon.colcon_core.environment:checking '/home/hiep0247/hiep_ros2/install/mec_mobile_description/bin'
[0.813s] INFO:colcon.colcon_core.shell:Creating package script '/home/hiep0247/hiep_ros2/install/mec_mobile_description/share/mec_mobile_description/package.ps1'
[0.813s] INFO:colcon.colcon_core.shell:Creating package descriptor '/home/hiep0247/hiep_ros2/install/mec_mobile_description/share/mec_mobile_description/package.dsv'
[0.819s] INFO:colcon.colcon_core.shell:Creating package script '/home/hiep0247/hiep_ros2/install/mec_mobile_description/share/mec_mobile_description/package.sh'
[0.820s] INFO:colcon.colcon_core.shell:Creating package script '/home/hiep0247/hiep_ros2/install/mec_mobile_description/share/mec_mobile_description/package.bash'
[0.820s] INFO:colcon.colcon_core.shell:Creating package script '/home/hiep0247/hiep_ros2/install/mec_mobile_description/share/mec_mobile_description/package.zsh'
[0.820s] Level 1:colcon.colcon_core.environment:create_file_with_runtime_dependencies(/home/hiep0247/hiep_ros2/install/mec_mobile_description/share/colcon-core/packages/mec_mobile_description)
[0.821s] INFO:colcon.colcon_ros.task.ament_cmake.build:Building ROS package in '/home/hiep0247/hiep_ros2/src/mec_mobile' with build type 'ament_cmake'
[0.821s] INFO:colcon.colcon_cmake.task.cmake.build:Building CMake package in '/home/hiep0247/hiep_ros2/src/mec_mobile'
[0.821s] INFO:colcon.colcon_core.shell:Skip shell extension 'powershell' for command environment: Not usable outside of PowerShell
[0.821s] DEBUG:colcon.colcon_core.shell:Skip shell extension 'dsv' for command environment
[0.837s] DEBUG:colcon.colcon_core.event_handler.log_command:Invoking command in '/home/hiep0247/hiep_ros2/build/mec_mobile': CMAKE_PREFIX_PATH=/home/hiep0247/hiep_ros2/install/mec_mobile_description:/home/hiep0247/hiep_ros2/install/sllidar_ros2:/home/hiep0247/hiep_ros2/install/mec_mobile_navigation:/home/hiep0247/hiep_ros2/install/mec_mobile_gazebo:/home/hiep0247/hiep_ros2/install/mec_mobile:/home/hiep0247/ros2_ws/install/sllidar_ros2:/opt/ros/jazzy/opt/gz_sim_vendor:/opt/ros/jazzy/opt/gz_sensors_vendor:/opt/ros/jazzy/opt/gz_physics_vendor:/opt/ros/jazzy/opt/sdformat_vendor:/opt/ros/jazzy/opt/gz_gui_vendor:/opt/ros/jazzy/opt/gz_transport_vendor:/opt/ros/jazzy/opt/gz_rendering_vendor:/opt/ros/jazzy/opt/gz_plugin_vendor:/opt/ros/jazzy/opt/gz_fuel_tools_vendor:/opt/ros/jazzy/opt/gz_msgs_vendor:/opt/ros/jazzy/opt/gz_common_vendor:/opt/ros/jazzy/opt/gz_math_vendor:/opt/ros/jazzy/opt/gz_utils_vendor:/opt/ros/jazzy/opt/gz_tools_vendor:/opt/ros/jazzy/opt/gz_ogre_next_vendor:/opt/ros/jazzy/opt/gz_dartsim_vendor:/opt/ros/jazzy/opt/gz_cmake_vendor:/home/hiep0247/hiep_ros2/install/hiep_robot2:/opt/ros/jazzy DEBUGINFOD_URLS=https://debuginfod.ubuntu.com /usr/bin/cmake --build /home/hiep0247/hiep_ros2/build/mec_mobile -- -j12 -l12
[1.000s] DEBUG:colcon.colcon_core.event_handler.log_command:Invoked command in '/home/hiep0247/hiep_ros2/build/mec_mobile_description1' returned '0': CMAKE_PREFIX_PATH=${CMAKE_PREFIX_PATH}:/home/hiep0247/hiep_ros2/install/hiep_robot2:/opt/ros/jazzy DEBUGINFOD_URLS=https://debuginfod.ubuntu.com /usr/bin/cmake --build /home/hiep0247/hiep_ros2/build/mec_mobile_description1 -- -j12 -l12
[1.000s] DEBUG:colcon.colcon_core.event_handler.log_command:Invoking command in '/home/hiep0247/hiep_ros2/build/mec_mobile_description1': CMAKE_PREFIX_PATH=${CMAKE_PREFIX_PATH}:/home/hiep0247/hiep_ros2/install/hiep_robot2:/opt/ros/jazzy DEBUGINFOD_URLS=https://debuginfod.ubuntu.com /usr/bin/cmake --install /home/hiep0247/hiep_ros2/build/mec_mobile_description1
[1.008s] Level 1:colcon.colcon_core.environment:create_environment_scripts_only(mec_mobile_description1)
[1.009s] Level 1:colcon.colcon_core.environment:checking '/home/hiep0247/hiep_ros2/install/mec_mobile_description1' for CMake module files
[1.009s] DEBUG:colcon.colcon_core.event_handler.log_command:Invoked command in '/home/hiep0247/hiep_ros2/build/mec_mobile_description1' returned '0': CMAKE_PREFIX_PATH=${CMAKE_PREFIX_PATH}:/home/hiep0247/hiep_ros2/install/hiep_robot2:/opt/ros/jazzy DEBUGINFOD_URLS=https://debuginfod.ubuntu.com /usr/bin/cmake --install /home/hiep0247/hiep_ros2/build/mec_mobile_description1
[1.009s] Level 1:colcon.colcon_core.environment:checking '/home/hiep0247/hiep_ros2/install/mec_mobile_description1' for CMake config files
[1.009s] Level 1:colcon.colcon_core.shell:create_environment_hook('mec_mobile_description1', 'cmake_prefix_path')
[1.009s] INFO:colcon.colcon_core.shell:Creating environment hook '/home/hiep0247/hiep_ros2/install/mec_mobile_description1/share/mec_mobile_description1/hook/cmake_prefix_path.ps1'
[1.010s] INFO:colcon.colcon_core.shell:Creating environment descriptor '/home/hiep0247/hiep_ros2/install/mec_mobile_description1/share/mec_mobile_description1/hook/cmake_prefix_path.dsv'
[1.010s] INFO:colcon.colcon_core.shell:Creating environment hook '/home/hiep0247/hiep_ros2/install/mec_mobile_description1/share/mec_mobile_description1/hook/cmake_prefix_path.sh'
[1.010s] Level 1:colcon.colcon_core.environment:checking '/home/hiep0247/hiep_ros2/install/mec_mobile_description1/bin'
[1.010s] Level 1:colcon.colcon_core.environment:checking '/home/hiep0247/hiep_ros2/install/mec_mobile_description1/lib/pkgconfig/mec_mobile_description1.pc'
[1.010s] Level 1:colcon.colcon_core.environment:checking '/home/hiep0247/hiep_ros2/install/mec_mobile_description1/lib/python3.12/site-packages'
[1.011s] Level 1:colcon.colcon_core.environment:checking '/home/hiep0247/hiep_ros2/install/mec_mobile_description1/bin'
[1.011s] INFO:colcon.colcon_core.shell:Creating package script '/home/hiep0247/hiep_ros2/install/mec_mobile_description1/share/mec_mobile_description1/package.ps1'
[1.011s] INFO:colcon.colcon_core.shell:Creating package descriptor '/home/hiep0247/hiep_ros2/install/mec_mobile_description1/share/mec_mobile_description1/package.dsv'
[1.011s] INFO:colcon.colcon_core.shell:Creating package script '/home/hiep0247/hiep_ros2/install/mec_mobile_description1/share/mec_mobile_description1/package.sh'
[1.012s] INFO:colcon.colcon_core.shell:Creating package script '/home/hiep0247/hiep_ros2/install/mec_mobile_description1/share/mec_mobile_description1/package.bash'
[1.012s] INFO:colcon.colcon_core.shell:Creating package script '/home/hiep0247/hiep_ros2/install/mec_mobile_description1/share/mec_mobile_description1/package.zsh'
[1.012s] Level 1:colcon.colcon_core.environment:create_file_with_runtime_dependencies(/home/hiep0247/hiep_ros2/install/mec_mobile_description1/share/colcon-core/packages/mec_mobile_description1)
[1.013s] Level 1:colcon.colcon_core.environment:create_environment_scripts_only(mec_mobile_description1)
[1.013s] Level 1:colcon.colcon_core.environment:checking '/home/hiep0247/hiep_ros2/install/mec_mobile_description1' for CMake module files
[1.014s] Level 1:colcon.colcon_core.environment:checking '/home/hiep0247/hiep_ros2/install/mec_mobile_description1' for CMake config files
[1.014s] Level 1:colcon.colcon_core.shell:create_environment_hook('mec_mobile_description1', 'cmake_prefix_path')
[1.014s] INFO:colcon.colcon_core.shell:Creating environment hook '/home/hiep0247/hiep_ros2/install/mec_mobile_description1/share/mec_mobile_description1/hook/cmake_prefix_path.ps1'
[1.014s] INFO:colcon.colcon_core.shell:Creating environment descriptor '/home/hiep0247/hiep_ros2/install/mec_mobile_description1/share/mec_mobile_description1/hook/cmake_prefix_path.dsv'
[1.015s] INFO:colcon.colcon_core.shell:Creating environment hook '/home/hiep0247/hiep_ros2/install/mec_mobile_description1/share/mec_mobile_description1/hook/cmake_prefix_path.sh'
[1.015s] Level 1:colcon.colcon_core.environment:checking '/home/hiep0247/hiep_ros2/install/mec_mobile_description1/bin'
[1.015s] Level 1:colcon.colcon_core.environment:checking '/home/hiep0247/hiep_ros2/install/mec_mobile_description1/lib/pkgconfig/mec_mobile_description1.pc'
[1.015s] Level 1:colcon.colcon_core.environment:checking '/home/hiep0247/hiep_ros2/install/mec_mobile_description1/lib/python3.12/site-packages'
[1.016s] Level 1:colcon.colcon_core.environment:checking '/home/hiep0247/hiep_ros2/install/mec_mobile_description1/bin'
[1.016s] INFO:colcon.colcon_core.shell:Creating package script '/home/hiep0247/hiep_ros2/install/mec_mobile_description1/share/mec_mobile_description1/package.ps1'
[1.017s] INFO:colcon.colcon_core.shell:Creating package descriptor '/home/hiep0247/hiep_ros2/install/mec_mobile_description1/share/mec_mobile_description1/package.dsv'
[1.017s] INFO:colcon.colcon_core.shell:Creating package script '/home/hiep0247/hiep_ros2/install/mec_mobile_description1/share/mec_mobile_description1/package.sh'
[1.017s] INFO:colcon.colcon_core.shell:Creating package script '/home/hiep0247/hiep_ros2/install/mec_mobile_description1/share/mec_mobile_description1/package.bash'
[1.017s] INFO:colcon.colcon_core.shell:Creating package script '/home/hiep0247/hiep_ros2/install/mec_mobile_description1/share/mec_mobile_description1/package.zsh'
[1.018s] Level 1:colcon.colcon_core.environment:create_file_with_runtime_dependencies(/home/hiep0247/hiep_ros2/install/mec_mobile_description1/share/colcon-core/packages/mec_mobile_description1)
[1.143s] DEBUG:colcon.colcon_core.event_handler.log_command:Invoked command in '/home/hiep0247/hiep_ros2/build/mec_mobile' returned '0': CMAKE_PREFIX_PATH=/home/hiep0247/hiep_ros2/install/mec_mobile_description:/home/hiep0247/hiep_ros2/install/sllidar_ros2:/home/hiep0247/hiep_ros2/install/mec_mobile_navigation:/home/hiep0247/hiep_ros2/install/mec_mobile_gazebo:/home/hiep0247/hiep_ros2/install/mec_mobile:/home/hiep0247/ros2_ws/install/sllidar_ros2:/opt/ros/jazzy/opt/gz_sim_vendor:/opt/ros/jazzy/opt/gz_sensors_vendor:/opt/ros/jazzy/opt/gz_physics_vendor:/opt/ros/jazzy/opt/sdformat_vendor:/opt/ros/jazzy/opt/gz_gui_vendor:/opt/ros/jazzy/opt/gz_transport_vendor:/opt/ros/jazzy/opt/gz_rendering_vendor:/opt/ros/jazzy/opt/gz_plugin_vendor:/opt/ros/jazzy/opt/gz_fuel_tools_vendor:/opt/ros/jazzy/opt/gz_msgs_vendor:/opt/ros/jazzy/opt/gz_common_vendor:/opt/ros/jazzy/opt/gz_math_vendor:/opt/ros/jazzy/opt/gz_utils_vendor:/opt/ros/jazzy/opt/gz_tools_vendor:/opt/ros/jazzy/opt/gz_ogre_next_vendor:/opt/ros/jazzy/opt/gz_dartsim_vendor:/opt/ros/jazzy/opt/gz_cmake_vendor:/home/hiep0247/hiep_ros2/install/hiep_robot2:/opt/ros/jazzy DEBUGINFOD_URLS=https://debuginfod.ubuntu.com /usr/bin/cmake --build /home/hiep0247/hiep_ros2/build/mec_mobile -- -j12 -l12
[1.148s] DEBUG:colcon.colcon_core.event_handler.log_command:Invoking command in '/home/hiep0247/hiep_ros2/build/mec_mobile': CMAKE_PREFIX_PATH=/home/hiep0247/hiep_ros2/install/mec_mobile_description:/home/hiep0247/hiep_ros2/install/sllidar_ros2:/home/hiep0247/hiep_ros2/install/mec_mobile_navigation:/home/hiep0247/hiep_ros2/install/mec_mobile_gazebo:/home/hiep0247/hiep_ros2/install/mec_mobile:/home/hiep0247/ros2_ws/install/sllidar_ros2:/opt/ros/jazzy/opt/gz_sim_vendor:/opt/ros/jazzy/opt/gz_sensors_vendor:/opt/ros/jazzy/opt/gz_physics_vendor:/opt/ros/jazzy/opt/sdformat_vendor:/opt/ros/jazzy/opt/gz_gui_vendor:/opt/ros/jazzy/opt/gz_transport_vendor:/opt/ros/jazzy/opt/gz_rendering_vendor:/opt/ros/jazzy/opt/gz_plugin_vendor:/opt/ros/jazzy/opt/gz_fuel_tools_vendor:/opt/ros/jazzy/opt/gz_msgs_vendor:/opt/ros/jazzy/opt/gz_common_vendor:/opt/ros/jazzy/opt/gz_math_vendor:/opt/ros/jazzy/opt/gz_utils_vendor:/opt/ros/jazzy/opt/gz_tools_vendor:/opt/ros/jazzy/opt/gz_ogre_next_vendor:/opt/ros/jazzy/opt/gz_dartsim_vendor:/opt/ros/jazzy/opt/gz_cmake_vendor:/home/hiep0247/hiep_ros2/install/hiep_robot2:/opt/ros/jazzy DEBUGINFOD_URLS=https://debuginfod.ubuntu.com /usr/bin/cmake --install /home/hiep0247/hiep_ros2/build/mec_mobile
[1.155s] Level 1:colcon.colcon_core.environment:create_environment_scripts_only(mec_mobile)
[1.155s] Level 1:colcon.colcon_core.environment:checking '/home/hiep0247/hiep_ros2/install/mec_mobile' for CMake module files
[1.155s] DEBUG:colcon.colcon_core.event_handler.log_command:Invoked command in '/home/hiep0247/hiep_ros2/build/mec_mobile' returned '0': CMAKE_PREFIX_PATH=/home/hiep0247/hiep_ros2/install/mec_mobile_description:/home/hiep0247/hiep_ros2/install/sllidar_ros2:/home/hiep0247/hiep_ros2/install/mec_mobile_navigation:/home/hiep0247/hiep_ros2/install/mec_mobile_gazebo:/home/hiep0247/hiep_ros2/install/mec_mobile:/home/hiep0247/ros2_ws/install/sllidar_ros2:/opt/ros/jazzy/opt/gz_sim_vendor:/opt/ros/jazzy/opt/gz_sensors_vendor:/opt/ros/jazzy/opt/gz_physics_vendor:/opt/ros/jazzy/opt/sdformat_vendor:/opt/ros/jazzy/opt/gz_gui_vendor:/opt/ros/jazzy/opt/gz_transport_vendor:/opt/ros/jazzy/opt/gz_rendering_vendor:/opt/ros/jazzy/opt/gz_plugin_vendor:/opt/ros/jazzy/opt/gz_fuel_tools_vendor:/opt/ros/jazzy/opt/gz_msgs_vendor:/opt/ros/jazzy/opt/gz_common_vendor:/opt/ros/jazzy/opt/gz_math_vendor:/opt/ros/jazzy/opt/gz_utils_vendor:/opt/ros/jazzy/opt/gz_tools_vendor:/opt/ros/jazzy/opt/gz_ogre_next_vendor:/opt/ros/jazzy/opt/gz_dartsim_vendor:/opt/ros/jazzy/opt/gz_cmake_vendor:/home/hiep0247/hiep_ros2/install/hiep_robot2:/opt/ros/jazzy DEBUGINFOD_URLS=https://debuginfod.ubuntu.com /usr/bin/cmake --install /home/hiep0247/hiep_ros2/build/mec_mobile
[1.156s] Level 1:colcon.colcon_core.environment:checking '/home/hiep0247/hiep_ros2/install/mec_mobile' for CMake config files
[1.156s] Level 1:colcon.colcon_core.shell:create_environment_hook('mec_mobile', 'cmake_prefix_path')
[1.156s] INFO:colcon.colcon_core.shell:Creating environment hook '/home/hiep0247/hiep_ros2/install/mec_mobile/share/mec_mobile/hook/cmake_prefix_path.ps1'
[1.156s] INFO:colcon.colcon_core.shell:Creating environment descriptor '/home/hiep0247/hiep_ros2/install/mec_mobile/share/mec_mobile/hook/cmake_prefix_path.dsv'
[1.157s] INFO:colcon.colcon_core.shell:Creating environment hook '/home/hiep0247/hiep_ros2/install/mec_mobile/share/mec_mobile/hook/cmake_prefix_path.sh'
[1.157s] Level 1:colcon.colcon_core.environment:checking '/home/hiep0247/hiep_ros2/install/mec_mobile/bin'
[1.157s] Level 1:colcon.colcon_core.environment:checking '/home/hiep0247/hiep_ros2/install/mec_mobile/lib/pkgconfig/mec_mobile.pc'
[1.157s] Level 1:colcon.colcon_core.environment:checking '/home/hiep0247/hiep_ros2/install/mec_mobile/lib/python3.12/site-packages'
[1.158s] Level 1:colcon.colcon_core.environment:checking '/home/hiep0247/hiep_ros2/install/mec_mobile/bin'
[1.158s] INFO:colcon.colcon_core.shell:Creating package script '/home/hiep0247/hiep_ros2/install/mec_mobile/share/mec_mobile/package.ps1'
[1.158s] INFO:colcon.colcon_core.shell:Creating package descriptor '/home/hiep0247/hiep_ros2/install/mec_mobile/share/mec_mobile/package.dsv'
[1.159s] INFO:colcon.colcon_core.shell:Creating package script '/home/hiep0247/hiep_ros2/install/mec_mobile/share/mec_mobile/package.sh'
[1.159s] INFO:colcon.colcon_core.shell:Creating package script '/home/hiep0247/hiep_ros2/install/mec_mobile/share/mec_mobile/package.bash'
[1.162s] INFO:colcon.colcon_core.shell:Creating package script '/home/hiep0247/hiep_ros2/install/mec_mobile/share/mec_mobile/package.zsh'
[1.163s] Level 1:colcon.colcon_core.environment:create_file_with_runtime_dependencies(/home/hiep0247/hiep_ros2/install/mec_mobile/share/colcon-core/packages/mec_mobile)
[1.163s] Level 1:colcon.colcon_core.environment:create_environment_scripts_only(mec_mobile)
[1.163s] Level 1:colcon.colcon_core.environment:checking '/home/hiep0247/hiep_ros2/install/mec_mobile' for CMake module files
[1.164s] Level 1:colcon.colcon_core.environment:checking '/home/hiep0247/hiep_ros2/install/mec_mobile' for CMake config files
[1.164s] Level 1:colcon.colcon_core.shell:create_environment_hook('mec_mobile', 'cmake_prefix_path')
[1.164s] INFO:colcon.colcon_core.shell:Creating environment hook '/home/hiep0247/hiep_ros2/install/mec_mobile/share/mec_mobile/hook/cmake_prefix_path.ps1'
[1.164s] INFO:colcon.colcon_core.shell:Creating environment descriptor '/home/hiep0247/hiep_ros2/install/mec_mobile/share/mec_mobile/hook/cmake_prefix_path.dsv'
[1.165s] INFO:colcon.colcon_core.shell:Creating environment hook '/home/hiep0247/hiep_ros2/install/mec_mobile/share/mec_mobile/hook/cmake_prefix_path.sh'
[1.165s] Level 1:colcon.colcon_core.environment:checking '/home/hiep0247/hiep_ros2/install/mec_mobile/bin'
[1.165s] Level 1:colcon.colcon_core.environment:checking '/home/hiep0247/hiep_ros2/install/mec_mobile/lib/pkgconfig/mec_mobile.pc'
[1.165s] Level 1:colcon.colcon_core.environment:checking '/home/hiep0247/hiep_ros2/install/mec_mobile/lib/python3.12/site-packages'
[1.166s] Level 1:colcon.colcon_core.environment:checking '/home/hiep0247/hiep_ros2/install/mec_mobile/bin'
[1.166s] INFO:colcon.colcon_core.shell:Creating package script '/home/hiep0247/hiep_ros2/install/mec_mobile/share/mec_mobile/package.ps1'
[1.166s] INFO:colcon.colcon_core.shell:Creating package descriptor '/home/hiep0247/hiep_ros2/install/mec_mobile/share/mec_mobile/package.dsv'
[1.166s] INFO:colcon.colcon_core.shell:Creating package script '/home/hiep0247/hiep_ros2/install/mec_mobile/share/mec_mobile/package.sh'
[1.166s] INFO:colcon.colcon_core.shell:Creating package script '/home/hiep0247/hiep_ros2/install/mec_mobile/share/mec_mobile/package.bash'
[1.167s] INFO:colcon.colcon_core.shell:Creating package script '/home/hiep0247/hiep_ros2/install/mec_mobile/share/mec_mobile/package.zsh'
[1.167s] Level 1:colcon.colcon_core.environment:create_file_with_runtime_dependencies(/home/hiep0247/hiep_ros2/install/mec_mobile/share/colcon-core/packages/mec_mobile)
[1.350s] DEBUG:colcon.colcon_core.event_handler.log_command:Invoked command in '/home/hiep0247/hiep_ros2/build/mec_mobile_navigation' returned '0': CMAKE_PREFIX_PATH=${CMAKE_PREFIX_PATH}:/home/hiep0247/hiep_ros2/install/hiep_robot2:/opt/ros/jazzy DEBUGINFOD_URLS=https://debuginfod.ubuntu.com /usr/bin/cmake --build /home/hiep0247/hiep_ros2/build/mec_mobile_navigation -- -j12 -l12
[1.350s] DEBUG:colcon.colcon_core.event_handler.log_command:Invoking command in '/home/hiep0247/hiep_ros2/build/mec_mobile_navigation': CMAKE_PREFIX_PATH=${CMAKE_PREFIX_PATH}:/home/hiep0247/hiep_ros2/install/hiep_robot2:/opt/ros/jazzy DEBUGINFOD_URLS=https://debuginfod.ubuntu.com /usr/bin/cmake --install /home/hiep0247/hiep_ros2/build/mec_mobile_navigation
[1.386s] Level 1:colcon.colcon_core.environment:create_environment_scripts_only(mec_mobile_navigation)
[1.387s] Level 1:colcon.colcon_core.environment:checking '/home/hiep0247/hiep_ros2/install/mec_mobile_navigation' for CMake module files
[1.388s] Level 1:colcon.colcon_core.environment:checking '/home/hiep0247/hiep_ros2/install/mec_mobile_navigation' for CMake config files
[1.388s] DEBUG:colcon.colcon_core.event_handler.log_command:Invoked command in '/home/hiep0247/hiep_ros2/build/mec_mobile_navigation' returned '0': CMAKE_PREFIX_PATH=${CMAKE_PREFIX_PATH}:/home/hiep0247/hiep_ros2/install/hiep_robot2:/opt/ros/jazzy DEBUGINFOD_URLS=https://debuginfod.ubuntu.com /usr/bin/cmake --install /home/hiep0247/hiep_ros2/build/mec_mobile_navigation
[1.388s] Level 1:colcon.colcon_core.shell:create_environment_hook('mec_mobile_navigation', 'cmake_prefix_path')
[1.389s] INFO:colcon.colcon_core.shell:Creating environment hook '/home/hiep0247/hiep_ros2/install/mec_mobile_navigation/share/mec_mobile_navigation/hook/cmake_prefix_path.ps1'
[1.389s] INFO:colcon.colcon_core.shell:Creating environment descriptor '/home/hiep0247/hiep_ros2/install/mec_mobile_navigation/share/mec_mobile_navigation/hook/cmake_prefix_path.dsv'
[1.389s] INFO:colcon.colcon_core.shell:Creating environment hook '/home/hiep0247/hiep_ros2/install/mec_mobile_navigation/share/mec_mobile_navigation/hook/cmake_prefix_path.sh'
[1.390s] Level 1:colcon.colcon_core.environment:checking '/home/hiep0247/hiep_ros2/install/mec_mobile_navigation/lib'
[1.390s] Level 1:colcon.colcon_core.environment:checking '/home/hiep0247/hiep_ros2/install/mec_mobile_navigation/bin'
[1.390s] Level 1:colcon.colcon_core.environment:checking '/home/hiep0247/hiep_ros2/install/mec_mobile_navigation/lib/pkgconfig/mec_mobile_navigation.pc'
[1.390s] Level 1:colcon.colcon_core.environment:checking '/home/hiep0247/hiep_ros2/install/mec_mobile_navigation/lib/python3.12/site-packages'
[1.390s] Level 1:colcon.colcon_core.shell:create_environment_hook('mec_mobile_navigation', 'pythonpath')
[1.390s] INFO:colcon.colcon_core.shell:Creating environment hook '/home/hiep0247/hiep_ros2/install/mec_mobile_navigation/share/mec_mobile_navigation/hook/pythonpath.ps1'
[1.391s] INFO:colcon.colcon_core.shell:Creating environment descriptor '/home/hiep0247/hiep_ros2/install/mec_mobile_navigation/share/mec_mobile_navigation/hook/pythonpath.dsv'
[1.391s] INFO:colcon.colcon_core.shell:Creating environment hook '/home/hiep0247/hiep_ros2/install/mec_mobile_navigation/share/mec_mobile_navigation/hook/pythonpath.sh'
[1.392s] Level 1:colcon.colcon_core.environment:checking '/home/hiep0247/hiep_ros2/install/mec_mobile_navigation/bin'
[1.392s] INFO:colcon.colcon_core.shell:Creating package script '/home/hiep0247/hiep_ros2/install/mec_mobile_navigation/share/mec_mobile_navigation/package.ps1'
[1.392s] INFO:colcon.colcon_core.shell:Creating package descriptor '/home/hiep0247/hiep_ros2/install/mec_mobile_navigation/share/mec_mobile_navigation/package.dsv'
[1.393s] INFO:colcon.colcon_core.shell:Creating package script '/home/hiep0247/hiep_ros2/install/mec_mobile_navigation/share/mec_mobile_navigation/package.sh'
[1.393s] INFO:colcon.colcon_core.shell:Creating package script '/home/hiep0247/hiep_ros2/install/mec_mobile_navigation/share/mec_mobile_navigation/package.bash'
[1.393s] INFO:colcon.colcon_core.shell:Creating package script '/home/hiep0247/hiep_ros2/install/mec_mobile_navigation/share/mec_mobile_navigation/package.zsh'
[1.393s] Level 1:colcon.colcon_core.environment:create_file_with_runtime_dependencies(/home/hiep0247/hiep_ros2/install/mec_mobile_navigation/share/colcon-core/packages/mec_mobile_navigation)
[1.393s] Level 1:colcon.colcon_core.environment:create_environment_scripts_only(mec_mobile_navigation)
[1.393s] Level 1:colcon.colcon_core.environment:checking '/home/hiep0247/hiep_ros2/install/mec_mobile_navigation' for CMake module files
[1.394s] Level 1:colcon.colcon_core.environment:checking '/home/hiep0247/hiep_ros2/install/mec_mobile_navigation' for CMake config files
[1.394s] Level 1:colcon.colcon_core.shell:create_environment_hook('mec_mobile_navigation', 'cmake_prefix_path')
[1.394s] INFO:colcon.colcon_core.shell:Creating environment hook '/home/hiep0247/hiep_ros2/install/mec_mobile_navigation/share/mec_mobile_navigation/hook/cmake_prefix_path.ps1'
[1.394s] INFO:colcon.colcon_core.shell:Creating environment descriptor '/home/hiep0247/hiep_ros2/install/mec_mobile_navigation/share/mec_mobile_navigation/hook/cmake_prefix_path.dsv'
[1.399s] INFO:colcon.colcon_core.shell:Creating environment hook '/home/hiep0247/hiep_ros2/install/mec_mobile_navigation/share/mec_mobile_navigation/hook/cmake_prefix_path.sh'
[1.399s] Level 1:colcon.colcon_core.environment:checking '/home/hiep0247/hiep_ros2/install/mec_mobile_navigation/lib'
[1.399s] Level 1:colcon.colcon_core.environment:checking '/home/hiep0247/hiep_ros2/install/mec_mobile_navigation/bin'
[1.399s] Level 1:colcon.colcon_core.environment:checking '/home/hiep0247/hiep_ros2/install/mec_mobile_navigation/lib/pkgconfig/mec_mobile_navigation.pc'
[1.399s] Level 1:colcon.colcon_core.environment:checking '/home/hiep0247/hiep_ros2/install/mec_mobile_navigation/lib/python3.12/site-packages'
[1.399s] Level 1:colcon.colcon_core.shell:create_environment_hook('mec_mobile_navigation', 'pythonpath')
[1.400s] INFO:colcon.colcon_core.shell:Creating environment hook '/home/hiep0247/hiep_ros2/install/mec_mobile_navigation/share/mec_mobile_navigation/hook/pythonpath.ps1'
[1.400s] INFO:colcon.colcon_core.shell:Creating environment descriptor '/home/hiep0247/hiep_ros2/install/mec_mobile_navigation/share/mec_mobile_navigation/hook/pythonpath.dsv'
[1.400s] INFO:colcon.colcon_core.shell:Creating environment hook '/home/hiep0247/hiep_ros2/install/mec_mobile_navigation/share/mec_mobile_navigation/hook/pythonpath.sh'
[1.401s] Level 1:colcon.colcon_core.environment:checking '/home/hiep0247/hiep_ros2/install/mec_mobile_navigation/bin'
[1.401s] INFO:colcon.colcon_core.shell:Creating package script '/home/hiep0247/hiep_ros2/install/mec_mobile_navigation/share/mec_mobile_navigation/package.ps1'
[1.401s] INFO:colcon.colcon_core.shell:Creating package descriptor '/home/hiep0247/hiep_ros2/install/mec_mobile_navigation/share/mec_mobile_navigation/package.dsv'
[1.402s] INFO:colcon.colcon_core.shell:Creating package script '/home/hiep0247/hiep_ros2/install/mec_mobile_navigation/share/mec_mobile_navigation/package.sh'
[1.402s] INFO:colcon.colcon_core.shell:Creating package script '/home/hiep0247/hiep_ros2/install/mec_mobile_navigation/share/mec_mobile_navigation/package.bash'
[1.402s] INFO:colcon.colcon_core.shell:Creating package script '/home/hiep0247/hiep_ros2/install/mec_mobile_navigation/share/mec_mobile_navigation/package.zsh'
[1.402s] Level 1:colcon.colcon_core.environment:create_file_with_runtime_dependencies(/home/hiep0247/hiep_ros2/install/mec_mobile_navigation/share/colcon-core/packages/mec_mobile_navigation)
[1.673s] DEBUG:colcon.colcon_core.event_handler.log_command:Invoked command in '/home/hiep0247/hiep_ros2/build/mec_mobile_gazebo' returned '0': CMAKE_PREFIX_PATH=${CMAKE_PREFIX_PATH}:/home/hiep0247/hiep_ros2/install/hiep_robot2:/opt/ros/jazzy DEBUGINFOD_URLS=https://debuginfod.ubuntu.com /usr/bin/cmake --build /home/hiep0247/hiep_ros2/build/mec_mobile_gazebo -- -j12 -l12
[1.674s] DEBUG:colcon.colcon_core.event_handler.log_command:Invoking command in '/home/hiep0247/hiep_ros2/build/mec_mobile_gazebo': CMAKE_PREFIX_PATH=${CMAKE_PREFIX_PATH}:/home/hiep0247/hiep_ros2/install/hiep_robot2:/opt/ros/jazzy DEBUGINFOD_URLS=https://debuginfod.ubuntu.com /usr/bin/cmake --install /home/hiep0247/hiep_ros2/build/mec_mobile_gazebo
[1.682s] Level 1:colcon.colcon_core.environment:create_environment_scripts_only(mec_mobile_gazebo)
[1.682s] DEBUG:colcon.colcon_core.event_handler.log_command:Invoked command in '/home/hiep0247/hiep_ros2/build/mec_mobile_gazebo' returned '0': CMAKE_PREFIX_PATH=${CMAKE_PREFIX_PATH}:/home/hiep0247/hiep_ros2/install/hiep_robot2:/opt/ros/jazzy DEBUGINFOD_URLS=https://debuginfod.ubuntu.com /usr/bin/cmake --install /home/hiep0247/hiep_ros2/build/mec_mobile_gazebo
[1.682s] Level 1:colcon.colcon_core.environment:checking '/home/hiep0247/hiep_ros2/install/mec_mobile_gazebo' for CMake module files
[1.682s] Level 1:colcon.colcon_core.environment:checking '/home/hiep0247/hiep_ros2/install/mec_mobile_gazebo' for CMake config files
[1.682s] Level 1:colcon.colcon_core.shell:create_environment_hook('mec_mobile_gazebo', 'cmake_prefix_path')
[1.683s] INFO:colcon.colcon_core.shell:Creating environment hook '/home/hiep0247/hiep_ros2/install/mec_mobile_gazebo/share/mec_mobile_gazebo/hook/cmake_prefix_path.ps1'
[1.683s] INFO:colcon.colcon_core.shell:Creating environment descriptor '/home/hiep0247/hiep_ros2/install/mec_mobile_gazebo/share/mec_mobile_gazebo/hook/cmake_prefix_path.dsv'
[1.683s] INFO:colcon.colcon_core.shell:Creating environment hook '/home/hiep0247/hiep_ros2/install/mec_mobile_gazebo/share/mec_mobile_gazebo/hook/cmake_prefix_path.sh'
[1.683s] Level 1:colcon.colcon_core.environment:checking '/home/hiep0247/hiep_ros2/install/mec_mobile_gazebo/bin'
[1.684s] Level 1:colcon.colcon_core.environment:checking '/home/hiep0247/hiep_ros2/install/mec_mobile_gazebo/lib/pkgconfig/mec_mobile_gazebo.pc'
[1.684s] Level 1:colcon.colcon_core.environment:checking '/home/hiep0247/hiep_ros2/install/mec_mobile_gazebo/lib/python3.12/site-packages'
[1.684s] Level 1:colcon.colcon_core.environment:checking '/home/hiep0247/hiep_ros2/install/mec_mobile_gazebo/bin'
[1.684s] INFO:colcon.colcon_core.shell:Creating package script '/home/hiep0247/hiep_ros2/install/mec_mobile_gazebo/share/mec_mobile_gazebo/package.ps1'
[1.684s] INFO:colcon.colcon_core.shell:Creating package descriptor '/home/hiep0247/hiep_ros2/install/mec_mobile_gazebo/share/mec_mobile_gazebo/package.dsv'
[1.685s] INFO:colcon.colcon_core.shell:Creating package script '/home/hiep0247/hiep_ros2/install/mec_mobile_gazebo/share/mec_mobile_gazebo/package.sh'
[1.685s] INFO:colcon.colcon_core.shell:Creating package script '/home/hiep0247/hiep_ros2/install/mec_mobile_gazebo/share/mec_mobile_gazebo/package.bash'
[1.685s] INFO:colcon.colcon_core.shell:Creating package script '/home/hiep0247/hiep_ros2/install/mec_mobile_gazebo/share/mec_mobile_gazebo/package.zsh'
[1.685s] Level 1:colcon.colcon_core.environment:create_file_with_runtime_dependencies(/home/hiep0247/hiep_ros2/install/mec_mobile_gazebo/share/colcon-core/packages/mec_mobile_gazebo)
[1.685s] Level 1:colcon.colcon_core.environment:create_environment_scripts_only(mec_mobile_gazebo)
[1.685s] Level 1:colcon.colcon_core.environment:checking '/home/hiep0247/hiep_ros2/install/mec_mobile_gazebo' for CMake module files
[1.686s] Level 1:colcon.colcon_core.environment:checking '/home/hiep0247/hiep_ros2/install/mec_mobile_gazebo' for CMake config files
[1.686s] Level 1:colcon.colcon_core.shell:create_environment_hook('mec_mobile_gazebo', 'cmake_prefix_path')
[1.686s] INFO:colcon.colcon_core.shell:Creating environment hook '/home/hiep0247/hiep_ros2/install/mec_mobile_gazebo/share/mec_mobile_gazebo/hook/cmake_prefix_path.ps1'
[1.686s] INFO:colcon.colcon_core.shell:Creating environment descriptor '/home/hiep0247/hiep_ros2/install/mec_mobile_gazebo/share/mec_mobile_gazebo/hook/cmake_prefix_path.dsv'
[1.686s] INFO:colcon.colcon_core.shell:Creating environment hook '/home/hiep0247/hiep_ros2/install/mec_mobile_gazebo/share/mec_mobile_gazebo/hook/cmake_prefix_path.sh'
[1.687s] Level 1:colcon.colcon_core.environment:checking '/home/hiep0247/hiep_ros2/install/mec_mobile_gazebo/bin'
[1.687s] Level 1:colcon.colcon_core.environment:checking '/home/hiep0247/hiep_ros2/install/mec_mobile_gazebo/lib/pkgconfig/mec_mobile_gazebo.pc'
[1.687s] Level 1:colcon.colcon_core.environment:checking '/home/hiep0247/hiep_ros2/install/mec_mobile_gazebo/lib/python3.12/site-packages'
[1.687s] Level 1:colcon.colcon_core.environment:checking '/home/hiep0247/hiep_ros2/install/mec_mobile_gazebo/bin'
[1.687s] INFO:colcon.colcon_core.shell:Creating package script '/home/hiep0247/hiep_ros2/install/mec_mobile_gazebo/share/mec_mobile_gazebo/package.ps1'
[1.688s] INFO:colcon.colcon_core.shell:Creating package descriptor '/home/hiep0247/hiep_ros2/install/mec_mobile_gazebo/share/mec_mobile_gazebo/package.dsv'
[1.688s] INFO:colcon.colcon_core.shell:Creating package script '/home/hiep0247/hiep_ros2/install/mec_mobile_gazebo/share/mec_mobile_gazebo/package.sh'
[1.688s] INFO:colcon.colcon_core.shell:Creating package script '/home/hiep0247/hiep_ros2/install/mec_mobile_gazebo/share/mec_mobile_gazebo/package.bash'
[1.689s] INFO:colcon.colcon_core.shell:Creating package script '/home/hiep0247/hiep_ros2/install/mec_mobile_gazebo/share/mec_mobile_gazebo/package.zsh'
[1.690s] Level 1:colcon.colcon_core.environment:create_file_with_runtime_dependencies(/home/hiep0247/hiep_ros2/install/mec_mobile_gazebo/share/colcon-core/packages/mec_mobile_gazebo)
[2.106s] DEBUG:colcon.colcon_core.task.python.build:Available setuptools commands: build_py, extract_messages, dist_info, install_lib, install_egg_info, alias, upload_docs, build_scripts, install, compile_catalog, bdist_dumb, install_headers, build_ext, install_scripts, bdist, clean, install_data, bdist_egg, sdist, check, test, build_clib, upload, rotate, register, init_catalog, build, easy_install, bdist_wheel, egg_info, saveopts, develop, update_catalog, editable_wheel, setopt, symlink_data, bdist_rpm
[2.108s] DEBUG:colcon.colcon_core.event_handler.log_command:Invoking command in '/home/hiep0247/hiep_ros2/src/agv_fleet': DEBUGINFOD_URLS=https://debuginfod.ubuntu.com PYTHONPATH=/home/hiep0247/hiep_ros2/build/agv_fleet/prefix_override:/usr/lib/python3/dist-packages/colcon_core/task/python/colcon_distutils_commands:/home/hiep0247/hiep_ros2/install/agv_fleet/lib/python3.12/site-packages:${PYTHONPATH} /usr/bin/python3 -W ignore:setup.py install is deprecated -W ignore:easy_install command is deprecated setup.py egg_info --egg-base ../../build/agv_fleet build --build-base /home/hiep0247/hiep_ros2/build/agv_fleet/build install --record /home/hiep0247/hiep_ros2/build/agv_fleet/install.log --install-scripts $base/lib/agv_fleet --single-version-externally-managed install_data
[2.118s] DEBUG:colcon.colcon_core.task.python.build:Available setuptools commands: build_py, extract_messages, dist_info, install_lib, install_egg_info, alias, upload_docs, build_scripts, install, compile_catalog, bdist_dumb, install_headers, build_ext, install_scripts, bdist, clean, install_data, bdist_egg, sdist, check, test, build_clib, upload, rotate, register, init_catalog, build, easy_install, bdist_wheel, egg_info, saveopts, develop, update_catalog, editable_wheel, setopt, symlink_data, bdist_rpm
[2.119s] DEBUG:colcon.colcon_core.event_handler.log_command:Invoking command in '/home/hiep0247/hiep_ros2/src/hiep_robot2': DEBUGINFOD_URLS=https://debuginfod.ubuntu.com PYTHONPATH=/home/hiep0247/hiep_ros2/build/hiep_robot2/prefix_override:/usr/lib/python3/dist-packages/colcon_core/task/python/colcon_distutils_commands:/home/hiep0247/hiep_ros2/install/hiep_robot2/lib/python3.12/site-packages:${PYTHONPATH} /usr/bin/python3 -W ignore:setup.py install is deprecated -W ignore:easy_install command is deprecated setup.py egg_info --egg-base ../../build/hiep_robot2 build --build-base /home/hiep0247/hiep_ros2/build/hiep_robot2/build install --record /home/hiep0247/hiep_ros2/build/hiep_robot2/install.log --install-scripts $base/lib/hiep_robot2 --single-version-externally-managed install_data
[2.120s] DEBUG:colcon.colcon_core.task.python.build:Available setuptools commands: build_py, extract_messages, dist_info, install_lib, install_egg_info, alias, upload_docs, build_scripts, install, compile_catalog, bdist_dumb, install_headers, build_ext, install_scripts, bdist, clean, install_data, bdist_egg, sdist, check, test, build_clib, upload, rotate, register, init_catalog, build, easy_install, bdist_wheel, egg_info, saveopts, develop, update_catalog, editable_wheel, setopt, symlink_data, bdist_rpm
[2.121s] DEBUG:colcon.colcon_core.event_handler.log_command:Invoking command in '/home/hiep0247/hiep_ros2/src/agv_hmi': DEBUGINFOD_URLS=https://debuginfod.ubuntu.com PYTHONPATH=/home/hiep0247/hiep_ros2/build/agv_hmi/prefix_override:/usr/lib/python3/dist-packages/colcon_core/task/python/colcon_distutils_commands:/home/hiep0247/hiep_ros2/install/agv_hmi/lib/python3.12/site-packages:${PYTHONPATH} /usr/bin/python3 -W ignore:setup.py install is deprecated -W ignore:easy_install command is deprecated setup.py egg_info --egg-base ../../build/agv_hmi build --build-base /home/hiep0247/hiep_ros2/build/agv_hmi/build install --record /home/hiep0247/hiep_ros2/build/agv_hmi/install.log --install-scripts $base/lib/agv_hmi --single-version-externally-managed install_data
[2.497s] Level 1:colcon.colcon_core.environment:checking '/home/hiep0247/hiep_ros2/install/hiep_robot2' for CMake module files
[2.497s] DEBUG:colcon.colcon_core.event_handler.log_command:Invoked command in '/home/hiep0247/hiep_ros2/src/hiep_robot2' returned '0': DEBUGINFOD_URLS=https://debuginfod.ubuntu.com PYTHONPATH=/home/hiep0247/hiep_ros2/build/hiep_robot2/prefix_override:/usr/lib/python3/dist-packages/colcon_core/task/python/colcon_distutils_commands:/home/hiep0247/hiep_ros2/install/hiep_robot2/lib/python3.12/site-packages:${PYTHONPATH} /usr/bin/python3 -W ignore:setup.py install is deprecated -W ignore:easy_install command is deprecated setup.py egg_info --egg-base ../../build/hiep_robot2 build --build-base /home/hiep0247/hiep_ros2/build/hiep_robot2/build install --record /home/hiep0247/hiep_ros2/build/hiep_robot2/install.log --install-scripts $base/lib/hiep_robot2 --single-version-externally-managed install_data
[2.497s] Level 1:colcon.colcon_core.environment:checking '/home/hiep0247/hiep_ros2/install/hiep_robot2' for CMake config files
[2.498s] Level 1:colcon.colcon_core.environment:checking '/home/hiep0247/hiep_ros2/install/hiep_robot2/lib'
[2.498s] Level 1:colcon.colcon_core.environment:checking '/home/hiep0247/hiep_ros2/install/hiep_robot2/bin'
[2.498s] Level 1:colcon.colcon_core.environment:checking '/home/hiep0247/hiep_ros2/install/hiep_robot2/lib/pkgconfig/hiep_robot2.pc'
[2.498s] Level 1:colcon.colcon_core.environment:checking '/home/hiep0247/hiep_ros2/install/hiep_robot2/lib/python3.12/site-packages'
[2.498s] Level 1:colcon.colcon_core.shell:create_environment_hook('hiep_robot2', 'pythonpath')
[2.498s] INFO:colcon.colcon_core.shell:Creating environment hook '/home/hiep0247/hiep_ros2/install/hiep_robot2/share/hiep_robot2/hook/pythonpath.ps1'
[2.499s] INFO:colcon.colcon_core.shell:Creating environment descriptor '/home/hiep0247/hiep_ros2/install/hiep_robot2/share/hiep_robot2/hook/pythonpath.dsv'
[2.499s] INFO:colcon.colcon_core.shell:Creating environment hook '/home/hiep0247/hiep_ros2/install/hiep_robot2/share/hiep_robot2/hook/pythonpath.sh'
[2.499s] Level 1:colcon.colcon_core.environment:checking '/home/hiep0247/hiep_ros2/install/hiep_robot2/bin'
[2.499s] Level 1:colcon.colcon_core.environment:create_environment_scripts_only(hiep_robot2)
[2.500s] INFO:colcon.colcon_core.shell:Creating package script '/home/hiep0247/hiep_ros2/install/hiep_robot2/share/hiep_robot2/package.ps1'
[2.500s] INFO:colcon.colcon_core.shell:Creating package descriptor '/home/hiep0247/hiep_ros2/install/hiep_robot2/share/hiep_robot2/package.dsv'
[2.500s] INFO:colcon.colcon_core.shell:Creating package script '/home/hiep0247/hiep_ros2/install/hiep_robot2/share/hiep_robot2/package.sh'
[2.501s] INFO:colcon.colcon_core.shell:Creating package script '/home/hiep0247/hiep_ros2/install/hiep_robot2/share/hiep_robot2/package.bash'
[2.501s] INFO:colcon.colcon_core.shell:Creating package script '/home/hiep0247/hiep_ros2/install/hiep_robot2/share/hiep_robot2/package.zsh'
[2.501s] Level 1:colcon.colcon_core.environment:create_file_with_runtime_dependencies(/home/hiep0247/hiep_ros2/install/hiep_robot2/share/colcon-core/packages/hiep_robot2)
[2.583s] Level 1:colcon.colcon_core.environment:checking '/home/hiep0247/hiep_ros2/install/agv_fleet' for CMake module files
[2.583s] DEBUG:colcon.colcon_core.event_handler.log_command:Invoked command in '/home/hiep0247/hiep_ros2/src/agv_fleet' returned '0': DEBUGINFOD_URLS=https://debuginfod.ubuntu.com PYTHONPATH=/home/hiep0247/hiep_ros2/build/agv_fleet/prefix_override:/usr/lib/python3/dist-packages/colcon_core/task/python/colcon_distutils_commands:/home/hiep0247/hiep_ros2/install/agv_fleet/lib/python3.12/site-packages:${PYTHONPATH} /usr/bin/python3 -W ignore:setup.py install is deprecated -W ignore:easy_install command is deprecated setup.py egg_info --egg-base ../../build/agv_fleet build --build-base /home/hiep0247/hiep_ros2/build/agv_fleet/build install --record /home/hiep0247/hiep_ros2/build/agv_fleet/install.log --install-scripts $base/lib/agv_fleet --single-version-externally-managed install_data
[2.583s] Level 1:colcon.colcon_core.environment:checking '/home/hiep0247/hiep_ros2/install/agv_fleet' for CMake config files
[2.584s] Level 1:colcon.colcon_core.environment:checking '/home/hiep0247/hiep_ros2/install/agv_fleet/lib'
[2.584s] Level 1:colcon.colcon_core.environment:checking '/home/hiep0247/hiep_ros2/install/agv_fleet/bin'
[2.584s] Level 1:colcon.colcon_core.environment:checking '/home/hiep0247/hiep_ros2/install/agv_fleet/lib/pkgconfig/agv_fleet.pc'
[2.584s] Level 1:colcon.colcon_core.environment:checking '/home/hiep0247/hiep_ros2/install/agv_fleet/lib/python3.12/site-packages'
[2.584s] Level 1:colcon.colcon_core.shell:create_environment_hook('agv_fleet', 'pythonpath')
[2.584s] INFO:colcon.colcon_core.shell:Creating environment hook '/home/hiep0247/hiep_ros2/install/agv_fleet/share/agv_fleet/hook/pythonpath.ps1'
[2.585s] INFO:colcon.colcon_core.shell:Creating environment descriptor '/home/hiep0247/hiep_ros2/install/agv_fleet/share/agv_fleet/hook/pythonpath.dsv'
[2.585s] INFO:colcon.colcon_core.shell:Creating environment hook '/home/hiep0247/hiep_ros2/install/agv_fleet/share/agv_fleet/hook/pythonpath.sh'
[2.586s] Level 1:colcon.colcon_core.environment:checking '/home/hiep0247/hiep_ros2/install/agv_fleet/bin'
[2.586s] Level 1:colcon.colcon_core.environment:create_environment_scripts_only(agv_fleet)
[2.586s] INFO:colcon.colcon_core.shell:Creating package script '/home/hiep0247/hiep_ros2/install/agv_fleet/share/agv_fleet/package.ps1'
[2.586s] INFO:colcon.colcon_core.shell:Creating package descriptor '/home/hiep0247/hiep_ros2/install/agv_fleet/share/agv_fleet/package.dsv'
[2.587s] INFO:colcon.colcon_core.shell:Creating package script '/home/hiep0247/hiep_ros2/install/agv_fleet/share/agv_fleet/package.sh'
[2.587s] INFO:colcon.colcon_core.shell:Creating package script '/home/hiep0247/hiep_ros2/install/agv_fleet/share/agv_fleet/package.bash'
[2.587s] INFO:colcon.colcon_core.shell:Creating package script '/home/hiep0247/hiep_ros2/install/agv_fleet/share/agv_fleet/package.zsh'
[2.588s] Level 1:colcon.colcon_core.environment:create_file_with_runtime_dependencies(/home/hiep0247/hiep_ros2/install/agv_fleet/share/colcon-core/packages/agv_fleet)
[2.677s] DEBUG:colcon.colcon_core.event_handler.log_command:Invoked command in '/home/hiep0247/hiep_ros2/build/sllidar_ros2' returned '0': CMAKE_PREFIX_PATH=${CMAKE_PREFIX_PATH}:/home/hiep0247/hiep_ros2/install/hiep_robot2:/opt/ros/jazzy DEBUGINFOD_URLS=https://debuginfod.ubuntu.com /usr/bin/cmake /home/hiep0247/hiep_ros2/src/sllidar_ros2 -DCMAKE_INSTALL_PREFIX=/home/hiep0247/hiep_ros2/install/sllidar_ros2
[2.678s] DEBUG:colcon.colcon_core.event_handler.log_command:Invoking command in '/home/hiep0247/hiep_ros2/build/sllidar_ros2': CMAKE_PREFIX_PATH=${CMAKE_PREFIX_PATH}:/home/hiep0247/hiep_ros2/install/hiep_robot2:/opt/ros/jazzy DEBUGINFOD_URLS=https://debuginfod.ubuntu.com /usr/bin/cmake --build /home/hiep0247/hiep_ros2/build/sllidar_ros2 -- -j12 -l12
[2.737s] Level 1:colcon.colcon_core.environment:checking '/home/hiep0247/hiep_ros2/install/agv_hmi' for CMake module files
[2.738s] DEBUG:colcon.colcon_core.event_handler.log_command:Invoked command in '/home/hiep0247/hiep_ros2/src/agv_hmi' returned '0': DEBUGINFOD_URLS=https://debuginfod.ubuntu.com PYTHONPATH=/home/hiep0247/hiep_ros2/build/agv_hmi/prefix_override:/usr/lib/python3/dist-packages/colcon_core/task/python/colcon_distutils_commands:/home/hiep0247/hiep_ros2/install/agv_hmi/lib/python3.12/site-packages:${PYTHONPATH} /usr/bin/python3 -W ignore:setup.py install is deprecated -W ignore:easy_install command is deprecated setup.py egg_info --egg-base ../../build/agv_hmi build --build-base /home/hiep0247/hiep_ros2/build/agv_hmi/build install --record /home/hiep0247/hiep_ros2/build/agv_hmi/install.log --install-scripts $base/lib/agv_hmi --single-version-externally-managed install_data
[2.738s] Level 1:colcon.colcon_core.environment:checking '/home/hiep0247/hiep_ros2/install/agv_hmi' for CMake config files
[2.738s] Level 1:colcon.colcon_core.environment:checking '/home/hiep0247/hiep_ros2/install/agv_hmi/lib'
[2.738s] Level 1:colcon.colcon_core.environment:checking '/home/hiep0247/hiep_ros2/install/agv_hmi/bin'
[2.739s] Level 1:colcon.colcon_core.environment:checking '/home/hiep0247/hiep_ros2/install/agv_hmi/lib/pkgconfig/agv_hmi.pc'
[2.739s] Level 1:colcon.colcon_core.environment:checking '/home/hiep0247/hiep_ros2/install/agv_hmi/lib/python3.12/site-packages'
[2.739s] Level 1:colcon.colcon_core.shell:create_environment_hook('agv_hmi', 'pythonpath')
[2.739s] INFO:colcon.colcon_core.shell:Creating environment hook '/home/hiep0247/hiep_ros2/install/agv_hmi/share/agv_hmi/hook/pythonpath.ps1'
[2.739s] INFO:colcon.colcon_core.shell:Creating environment descriptor '/home/hiep0247/hiep_ros2/install/agv_hmi/share/agv_hmi/hook/pythonpath.dsv'
[2.739s] INFO:colcon.colcon_core.shell:Creating environment hook '/home/hiep0247/hiep_ros2/install/agv_hmi/share/agv_hmi/hook/pythonpath.sh'
[2.740s] Level 1:colcon.colcon_core.environment:checking '/home/hiep0247/hiep_ros2/install/agv_hmi/bin'
[2.740s] Level 1:colcon.colcon_core.environment:create_environment_scripts_only(agv_hmi)
[2.740s] INFO:colcon.colcon_core.shell:Creating package script '/home/hiep0247/hiep_ros2/install/agv_hmi/share/agv_hmi/package.ps1'
[2.740s] INFO:colcon.colcon_core.shell:Creating package descriptor '/home/hiep0247/hiep_ros2/install/agv_hmi/share/agv_hmi/package.dsv'
[2.741s] INFO:colcon.colcon_core.shell:Creating package script '/home/hiep0247/hiep_ros2/install/agv_hmi/share/agv_hmi/package.sh'
[2.741s] INFO:colcon.colcon_core.shell:Creating package script '/home/hiep0247/hiep_ros2/install/agv_hmi/share/agv_hmi/package.bash'
[2.741s] INFO:colcon.colcon_core.shell:Creating package script '/home/hiep0247/hiep_ros2/install/agv_hmi/share/agv_hmi/package.zsh'
[2.741s] Level 1:colcon.colcon_core.environment:create_file_with_runtime_dependencies(/home/hiep0247/hiep_ros2/install/agv_hmi/share/colcon-core/packages/agv_hmi)
[7.888s] DEBUG:colcon.colcon_core.event_handler.log_command:Invoked command in '/home/hiep0247/hiep_ros2/build/sllidar_ros2' returned '0': CMAKE_PREFIX_PATH=${CMAKE_PREFIX_PATH}:/home/hiep0247/hiep_ros2/install/hiep_robot2:/opt/ros/jazzy DEBUGINFOD_URLS=https://debuginfod.ubuntu.com /usr/bin/cmake --build /home/hiep0247/hiep_ros2/build/sllidar_ros2 -- -j12 -l12
[7.889s] DEBUG:colcon.colcon_core.event_handler.log_command:Invoking command in '/home/hiep0247/hiep_ros2/build/sllidar_ros2': CMAKE_PREFIX_PATH=${CMAKE_PREFIX_PATH}:/home/hiep0247/hiep_ros2/install/hiep_robot2:/opt/ros/jazzy DEBUGINFOD_URLS=https://debuginfod.ubuntu.com /usr/bin/cmake --install /home/hiep0247/hiep_ros2/build/sllidar_ros2
[7.901s] Level 1:colcon.colcon_core.environment:create_environment_scripts_only(sllidar_ros2)
[7.901s] DEBUG:colcon.colcon_core.event_handler.log_command:Invoked command in '/home/hiep0247/hiep_ros2/build/sllidar_ros2' returned '0': CMAKE_PREFIX_PATH=${CMAKE_PREFIX_PATH}:/home/hiep0247/hiep_ros2/install/hiep_robot2:/opt/ros/jazzy DEBUGINFOD_URLS=https://debuginfod.ubuntu.com /usr/bin/cmake --install /home/hiep0247/hiep_ros2/build/sllidar_ros2
[7.901s] Level 1:colcon.colcon_core.environment:checking '/home/hiep0247/hiep_ros2/install/sllidar_ros2' for CMake module files
[7.901s] Level 1:colcon.colcon_core.environment:checking '/home/hiep0247/hiep_ros2/install/sllidar_ros2' for CMake config files
[7.902s] Level 1:colcon.colcon_core.shell:create_environment_hook('sllidar_ros2', 'cmake_prefix_path')
[7.902s] INFO:colcon.colcon_core.shell:Creating environment hook '/home/hiep0247/hiep_ros2/install/sllidar_ros2/share/sllidar_ros2/hook/cmake_prefix_path.ps1'
[7.902s] INFO:colcon.colcon_core.shell:Creating environment descriptor '/home/hiep0247/hiep_ros2/install/sllidar_ros2/share/sllidar_ros2/hook/cmake_prefix_path.dsv'
[7.902s] INFO:colcon.colcon_core.shell:Creating environment hook '/home/hiep0247/hiep_ros2/install/sllidar_ros2/share/sllidar_ros2/hook/cmake_prefix_path.sh'
[7.903s] Level 1:colcon.colcon_core.environment:checking '/home/hiep0247/hiep_ros2/install/sllidar_ros2/lib'
[7.903s] Level 1:colcon.colcon_core.environment:checking '/home/hiep0247/hiep_ros2/install/sllidar_ros2/bin'
[7.903s] Level 1:colcon.colcon_core.environment:checking '/home/hiep0247/hiep_ros2/install/sllidar_ros2/lib/pkgconfig/sllidar_ros2.pc'
[7.903s] Level 1:colcon.colcon_core.environment:checking '/home/hiep0247/hiep_ros2/install/sllidar_ros2/lib/python3.12/site-packages'
[7.904s] Level 1:colcon.colcon_core.environment:checking '/home/hiep0247/hiep_ros2/install/sllidar_ros2/bin'
[7.904s] INFO:colcon.colcon_core.shell:Creating package script '/home/hiep0247/hiep_ros2/install/sllidar_ros2/share/sllidar_ros2/package.ps1'
[7.904s] INFO:colcon.colcon_core.shell:Creating package descriptor '/home/hiep0247/hiep_ros2/install/sllidar_ros2/share/sllidar_ros2/package.dsv'
[7.905s] INFO:colcon.colcon_core.shell:Creating package script '/home/hiep0247/hiep_ros2/install/sllidar_ros2/share/sllidar_ros2/package.sh'
[7.905s] INFO:colcon.colcon_core.shell:Creating package script '/home/hiep0247/hiep_ros2/install/sllidar_ros2/share/sllidar_ros2/package.bash'
[7.905s] INFO:colcon.colcon_core.shell:Creating package script '/home/hiep0247/hiep_ros2/install/sllidar_ros2/share/sllidar_ros2/package.zsh'
[7.906s] Level 1:colcon.colcon_core.environment:create_file_with_runtime_dependencies(/home/hiep0247/hiep_ros2/install/sllidar_ros2/share/colcon-core/packages/sllidar_ros2)
[7.906s] Level 1:colcon.colcon_core.environment:create_environment_scripts_only(sllidar_ros2)
[7.906s] Level 1:colcon.colcon_core.environment:checking '/home/hiep0247/hiep_ros2/install/sllidar_ros2' for CMake module files
[7.907s] Level 1:colcon.colcon_core.environment:checking '/home/hiep0247/hiep_ros2/install/sllidar_ros2' for CMake config files
[7.907s] Level 1:colcon.colcon_core.shell:create_environment_hook('sllidar_ros2', 'cmake_prefix_path')
[7.907s] INFO:colcon.colcon_core.shell:Creating environment hook '/home/hiep0247/hiep_ros2/install/sllidar_ros2/share/sllidar_ros2/hook/cmake_prefix_path.ps1'
[7.908s] INFO:colcon.colcon_core.shell:Creating environment descriptor '/home/hiep0247/hiep_ros2/install/sllidar_ros2/share/sllidar_ros2/hook/cmake_prefix_path.dsv'
[7.908s] INFO:colcon.colcon_core.shell:Creating environment hook '/home/hiep0247/hiep_ros2/install/sllidar_ros2/share/sllidar_ros2/hook/cmake_prefix_path.sh'
[7.908s] Level 1:colcon.colcon_core.environment:checking '/home/hiep0247/hiep_ros2/install/sllidar_ros2/lib'
[7.908s] Level 1:colcon.colcon_core.environment:checking '/home/hiep0247/hiep_ros2/install/sllidar_ros2/bin'
[7.909s] Level 1:colcon.colcon_core.environment:checking '/home/hiep0247/hiep_ros2/install/sllidar_ros2/lib/pkgconfig/sllidar_ros2.pc'
[7.909s] Level 1:colcon.colcon_core.environment:checking '/home/hiep0247/hiep_ros2/install/sllidar_ros2/lib/python3.12/site-packages'
[7.909s] Level 1:colcon.colcon_core.environment:checking '/home/hiep0247/hiep_ros2/install/sllidar_ros2/bin'
[7.909s] INFO:colcon.colcon_core.shell:Creating package script '/home/hiep0247/hiep_ros2/install/sllidar_ros2/share/sllidar_ros2/package.ps1'
[7.910s] INFO:colcon.colcon_core.shell:Creating package descriptor '/home/hiep0247/hiep_ros2/install/sllidar_ros2/share/sllidar_ros2/package.dsv'
[7.910s] INFO:colcon.colcon_core.shell:Creating package script '/home/hiep0247/hiep_ros2/install/sllidar_ros2/share/sllidar_ros2/package.sh'
[7.910s] INFO:colcon.colcon_core.shell:Creating package script '/home/hiep0247/hiep_ros2/install/sllidar_ros2/share/sllidar_ros2/package.bash'
[7.911s] INFO:colcon.colcon_core.shell:Creating package script '/home/hiep0247/hiep_ros2/install/sllidar_ros2/share/sllidar_ros2/package.zsh'
[7.911s] Level 1:colcon.colcon_core.environment:create_file_with_runtime_dependencies(/home/hiep0247/hiep_ros2/install/sllidar_ros2/share/colcon-core/packages/sllidar_ros2)
[7.911s] DEBUG:colcon.colcon_parallel_executor.executor.parallel:closing loop
[7.911s] DEBUG:colcon.colcon_parallel_executor.executor.parallel:loop closed
[7.911s] DEBUG:colcon.colcon_parallel_executor.executor.parallel:run_until_complete finished with '0'
[7.912s] DEBUG:colcon.colcon_core.event_reactor:joining thread
[7.960s] INFO:colcon.colcon_core.plugin_system:Skipping extension 'colcon_notification.desktop_notification.terminal_notifier': Not used on non-Darwin systems
[7.961s] INFO:colcon.colcon_core.plugin_system:Skipping extension 'colcon_notification.desktop_notification.win32': Not used on non-Windows systems
[7.961s] INFO:colcon.colcon_notification.desktop_notification:Sending desktop notification using 'notify2'
[7.977s] DEBUG:colcon.colcon_core.event_reactor:joined thread
[7.978s] INFO:colcon.colcon_core.shell:Creating prefix script '/home/hiep0247/hiep_ros2/install/local_setup.ps1'
[7.978s] INFO:colcon.colcon_core.shell:Creating prefix util module '/home/hiep0247/hiep_ros2/install/_local_setup_util_ps1.py'
[7.979s] INFO:colcon.colcon_core.shell:Creating prefix chain script '/home/hiep0247/hiep_ros2/install/setup.ps1'
[7.980s] INFO:colcon.colcon_core.shell:Creating prefix script '/home/hiep0247/hiep_ros2/install/local_setup.sh'
[7.980s] INFO:colcon.colcon_core.shell:Creating prefix util module '/home/hiep0247/hiep_ros2/install/_local_setup_util_sh.py'
[7.980s] INFO:colcon.colcon_core.shell:Creating prefix chain script '/home/hiep0247/hiep_ros2/install/setup.sh'
[7.981s] INFO:colcon.colcon_core.shell:Creating prefix script '/home/hiep0247/hiep_ros2/install/local_setup.bash'
[7.982s] INFO:colcon.colcon_core.shell:Creating prefix chain script '/home/hiep0247/hiep_ros2/install/setup.bash'
[7.983s] INFO:colcon.colcon_core.shell:Creating prefix script '/home/hiep0247/hiep_ros2/install/local_setup.zsh'
[7.983s] INFO:colcon.colcon_core.shell:Creating prefix chain script '/home/hiep0247/hiep_ros2/install/setup.zsh'
