[0.062s] DEBUG:colcon:Command line arguments: ['/usr/bin/colcon', 'build']
[0.062s] DEBUG:colcon:Parsed command line arguments: Namespace(log_base=None, log_level=None, verb_name='build', build_base='build', install_base='install', merge_install=False, symlink_install=False, test_result_base=None, continue_on_error=False, executor='parallel', parallel_workers=12, event_handlers=None, ignore_user_meta=False, metas=['./colcon.meta'], base_paths=['.'], packages_ignore=None, packages_ignore_regex=None, paths=None, packages_up_to=None, packages_up_to_regex=None, packages_above=None, packages_above_and_dependencies=None, packages_above_depth=None, packages_select_by_dep=None, packages_skip_by_dep=None, packages_skip_up_to=None, packages_select_build_failed=False, packages_skip_build_finished=False, packages_select_test_failures=False, packages_skip_test_passed=False, packages_select=None, packages_skip=None, packages_select_regex=None, packages_skip_regex=None, packages_start=None, packages_end=None, allow_overriding=[], cmake_args=None, cmake_target=None, cmake_target_skip_unavailable=False, cmake_clean_cache=False, cmake_clean_first=False, cmake_force_configure=False, ament_cmake_args=None, catkin_cmake_args=None, catkin_skip_building_tests=False, mixin_files=None, mixin=None, verb_parser=<colcon_mixin.mixin.mixin_argument.MixinArgumentDecorator object at 0x77454b4a17f0>, verb_extension=<colcon_core.verb.build.BuildVerb object at 0x77454b5c9b50>, main=<bound method BuildVerb.main of <colcon_core.verb.build.BuildVerb object at 0x77454b5c9b50>>, mixin_verb=('build',))
[0.083s] Level 1:colcon.colcon_core.package_discovery:discover_packages(colcon_meta) check parameters
[0.084s] Level 1:colcon.colcon_core.package_discovery:discover_packages(recursive) check parameters
[0.084s] Level 1:colcon.colcon_core.package_discovery:discover_packages(ignore) check parameters
[0.084s] Level 1:colcon.colcon_core.package_discovery:discover_packages(path) check parameters
[0.084s] Level 1:colcon.colcon_core.package_discovery:discover_packages(colcon_meta) discover
[0.084s] Level 1:colcon.colcon_core.package_discovery:discover_packages(recursive) discover
[0.084s] INFO:colcon.colcon_core.package_discovery:Crawling recursively for packages in '/home/hiep0247/hiep_ros2'
[0.084s] Level 1:colcon.colcon_core.package_identification:_identify(.) by extensions ['ignore', 'ignore_ament_install']
[0.084s] Level 1:colcon.colcon_core.package_identification:_identify(.) by extension 'ignore'
[0.084s] Level 1:colcon.colcon_core.package_identification:_identify(.) by extension 'ignore_ament_install'
[0.084s] Level 1:colcon.colcon_core.package_identification:_identify(.) by extensions ['colcon_pkg']
[0.084s] Level 1:colcon.colcon_core.package_identification:_identify(.) by extension 'colcon_pkg'
[0.084s] Level 1:colcon.colcon_core.package_identification:_identify(.) by extensions ['colcon_meta']
[0.084s] Level 1:colcon.colcon_core.package_identification:_identify(.) by extension 'colcon_meta'
[0.084s] Level 1:colcon.colcon_core.package_identification:_identify(.) by extensions ['ros']
[0.084s] Level 1:colcon.colcon_core.package_identification:_identify(.) by extension 'ros'
[0.099s] Level 1:colcon.colcon_core.package_identification:_identify(.) by extensions ['cmake', 'python']
[0.099s] Level 1:colcon.colcon_core.package_identification:_identify(.) by extension 'cmake'
[0.099s] Level 1:colcon.colcon_core.package_identification:_identify(.) by extension 'python'
[0.099s] Level 1:colcon.colcon_core.package_identification:_identify(.) by extensions ['python_setup_py']
[0.099s] Level 1:colcon.colcon_core.package_identification:_identify(.) by extension 'python_setup_py'
[0.099s] Level 1:colcon.colcon_core.package_identification:_identify(build) by extensions ['ignore', 'ignore_ament_install']
[0.100s] Level 1:colcon.colcon_core.package_identification:_identify(build) by extension 'ignore'
[0.100s] Level 1:colcon.colcon_core.package_identification:_identify(build) ignored
[0.100s] Level 1:colcon.colcon_core.package_identification:_identify(build_backup) by extensions ['ignore', 'ignore_ament_install']
[0.100s] Level 1:colcon.colcon_core.package_identification:_identify(build_backup) by extension 'ignore'
[0.100s] Level 1:colcon.colcon_core.package_identification:_identify(build_backup) ignored
[0.100s] Level 1:colcon.colcon_core.package_identification:_identify(install) by extensions ['ignore', 'ignore_ament_install']
[0.100s] Level 1:colcon.colcon_core.package_identification:_identify(install) by extension 'ignore'
[0.100s] Level 1:colcon.colcon_core.package_identification:_identify(install) ignored
[0.100s] Level 1:colcon.colcon_core.package_identification:_identify(log) by extensions ['ignore', 'ignore_ament_install']
[0.100s] Level 1:colcon.colcon_core.package_identification:_identify(log) by extension 'ignore'
[0.100s] Level 1:colcon.colcon_core.package_identification:_identify(log) ignored
[0.100s] Level 1:colcon.colcon_core.package_identification:_identify(src) by extensions ['ignore', 'ignore_ament_install']
[0.100s] Level 1:colcon.colcon_core.package_identification:_identify(src) by extension 'ignore'
[0.100s] Level 1:colcon.colcon_core.package_identification:_identify(src) by extension 'ignore_ament_install'
[0.100s] Level 1:colcon.colcon_core.package_identification:_identify(src) by extensions ['colcon_pkg']
[0.100s] Level 1:colcon.colcon_core.package_identification:_identify(src) by extension 'colcon_pkg'
[0.100s] Level 1:colcon.colcon_core.package_identification:_identify(src) by extensions ['colcon_meta']
[0.100s] Level 1:colcon.colcon_core.package_identification:_identify(src) by extension 'colcon_meta'
[0.100s] Level 1:colcon.colcon_core.package_identification:_identify(src) by extensions ['ros']
[0.100s] Level 1:colcon.colcon_core.package_identification:_identify(src) by extension 'ros'
[0.100s] Level 1:colcon.colcon_core.package_identification:_identify(src) by extensions ['cmake', 'python']
[0.100s] Level 1:colcon.colcon_core.package_identification:_identify(src) by extension 'cmake'
[0.100s] Level 1:colcon.colcon_core.package_identification:_identify(src) by extension 'python'
[0.100s] Level 1:colcon.colcon_core.package_identification:_identify(src) by extensions ['python_setup_py']
[0.100s] Level 1:colcon.colcon_core.package_identification:_identify(src) by extension 'python_setup_py'
[0.100s] Level 1:colcon.colcon_core.package_identification:_identify(src/agv_fleet) by extensions ['ignore', 'ignore_ament_install']
[0.100s] Level 1:colcon.colcon_core.package_identification:_identify(src/agv_fleet) by extension 'ignore'
[0.100s] Level 1:colcon.colcon_core.package_identification:_identify(src/agv_fleet) by extension 'ignore_ament_install'
[0.100s] Level 1:colcon.colcon_core.package_identification:_identify(src/agv_fleet) by extensions ['colcon_pkg']
[0.100s] Level 1:colcon.colcon_core.package_identification:_identify(src/agv_fleet) by extension 'colcon_pkg'
[0.100s] Level 1:colcon.colcon_core.package_identification:_identify(src/agv_fleet) by extensions ['colcon_meta']
[0.101s] Level 1:colcon.colcon_core.package_identification:_identify(src/agv_fleet) by extension 'colcon_meta'
[0.101s] Level 1:colcon.colcon_core.package_identification:_identify(src/agv_fleet) by extensions ['ros']
[0.101s] Level 1:colcon.colcon_core.package_identification:_identify(src/agv_fleet) by extension 'ros'
[0.102s] DEBUG:colcon.colcon_core.package_identification:Package 'src/agv_fleet' with type 'ros.ament_python' and name 'agv_fleet'
[0.102s] Level 1:colcon.colcon_core.package_identification:_identify(src/agv_hmi) by extensions ['ignore', 'ignore_ament_install']
[0.102s] Level 1:colcon.colcon_core.package_identification:_identify(src/agv_hmi) by extension 'ignore'
[0.102s] Level 1:colcon.colcon_core.package_identification:_identify(src/agv_hmi) by extension 'ignore_ament_install'
[0.102s] Level 1:colcon.colcon_core.package_identification:_identify(src/agv_hmi) by extensions ['colcon_pkg']
[0.102s] Level 1:colcon.colcon_core.package_identification:_identify(src/agv_hmi) by extension 'colcon_pkg'
[0.102s] Level 1:colcon.colcon_core.package_identification:_identify(src/agv_hmi) by extensions ['colcon_meta']
[0.102s] Level 1:colcon.colcon_core.package_identification:_identify(src/agv_hmi) by extension 'colcon_meta'
[0.102s] Level 1:colcon.colcon_core.package_identification:_identify(src/agv_hmi) by extensions ['ros']
[0.102s] Level 1:colcon.colcon_core.package_identification:_identify(src/agv_hmi) by extension 'ros'
[0.103s] DEBUG:colcon.colcon_core.package_identification:Package 'src/agv_hmi' with type 'ros.ament_python' and name 'agv_hmi'
[0.103s] Level 1:colcon.colcon_core.package_identification:_identify(src/hiep_robot2) by extensions ['ignore', 'ignore_ament_install']
[0.103s] Level 1:colcon.colcon_core.package_identification:_identify(src/hiep_robot2) by extension 'ignore'
[0.103s] Level 1:colcon.colcon_core.package_identification:_identify(src/hiep_robot2) by extension 'ignore_ament_install'
[0.103s] Level 1:colcon.colcon_core.package_identification:_identify(src/hiep_robot2) by extensions ['colcon_pkg']
[0.103s] Level 1:colcon.colcon_core.package_identification:_identify(src/hiep_robot2) by extension 'colcon_pkg'
[0.103s] Level 1:colcon.colcon_core.package_identification:_identify(src/hiep_robot2) by extensions ['colcon_meta']
[0.103s] Level 1:colcon.colcon_core.package_identification:_identify(src/hiep_robot2) by extension 'colcon_meta'
[0.103s] Level 1:colcon.colcon_core.package_identification:_identify(src/hiep_robot2) by extensions ['ros']
[0.103s] Level 1:colcon.colcon_core.package_identification:_identify(src/hiep_robot2) by extension 'ros'
[0.103s] DEBUG:colcon.colcon_core.package_identification:Package 'src/hiep_robot2' with type 'ros.ament_python' and name 'hiep_robot2'
[0.103s] Level 1:colcon.colcon_core.package_identification:_identify(src/mec_mobile) by extensions ['ignore', 'ignore_ament_install']
[0.103s] Level 1:colcon.colcon_core.package_identification:_identify(src/mec_mobile) by extension 'ignore'
[0.103s] Level 1:colcon.colcon_core.package_identification:_identify(src/mec_mobile) by extension 'ignore_ament_install'
[0.103s] Level 1:colcon.colcon_core.package_identification:_identify(src/mec_mobile) by extensions ['colcon_pkg']
[0.103s] Level 1:colcon.colcon_core.package_identification:_identify(src/mec_mobile) by extension 'colcon_pkg'
[0.103s] Level 1:colcon.colcon_core.package_identification:_identify(src/mec_mobile) by extensions ['colcon_meta']
[0.103s] Level 1:colcon.colcon_core.package_identification:_identify(src/mec_mobile) by extension 'colcon_meta'
[0.103s] Level 1:colcon.colcon_core.package_identification:_identify(src/mec_mobile) by extensions ['ros']
[0.103s] Level 1:colcon.colcon_core.package_identification:_identify(src/mec_mobile) by extension 'ros'
[0.104s] DEBUG:colcon.colcon_core.package_identification:Package 'src/mec_mobile' with type 'ros.ament_cmake' and name 'mec_mobile'
[0.104s] Level 1:colcon.colcon_core.package_identification:_identify(src/mec_mobile_description) by extensions ['ignore', 'ignore_ament_install']
[0.104s] Level 1:colcon.colcon_core.package_identification:_identify(src/mec_mobile_description) by extension 'ignore'
[0.104s] Level 1:colcon.colcon_core.package_identification:_identify(src/mec_mobile_description) by extension 'ignore_ament_install'
[0.104s] Level 1:colcon.colcon_core.package_identification:_identify(src/mec_mobile_description) by extensions ['colcon_pkg']
[0.104s] Level 1:colcon.colcon_core.package_identification:_identify(src/mec_mobile_description) by extension 'colcon_pkg'
[0.104s] Level 1:colcon.colcon_core.package_identification:_identify(src/mec_mobile_description) by extensions ['colcon_meta']
[0.104s] Level 1:colcon.colcon_core.package_identification:_identify(src/mec_mobile_description) by extension 'colcon_meta'
[0.104s] Level 1:colcon.colcon_core.package_identification:_identify(src/mec_mobile_description) by extensions ['ros']
[0.104s] Level 1:colcon.colcon_core.package_identification:_identify(src/mec_mobile_description) by extension 'ros'
[0.104s] DEBUG:colcon.colcon_core.package_identification:Package 'src/mec_mobile_description' with type 'ros.ament_cmake' and name 'mec_mobile_description'
[0.104s] Level 1:colcon.colcon_core.package_identification:_identify(src/mec_mobile_description1) by extensions ['ignore', 'ignore_ament_install']
[0.104s] Level 1:colcon.colcon_core.package_identification:_identify(src/mec_mobile_description1) by extension 'ignore'
[0.104s] Level 1:colcon.colcon_core.package_identification:_identify(src/mec_mobile_description1) by extension 'ignore_ament_install'
[0.104s] Level 1:colcon.colcon_core.package_identification:_identify(src/mec_mobile_description1) by extensions ['colcon_pkg']
[0.104s] Level 1:colcon.colcon_core.package_identification:_identify(src/mec_mobile_description1) by extension 'colcon_pkg'
[0.104s] Level 1:colcon.colcon_core.package_identification:_identify(src/mec_mobile_description1) by extensions ['colcon_meta']
[0.104s] Level 1:colcon.colcon_core.package_identification:_identify(src/mec_mobile_description1) by extension 'colcon_meta'
[0.104s] Level 1:colcon.colcon_core.package_identification:_identify(src/mec_mobile_description1) by extensions ['ros']
[0.104s] Level 1:colcon.colcon_core.package_identification:_identify(src/mec_mobile_description1) by extension 'ros'
[0.105s] DEBUG:colcon.colcon_core.package_identification:Package 'src/mec_mobile_description1' with type 'ros.ament_cmake' and name 'mec_mobile_description1'
[0.105s] Level 1:colcon.colcon_core.package_identification:_identify(src/mec_mobile_gazebo) by extensions ['ignore', 'ignore_ament_install']
[0.105s] Level 1:colcon.colcon_core.package_identification:_identify(src/mec_mobile_gazebo) by extension 'ignore'
[0.105s] Level 1:colcon.colcon_core.package_identification:_identify(src/mec_mobile_gazebo) by extension 'ignore_ament_install'
[0.105s] Level 1:colcon.colcon_core.package_identification:_identify(src/mec_mobile_gazebo) by extensions ['colcon_pkg']
[0.105s] Level 1:colcon.colcon_core.package_identification:_identify(src/mec_mobile_gazebo) by extension 'colcon_pkg'
[0.105s] Level 1:colcon.colcon_core.package_identification:_identify(src/mec_mobile_gazebo) by extensions ['colcon_meta']
[0.105s] Level 1:colcon.colcon_core.package_identification:_identify(src/mec_mobile_gazebo) by extension 'colcon_meta'
[0.105s] Level 1:colcon.colcon_core.package_identification:_identify(src/mec_mobile_gazebo) by extensions ['ros']
[0.105s] Level 1:colcon.colcon_core.package_identification:_identify(src/mec_mobile_gazebo) by extension 'ros'
[0.105s] DEBUG:colcon.colcon_core.package_identification:Package 'src/mec_mobile_gazebo' with type 'ros.ament_cmake' and name 'mec_mobile_gazebo'
[0.105s] Level 1:colcon.colcon_core.package_identification:_identify(src/mec_mobile_navigation) by extensions ['ignore', 'ignore_ament_install']
[0.105s] Level 1:colcon.colcon_core.package_identification:_identify(src/mec_mobile_navigation) by extension 'ignore'
[0.105s] Level 1:colcon.colcon_core.package_identification:_identify(src/mec_mobile_navigation) by extension 'ignore_ament_install'
[0.105s] Level 1:colcon.colcon_core.package_identification:_identify(src/mec_mobile_navigation) by extensions ['colcon_pkg']
[0.105s] Level 1:colcon.colcon_core.package_identification:_identify(src/mec_mobile_navigation) by extension 'colcon_pkg'
[0.105s] Level 1:colcon.colcon_core.package_identification:_identify(src/mec_mobile_navigation) by extensions ['colcon_meta']
[0.105s] Level 1:colcon.colcon_core.package_identification:_identify(src/mec_mobile_navigation) by extension 'colcon_meta'
[0.105s] Level 1:colcon.colcon_core.package_identification:_identify(src/mec_mobile_navigation) by extensions ['ros']
[0.105s] Level 1:colcon.colcon_core.package_identification:_identify(src/mec_mobile_navigation) by extension 'ros'
[0.106s] DEBUG:colcon.colcon_core.package_identification:Package 'src/mec_mobile_navigation' with type 'ros.ament_cmake' and name 'mec_mobile_navigation'
[0.106s] Level 1:colcon.colcon_core.package_identification:_identify(src/sllidar_ros2) by extensions ['ignore', 'ignore_ament_install']
[0.106s] Level 1:colcon.colcon_core.package_identification:_identify(src/sllidar_ros2) by extension 'ignore'
[0.106s] Level 1:colcon.colcon_core.package_identification:_identify(src/sllidar_ros2) by extension 'ignore_ament_install'
[0.106s] Level 1:colcon.colcon_core.package_identification:_identify(src/sllidar_ros2) by extensions ['colcon_pkg']
[0.106s] Level 1:colcon.colcon_core.package_identification:_identify(src/sllidar_ros2) by extension 'colcon_pkg'
[0.106s] Level 1:colcon.colcon_core.package_identification:_identify(src/sllidar_ros2) by extensions ['colcon_meta']
[0.106s] Level 1:colcon.colcon_core.package_identification:_identify(src/sllidar_ros2) by extension 'colcon_meta'
[0.106s] Level 1:colcon.colcon_core.package_identification:_identify(src/sllidar_ros2) by extensions ['ros']
[0.106s] Level 1:colcon.colcon_core.package_identification:_identify(src/sllidar_ros2) by extension 'ros'
[0.106s] DEBUG:colcon.colcon_core.package_identification:Package 'src/sllidar_ros2' with type 'ros.ament_cmake' and name 'sllidar_ros2'
[0.106s] Level 1:colcon.colcon_core.package_discovery:discover_packages(recursive) using defaults
[0.106s] Level 1:colcon.colcon_core.package_discovery:discover_packages(ignore) discover
[0.106s] Level 1:colcon.colcon_core.package_discovery:discover_packages(ignore) using defaults
[0.106s] Level 1:colcon.colcon_core.package_discovery:discover_packages(path) discover
[0.106s] Level 1:colcon.colcon_core.package_discovery:discover_packages(path) using defaults
[0.118s] Level 1:colcon.colcon_core.package_discovery:discover_packages(prefix_path) check parameters
[0.118s] Level 1:colcon.colcon_core.package_discovery:discover_packages(prefix_path) discover
[0.119s] DEBUG:colcon.colcon_installed_package_information.package_discovery:Found 9 installed packages in /home/hiep0247/hiep_ros2/install
[0.120s] DEBUG:colcon.colcon_installed_package_information.package_discovery:Found 1 installed packages in /home/hiep0247/ros2_ws/install
[0.121s] DEBUG:colcon.colcon_installed_package_information.package_discovery:Found 433 installed packages in /opt/ros/jazzy
[0.122s] Level 1:colcon.colcon_core.package_discovery:discover_packages(prefix_path) using defaults
[0.151s] Level 5:colcon.colcon_core.verb:set package 'agv_fleet' build argument 'cmake_args' from command line to 'None'
[0.151s] Level 5:colcon.colcon_core.verb:set package 'agv_fleet' build argument 'cmake_target' from command line to 'None'
[0.151s] Level 5:colcon.colcon_core.verb:set package 'agv_fleet' build argument 'cmake_target_skip_unavailable' from command line to 'False'
[0.151s] Level 5:colcon.colcon_core.verb:set package 'agv_fleet' build argument 'cmake_clean_cache' from command line to 'False'
[0.151s] Level 5:colcon.colcon_core.verb:set package 'agv_fleet' build argument 'cmake_clean_first' from command line to 'False'
[0.151s] Level 5:colcon.colcon_core.verb:set package 'agv_fleet' build argument 'cmake_force_configure' from command line to 'False'
[0.151s] Level 5:colcon.colcon_core.verb:set package 'agv_fleet' build argument 'ament_cmake_args' from command line to 'None'
[0.151s] Level 5:colcon.colcon_core.verb:set package 'agv_fleet' build argument 'catkin_cmake_args' from command line to 'None'
[0.151s] Level 5:colcon.colcon_core.verb:set package 'agv_fleet' build argument 'catkin_skip_building_tests' from command line to 'False'
[0.151s] DEBUG:colcon.colcon_core.verb:Building package 'agv_fleet' with the following arguments: {'ament_cmake_args': None, 'build_base': '/home/hiep0247/hiep_ros2/build/agv_fleet', 'catkin_cmake_args': None, 'catkin_skip_building_tests': False, 'cmake_args': None, 'cmake_clean_cache': False, 'cmake_clean_first': False, 'cmake_force_configure': False, 'cmake_target': None, 'cmake_target_skip_unavailable': False, 'install_base': '/home/hiep0247/hiep_ros2/install/agv_fleet', 'merge_install': False, 'path': '/home/hiep0247/hiep_ros2/src/agv_fleet', 'symlink_install': False, 'test_result_base': None}
[0.151s] Level 5:colcon.colcon_core.verb:set package 'agv_hmi' build argument 'cmake_args' from command line to 'None'
[0.151s] Level 5:colcon.colcon_core.verb:set package 'agv_hmi' build argument 'cmake_target' from command line to 'None'
[0.151s] Level 5:colcon.colcon_core.verb:set package 'agv_hmi' build argument 'cmake_target_skip_unavailable' from command line to 'False'
[0.151s] Level 5:colcon.colcon_core.verb:set package 'agv_hmi' build argument 'cmake_clean_cache' from command line to 'False'
[0.151s] Level 5:colcon.colcon_core.verb:set package 'agv_hmi' build argument 'cmake_clean_first' from command line to 'False'
[0.151s] Level 5:colcon.colcon_core.verb:set package 'agv_hmi' build argument 'cmake_force_configure' from command line to 'False'
[0.151s] Level 5:colcon.colcon_core.verb:set package 'agv_hmi' build argument 'ament_cmake_args' from command line to 'None'
[0.151s] Level 5:colcon.colcon_core.verb:set package 'agv_hmi' build argument 'catkin_cmake_args' from command line to 'None'
[0.151s] Level 5:colcon.colcon_core.verb:set package 'agv_hmi' build argument 'catkin_skip_building_tests' from command line to 'False'
[0.151s] DEBUG:colcon.colcon_core.verb:Building package 'agv_hmi' with the following arguments: {'ament_cmake_args': None, 'build_base': '/home/hiep0247/hiep_ros2/build/agv_hmi', 'catkin_cmake_args': None, 'catkin_skip_building_tests': False, 'cmake_args': None, 'cmake_clean_cache': False, 'cmake_clean_first': False, 'cmake_force_configure': False, 'cmake_target': None, 'cmake_target_skip_unavailable': False, 'install_base': '/home/hiep0247/hiep_ros2/install/agv_hmi', 'merge_install': False, 'path': '/home/hiep0247/hiep_ros2/src/agv_hmi', 'symlink_install': False, 'test_result_base': None}
[0.152s] Level 5:colcon.colcon_core.verb:set package 'hiep_robot2' build argument 'cmake_args' from command line to 'None'
[0.152s] Level 5:colcon.colcon_core.verb:set package 'hiep_robot2' build argument 'cmake_target' from command line to 'None'
[0.152s] Level 5:colcon.colcon_core.verb:set package 'hiep_robot2' build argument 'cmake_target_skip_unavailable' from command line to 'False'
[0.152s] Level 5:colcon.colcon_core.verb:set package 'hiep_robot2' build argument 'cmake_clean_cache' from command line to 'False'
[0.152s] Level 5:colcon.colcon_core.verb:set package 'hiep_robot2' build argument 'cmake_clean_first' from command line to 'False'
[0.152s] Level 5:colcon.colcon_core.verb:set package 'hiep_robot2' build argument 'cmake_force_configure' from command line to 'False'
[0.152s] Level 5:colcon.colcon_core.verb:set package 'hiep_robot2' build argument 'ament_cmake_args' from command line to 'None'
[0.152s] Level 5:colcon.colcon_core.verb:set package 'hiep_robot2' build argument 'catkin_cmake_args' from command line to 'None'
[0.152s] Level 5:colcon.colcon_core.verb:set package 'hiep_robot2' build argument 'catkin_skip_building_tests' from command line to 'False'
[0.152s] DEBUG:colcon.colcon_core.verb:Building package 'hiep_robot2' with the following arguments: {'ament_cmake_args': None, 'build_base': '/home/hiep0247/hiep_ros2/build/hiep_robot2', 'catkin_cmake_args': None, 'catkin_skip_building_tests': False, 'cmake_args': None, 'cmake_clean_cache': False, 'cmake_clean_first': False, 'cmake_force_configure': False, 'cmake_target': None, 'cmake_target_skip_unavailable': False, 'install_base': '/home/hiep0247/hiep_ros2/install/hiep_robot2', 'merge_install': False, 'path': '/home/hiep0247/hiep_ros2/src/hiep_robot2', 'symlink_install': False, 'test_result_base': None}
[0.152s] Level 5:colcon.colcon_core.verb:set package 'mec_mobile_description' build argument 'cmake_args' from command line to 'None'
[0.152s] Level 5:colcon.colcon_core.verb:set package 'mec_mobile_description' build argument 'cmake_target' from command line to 'None'
[0.152s] Level 5:colcon.colcon_core.verb:set package 'mec_mobile_description' build argument 'cmake_target_skip_unavailable' from command line to 'False'
[0.152s] Level 5:colcon.colcon_core.verb:set package 'mec_mobile_description' build argument 'cmake_clean_cache' from command line to 'False'
[0.152s] Level 5:colcon.colcon_core.verb:set package 'mec_mobile_description' build argument 'cmake_clean_first' from command line to 'False'
[0.152s] Level 5:colcon.colcon_core.verb:set package 'mec_mobile_description' build argument 'cmake_force_configure' from command line to 'False'
[0.152s] Level 5:colcon.colcon_core.verb:set package 'mec_mobile_description' build argument 'ament_cmake_args' from command line to 'None'
[0.152s] Level 5:colcon.colcon_core.verb:set package 'mec_mobile_description' build argument 'catkin_cmake_args' from command line to 'None'
[0.152s] Level 5:colcon.colcon_core.verb:set package 'mec_mobile_description' build argument 'catkin_skip_building_tests' from command line to 'False'
[0.152s] DEBUG:colcon.colcon_core.verb:Building package 'mec_mobile_description' with the following arguments: {'ament_cmake_args': None, 'build_base': '/home/hiep0247/hiep_ros2/build/mec_mobile_description', 'catkin_cmake_args': None, 'catkin_skip_building_tests': False, 'cmake_args': None, 'cmake_clean_cache': False, 'cmake_clean_first': False, 'cmake_force_configure': False, 'cmake_target': None, 'cmake_target_skip_unavailable': False, 'install_base': '/home/hiep0247/hiep_ros2/install/mec_mobile_description', 'merge_install': False, 'path': '/home/hiep0247/hiep_ros2/src/mec_mobile_description', 'symlink_install': False, 'test_result_base': None}
[0.152s] Level 5:colcon.colcon_core.verb:set package 'mec_mobile_description1' build argument 'cmake_args' from command line to 'None'
[0.152s] Level 5:colcon.colcon_core.verb:set package 'mec_mobile_description1' build argument 'cmake_target' from command line to 'None'
[0.152s] Level 5:colcon.colcon_core.verb:set package 'mec_mobile_description1' build argument 'cmake_target_skip_unavailable' from command line to 'False'
[0.152s] Level 5:colcon.colcon_core.verb:set package 'mec_mobile_description1' build argument 'cmake_clean_cache' from command line to 'False'
[0.152s] Level 5:colcon.colcon_core.verb:set package 'mec_mobile_description1' build argument 'cmake_clean_first' from command line to 'False'
[0.152s] Level 5:colcon.colcon_core.verb:set package 'mec_mobile_description1' build argument 'cmake_force_configure' from command line to 'False'
[0.152s] Level 5:colcon.colcon_core.verb:set package 'mec_mobile_description1' build argument 'ament_cmake_args' from command line to 'None'
[0.152s] Level 5:colcon.colcon_core.verb:set package 'mec_mobile_description1' build argument 'catkin_cmake_args' from command line to 'None'
[0.152s] Level 5:colcon.colcon_core.verb:set package 'mec_mobile_description1' build argument 'catkin_skip_building_tests' from command line to 'False'
[0.152s] DEBUG:colcon.colcon_core.verb:Building package 'mec_mobile_description1' with the following arguments: {'ament_cmake_args': None, 'build_base': '/home/hiep0247/hiep_ros2/build/mec_mobile_description1', 'catkin_cmake_args': None, 'catkin_skip_building_tests': False, 'cmake_args': None, 'cmake_clean_cache': False, 'cmake_clean_first': False, 'cmake_force_configure': False, 'cmake_target': None, 'cmake_target_skip_unavailable': False, 'install_base': '/home/hiep0247/hiep_ros2/install/mec_mobile_description1', 'merge_install': False, 'path': '/home/hiep0247/hiep_ros2/src/mec_mobile_description1', 'symlink_install': False, 'test_result_base': None}
[0.152s] Level 5:colcon.colcon_core.verb:set package 'mec_mobile_gazebo' build argument 'cmake_args' from command line to 'None'
[0.152s] Level 5:colcon.colcon_core.verb:set package 'mec_mobile_gazebo' build argument 'cmake_target' from command line to 'None'
[0.152s] Level 5:colcon.colcon_core.verb:set package 'mec_mobile_gazebo' build argument 'cmake_target_skip_unavailable' from command line to 'False'
[0.152s] Level 5:colcon.colcon_core.verb:set package 'mec_mobile_gazebo' build argument 'cmake_clean_cache' from command line to 'False'
[0.152s] Level 5:colcon.colcon_core.verb:set package 'mec_mobile_gazebo' build argument 'cmake_clean_first' from command line to 'False'
[0.152s] Level 5:colcon.colcon_core.verb:set package 'mec_mobile_gazebo' build argument 'cmake_force_configure' from command line to 'False'
[0.152s] Level 5:colcon.colcon_core.verb:set package 'mec_mobile_gazebo' build argument 'ament_cmake_args' from command line to 'None'
[0.152s] Level 5:colcon.colcon_core.verb:set package 'mec_mobile_gazebo' build argument 'catkin_cmake_args' from command line to 'None'
[0.152s] Level 5:colcon.colcon_core.verb:set package 'mec_mobile_gazebo' build argument 'catkin_skip_building_tests' from command line to 'False'
[0.152s] DEBUG:colcon.colcon_core.verb:Building package 'mec_mobile_gazebo' with the following arguments: {'ament_cmake_args': None, 'build_base': '/home/hiep0247/hiep_ros2/build/mec_mobile_gazebo', 'catkin_cmake_args': None, 'catkin_skip_building_tests': False, 'cmake_args': None, 'cmake_clean_cache': False, 'cmake_clean_first': False, 'cmake_force_configure': False, 'cmake_target': None, 'cmake_target_skip_unavailable': False, 'install_base': '/home/hiep0247/hiep_ros2/install/mec_mobile_gazebo', 'merge_install': False, 'path': '/home/hiep0247/hiep_ros2/src/mec_mobile_gazebo', 'symlink_install': False, 'test_result_base': None}
[0.153s] Level 5:colcon.colcon_core.verb:set package 'mec_mobile_navigation' build argument 'cmake_args' from command line to 'None'
[0.153s] Level 5:colcon.colcon_core.verb:set package 'mec_mobile_navigation' build argument 'cmake_target' from command line to 'None'
[0.153s] Level 5:colcon.colcon_core.verb:set package 'mec_mobile_navigation' build argument 'cmake_target_skip_unavailable' from command line to 'False'
[0.153s] Level 5:colcon.colcon_core.verb:set package 'mec_mobile_navigation' build argument 'cmake_clean_cache' from command line to 'False'
[0.153s] Level 5:colcon.colcon_core.verb:set package 'mec_mobile_navigation' build argument 'cmake_clean_first' from command line to 'False'
[0.153s] Level 5:colcon.colcon_core.verb:set package 'mec_mobile_navigation' build argument 'cmake_force_configure' from command line to 'False'
[0.153s] Level 5:colcon.colcon_core.verb:set package 'mec_mobile_navigation' build argument 'ament_cmake_args' from command line to 'None'
[0.153s] Level 5:colcon.colcon_core.verb:set package 'mec_mobile_navigation' build argument 'catkin_cmake_args' from command line to 'None'
[0.153s] Level 5:colcon.colcon_core.verb:set package 'mec_mobile_navigation' build argument 'catkin_skip_building_tests' from command line to 'False'
[0.153s] DEBUG:colcon.colcon_core.verb:Building package 'mec_mobile_navigation' with the following arguments: {'ament_cmake_args': None, 'build_base': '/home/hiep0247/hiep_ros2/build/mec_mobile_navigation', 'catkin_cmake_args': None, 'catkin_skip_building_tests': False, 'cmake_args': None, 'cmake_clean_cache': False, 'cmake_clean_first': False, 'cmake_force_configure': False, 'cmake_target': None, 'cmake_target_skip_unavailable': False, 'install_base': '/home/hiep0247/hiep_ros2/install/mec_mobile_navigation', 'merge_install': False, 'path': '/home/hiep0247/hiep_ros2/src/mec_mobile_navigation', 'symlink_install': False, 'test_result_base': None}
[0.153s] Level 5:colcon.colcon_core.verb:set package 'sllidar_ros2' build argument 'cmake_args' from command line to 'None'
[0.153s] Level 5:colcon.colcon_core.verb:set package 'sllidar_ros2' build argument 'cmake_target' from command line to 'None'
[0.153s] Level 5:colcon.colcon_core.verb:set package 'sllidar_ros2' build argument 'cmake_target_skip_unavailable' from command line to 'False'
[0.153s] Level 5:colcon.colcon_core.verb:set package 'sllidar_ros2' build argument 'cmake_clean_cache' from command line to 'False'
[0.153s] Level 5:colcon.colcon_core.verb:set package 'sllidar_ros2' build argument 'cmake_clean_first' from command line to 'False'
[0.153s] Level 5:colcon.colcon_core.verb:set package 'sllidar_ros2' build argument 'cmake_force_configure' from command line to 'False'
[0.153s] Level 5:colcon.colcon_core.verb:set package 'sllidar_ros2' build argument 'ament_cmake_args' from command line to 'None'
[0.153s] Level 5:colcon.colcon_core.verb:set package 'sllidar_ros2' build argument 'catkin_cmake_args' from command line to 'None'
[0.153s] Level 5:colcon.colcon_core.verb:set package 'sllidar_ros2' build argument 'catkin_skip_building_tests' from command line to 'False'
[0.153s] DEBUG:colcon.colcon_core.verb:Building package 'sllidar_ros2' with the following arguments: {'ament_cmake_args': None, 'build_base': '/home/hiep0247/hiep_ros2/build/sllidar_ros2', 'catkin_cmake_args': None, 'catkin_skip_building_tests': False, 'cmake_args': None, 'cmake_clean_cache': False, 'cmake_clean_first': False, 'cmake_force_configure': False, 'cmake_target': None, 'cmake_target_skip_unavailable': False, 'install_base': '/home/hiep0247/hiep_ros2/install/sllidar_ros2', 'merge_install': False, 'path': '/home/hiep0247/hiep_ros2/src/sllidar_ros2', 'symlink_install': False, 'test_result_base': None}
[0.153s] Level 5:colcon.colcon_core.verb:set package 'mec_mobile' build argument 'cmake_args' from command line to 'None'
[0.153s] Level 5:colcon.colcon_core.verb:set package 'mec_mobile' build argument 'cmake_target' from command line to 'None'
[0.153s] Level 5:colcon.colcon_core.verb:set package 'mec_mobile' build argument 'cmake_target_skip_unavailable' from command line to 'False'
[0.153s] Level 5:colcon.colcon_core.verb:set package 'mec_mobile' build argument 'cmake_clean_cache' from command line to 'False'
[0.153s] Level 5:colcon.colcon_core.verb:set package 'mec_mobile' build argument 'cmake_clean_first' from command line to 'False'
[0.153s] Level 5:colcon.colcon_core.verb:set package 'mec_mobile' build argument 'cmake_force_configure' from command line to 'False'
[0.153s] Level 5:colcon.colcon_core.verb:set package 'mec_mobile' build argument 'ament_cmake_args' from command line to 'None'
[0.153s] Level 5:colcon.colcon_core.verb:set package 'mec_mobile' build argument 'catkin_cmake_args' from command line to 'None'
[0.153s] Level 5:colcon.colcon_core.verb:set package 'mec_mobile' build argument 'catkin_skip_building_tests' from command line to 'False'
[0.153s] DEBUG:colcon.colcon_core.verb:Building package 'mec_mobile' with the following arguments: {'ament_cmake_args': None, 'build_base': '/home/hiep0247/hiep_ros2/build/mec_mobile', 'catkin_cmake_args': None, 'catkin_skip_building_tests': False, 'cmake_args': None, 'cmake_clean_cache': False, 'cmake_clean_first': False, 'cmake_force_configure': False, 'cmake_target': None, 'cmake_target_skip_unavailable': False, 'install_base': '/home/hiep0247/hiep_ros2/install/mec_mobile', 'merge_install': False, 'path': '/home/hiep0247/hiep_ros2/src/mec_mobile', 'symlink_install': False, 'test_result_base': None}
[0.153s] INFO:colcon.colcon_core.executor:Executing jobs using 'parallel' executor
[0.154s] DEBUG:colcon.colcon_parallel_executor.executor.parallel:run_until_complete
[0.154s] INFO:colcon.colcon_ros.task.ament_cmake.build:Building ROS package in '/home/hiep0247/hiep_ros2/src/mec_mobile_description' with build type 'ament_cmake'
[0.154s] INFO:colcon.colcon_cmake.task.cmake.build:Building CMake package in '/home/hiep0247/hiep_ros2/src/mec_mobile_description'
[0.155s] INFO:colcon.colcon_core.plugin_system:Skipping extension 'colcon_core.shell.bat': Not used on non-Windows systems
[0.155s] INFO:colcon.colcon_core.shell:Skip shell extension 'powershell' for command environment: Not usable outside of PowerShell
[0.155s] DEBUG:colcon.colcon_core.shell:Skip shell extension 'dsv' for command environment
[0.158s] INFO:colcon.colcon_ros.task.ament_python.build:Building ROS package in '/home/hiep0247/hiep_ros2/src/agv_fleet' with build type 'ament_python'
[0.158s] Level 1:colcon.colcon_core.shell:create_environment_hook('agv_fleet', 'ament_prefix_path')
[0.158s] INFO:colcon.colcon_core.shell:Creating environment hook '/home/hiep0247/hiep_ros2/install/agv_fleet/share/agv_fleet/hook/ament_prefix_path.ps1'
[0.159s] INFO:colcon.colcon_core.shell:Creating environment descriptor '/home/hiep0247/hiep_ros2/install/agv_fleet/share/agv_fleet/hook/ament_prefix_path.dsv'
[0.159s] INFO:colcon.colcon_core.shell:Creating environment hook '/home/hiep0247/hiep_ros2/install/agv_fleet/share/agv_fleet/hook/ament_prefix_path.sh'
[0.159s] INFO:colcon.colcon_core.shell:Skip shell extension 'powershell' for command environment: Not usable outside of PowerShell
[0.159s] DEBUG:colcon.colcon_core.shell:Skip shell extension 'dsv' for command environment
[0.162s] INFO:colcon.colcon_ros.task.ament_python.build:Building ROS package in '/home/hiep0247/hiep_ros2/src/agv_hmi' with build type 'ament_python'
[0.162s] Level 1:colcon.colcon_core.shell:create_environment_hook('agv_hmi', 'ament_prefix_path')
[0.162s] INFO:colcon.colcon_core.shell:Creating environment hook '/home/hiep0247/hiep_ros2/install/agv_hmi/share/agv_hmi/hook/ament_prefix_path.ps1'
[0.162s] INFO:colcon.colcon_core.shell:Creating environment descriptor '/home/hiep0247/hiep_ros2/install/agv_hmi/share/agv_hmi/hook/ament_prefix_path.dsv'
[0.162s] INFO:colcon.colcon_core.shell:Creating environment hook '/home/hiep0247/hiep_ros2/install/agv_hmi/share/agv_hmi/hook/ament_prefix_path.sh'
[0.163s] INFO:colcon.colcon_core.shell:Skip shell extension 'powershell' for command environment: Not usable outside of PowerShell
[0.163s] DEBUG:colcon.colcon_core.shell:Skip shell extension 'dsv' for command environment
[0.165s] INFO:colcon.colcon_ros.task.ament_python.build:Building ROS package in '/home/hiep0247/hiep_ros2/src/hiep_robot2' with build type 'ament_python'
[0.165s] Level 1:colcon.colcon_core.shell:create_environment_hook('hiep_robot2', 'ament_prefix_path')
[0.165s] INFO:colcon.colcon_core.shell:Creating environment hook '/home/hiep0247/hiep_ros2/install/hiep_robot2/share/hiep_robot2/hook/ament_prefix_path.ps1'
[0.165s] INFO:colcon.colcon_core.shell:Creating environment descriptor '/home/hiep0247/hiep_ros2/install/hiep_robot2/share/hiep_robot2/hook/ament_prefix_path.dsv'
[0.166s] INFO:colcon.colcon_core.shell:Creating environment hook '/home/hiep0247/hiep_ros2/install/hiep_robot2/share/hiep_robot2/hook/ament_prefix_path.sh'
[0.166s] INFO:colcon.colcon_core.shell:Skip shell extension 'powershell' for command environment: Not usable outside of PowerShell
[0.166s] DEBUG:colcon.colcon_core.shell:Skip shell extension 'dsv' for command environment
[0.168s] INFO:colcon.colcon_ros.task.ament_cmake.build:Building ROS package in '/home/hiep0247/hiep_ros2/src/mec_mobile_description1' with build type 'ament_cmake'
[0.168s] INFO:colcon.colcon_cmake.task.cmake.build:Building CMake package in '/home/hiep0247/hiep_ros2/src/mec_mobile_description1'
[0.168s] INFO:colcon.colcon_core.shell:Skip shell extension 'powershell' for command environment: Not usable outside of PowerShell
[0.168s] DEBUG:colcon.colcon_core.shell:Skip shell extension 'dsv' for command environment
[0.171s] INFO:colcon.colcon_ros.task.ament_cmake.build:Building ROS package in '/home/hiep0247/hiep_ros2/src/mec_mobile_gazebo' with build type 'ament_cmake'
[0.171s] INFO:colcon.colcon_cmake.task.cmake.build:Building CMake package in '/home/hiep0247/hiep_ros2/src/mec_mobile_gazebo'
[0.171s] INFO:colcon.colcon_core.shell:Skip shell extension 'powershell' for command environment: Not usable outside of PowerShell
[0.171s] DEBUG:colcon.colcon_core.shell:Skip shell extension 'dsv' for command environment
[0.173s] INFO:colcon.colcon_ros.task.ament_cmake.build:Building ROS package in '/home/hiep0247/hiep_ros2/src/mec_mobile_navigation' with build type 'ament_cmake'
[0.173s] INFO:colcon.colcon_cmake.task.cmake.build:Building CMake package in '/home/hiep0247/hiep_ros2/src/mec_mobile_navigation'
[0.173s] INFO:colcon.colcon_core.shell:Skip shell extension 'powershell' for command environment: Not usable outside of PowerShell
[0.173s] DEBUG:colcon.colcon_core.shell:Skip shell extension 'dsv' for command environment
[0.175s] INFO:colcon.colcon_ros.task.ament_cmake.build:Building ROS package in '/home/hiep0247/hiep_ros2/src/sllidar_ros2' with build type 'ament_cmake'
[0.175s] INFO:colcon.colcon_cmake.task.cmake.build:Building CMake package in '/home/hiep0247/hiep_ros2/src/sllidar_ros2'
[0.176s] INFO:colcon.colcon_core.shell:Skip shell extension 'powershell' for command environment: Not usable outside of PowerShell
[0.176s] DEBUG:colcon.colcon_core.shell:Skip shell extension 'dsv' for command environment
[0.181s] DEBUG:colcon.colcon_core.event_handler.log_command:Invoking command in '/home/hiep0247/hiep_ros2/build/mec_mobile_description': CMAKE_PREFIX_PATH=${CMAKE_PREFIX_PATH}:/home/hiep0247/hiep_ros2/install/hiep_robot2:/home/hiep0247/hiep_ros2/install/agv_hmi:/home/hiep0247/hiep_ros2/install/agv_fleet:/opt/ros/jazzy DEBUGINFOD_URLS=https://debuginfod.ubuntu.com /usr/bin/cmake --build /home/hiep0247/hiep_ros2/build/mec_mobile_description -- -j12 -l12
[0.311s] INFO:colcon.colcon_core.task.python.build:Building Python package in '/home/hiep0247/hiep_ros2/src/agv_fleet'
[0.312s] INFO:colcon.colcon_core.shell:Skip shell extension 'powershell' for command environment: Not usable outside of PowerShell
[0.312s] DEBUG:colcon.colcon_core.shell:Skip shell extension 'dsv' for command environment
[0.439s] INFO:colcon.colcon_core.task.python.build:Building Python package in '/home/hiep0247/hiep_ros2/src/agv_hmi'
[0.439s] INFO:colcon.colcon_core.shell:Skip shell extension 'powershell' for command environment: Not usable outside of PowerShell
[0.439s] DEBUG:colcon.colcon_core.shell:Skip shell extension 'dsv' for command environment
[0.566s] INFO:colcon.colcon_core.task.python.build:Building Python package in '/home/hiep0247/hiep_ros2/src/hiep_robot2'
[0.566s] INFO:colcon.colcon_core.shell:Skip shell extension 'powershell' for command environment: Not usable outside of PowerShell
[0.566s] DEBUG:colcon.colcon_core.shell:Skip shell extension 'dsv' for command environment
[0.570s] DEBUG:colcon.colcon_core.event_handler.log_command:Invoking command in '/home/hiep0247/hiep_ros2/build/mec_mobile_description1': CMAKE_PREFIX_PATH=${CMAKE_PREFIX_PATH}:/home/hiep0247/hiep_ros2/install/hiep_robot2:/home/hiep0247/hiep_ros2/install/agv_hmi:/home/hiep0247/hiep_ros2/install/agv_fleet:/opt/ros/jazzy DEBUGINFOD_URLS=https://debuginfod.ubuntu.com /usr/bin/cmake --build /home/hiep0247/hiep_ros2/build/mec_mobile_description1 -- -j12 -l12
[0.571s] DEBUG:colcon.colcon_core.event_handler.log_command:Invoking command in '/home/hiep0247/hiep_ros2/build/mec_mobile_gazebo': CMAKE_PREFIX_PATH=${CMAKE_PREFIX_PATH}:/home/hiep0247/hiep_ros2/install/hiep_robot2:/home/hiep0247/hiep_ros2/install/agv_hmi:/home/hiep0247/hiep_ros2/install/agv_fleet:/opt/ros/jazzy DEBUGINFOD_URLS=https://debuginfod.ubuntu.com /usr/bin/cmake --build /home/hiep0247/hiep_ros2/build/mec_mobile_gazebo -- -j12 -l12
[0.572s] DEBUG:colcon.colcon_core.event_handler.log_command:Invoking command in '/home/hiep0247/hiep_ros2/build/mec_mobile_navigation': CMAKE_PREFIX_PATH=${CMAKE_PREFIX_PATH}:/home/hiep0247/hiep_ros2/install/hiep_robot2:/home/hiep0247/hiep_ros2/install/agv_hmi:/home/hiep0247/hiep_ros2/install/agv_fleet:/opt/ros/jazzy DEBUGINFOD_URLS=https://debuginfod.ubuntu.com /usr/bin/cmake --build /home/hiep0247/hiep_ros2/build/mec_mobile_navigation -- -j12 -l12
[0.574s] DEBUG:colcon.colcon_core.event_handler.log_command:Invoking command in '/home/hiep0247/hiep_ros2/build/sllidar_ros2': CMAKE_PREFIX_PATH=${CMAKE_PREFIX_PATH}:/home/hiep0247/hiep_ros2/install/hiep_robot2:/home/hiep0247/hiep_ros2/install/agv_hmi:/home/hiep0247/hiep_ros2/install/agv_fleet:/opt/ros/jazzy DEBUGINFOD_URLS=https://debuginfod.ubuntu.com /usr/bin/cmake --build /home/hiep0247/hiep_ros2/build/sllidar_ros2 -- -j12 -l12
[0.588s] DEBUG:colcon.colcon_core.event_handler.log_command:Invoked command in '/home/hiep0247/hiep_ros2/build/mec_mobile_description' returned '0': CMAKE_PREFIX_PATH=${CMAKE_PREFIX_PATH}:/home/hiep0247/hiep_ros2/install/hiep_robot2:/home/hiep0247/hiep_ros2/install/agv_hmi:/home/hiep0247/hiep_ros2/install/agv_fleet:/opt/ros/jazzy DEBUGINFOD_URLS=https://debuginfod.ubuntu.com /usr/bin/cmake --build /home/hiep0247/hiep_ros2/build/mec_mobile_description -- -j12 -l12
[0.594s] DEBUG:colcon.colcon_core.event_handler.log_command:Invoking command in '/home/hiep0247/hiep_ros2/build/mec_mobile_description': CMAKE_PREFIX_PATH=${CMAKE_PREFIX_PATH}:/home/hiep0247/hiep_ros2/install/hiep_robot2:/home/hiep0247/hiep_ros2/install/agv_hmi:/home/hiep0247/hiep_ros2/install/agv_fleet:/opt/ros/jazzy DEBUGINFOD_URLS=https://debuginfod.ubuntu.com /usr/bin/cmake --install /home/hiep0247/hiep_ros2/build/mec_mobile_description
[0.608s] DEBUG:colcon.colcon_core.event_handler.log_command:Invoked command in '/home/hiep0247/hiep_ros2/build/mec_mobile_description1' returned '0': CMAKE_PREFIX_PATH=${CMAKE_PREFIX_PATH}:/home/hiep0247/hiep_ros2/install/hiep_robot2:/home/hiep0247/hiep_ros2/install/agv_hmi:/home/hiep0247/hiep_ros2/install/agv_fleet:/opt/ros/jazzy DEBUGINFOD_URLS=https://debuginfod.ubuntu.com /usr/bin/cmake --build /home/hiep0247/hiep_ros2/build/mec_mobile_description1 -- -j12 -l12
[0.609s] DEBUG:colcon.colcon_core.event_handler.log_command:Invoking command in '/home/hiep0247/hiep_ros2/build/mec_mobile_description1': CMAKE_PREFIX_PATH=${CMAKE_PREFIX_PATH}:/home/hiep0247/hiep_ros2/install/hiep_robot2:/home/hiep0247/hiep_ros2/install/agv_hmi:/home/hiep0247/hiep_ros2/install/agv_fleet:/opt/ros/jazzy DEBUGINFOD_URLS=https://debuginfod.ubuntu.com /usr/bin/cmake --install /home/hiep0247/hiep_ros2/build/mec_mobile_description1
[0.610s] Level 1:colcon.colcon_core.environment:create_environment_scripts_only(mec_mobile_description)
[0.610s] DEBUG:colcon.colcon_core.event_handler.log_command:Invoked command in '/home/hiep0247/hiep_ros2/build/mec_mobile_description' returned '0': CMAKE_PREFIX_PATH=${CMAKE_PREFIX_PATH}:/home/hiep0247/hiep_ros2/install/hiep_robot2:/home/hiep0247/hiep_ros2/install/agv_hmi:/home/hiep0247/hiep_ros2/install/agv_fleet:/opt/ros/jazzy DEBUGINFOD_URLS=https://debuginfod.ubuntu.com /usr/bin/cmake --install /home/hiep0247/hiep_ros2/build/mec_mobile_description
[0.612s] Level 1:colcon.colcon_core.environment:checking '/home/hiep0247/hiep_ros2/install/mec_mobile_description' for CMake module files
[0.613s] Level 1:colcon.colcon_core.environment:checking '/home/hiep0247/hiep_ros2/install/mec_mobile_description' for CMake config files
[0.613s] Level 1:colcon.colcon_core.shell:create_environment_hook('mec_mobile_description', 'cmake_prefix_path')
[0.613s] INFO:colcon.colcon_core.shell:Creating environment hook '/home/hiep0247/hiep_ros2/install/mec_mobile_description/share/mec_mobile_description/hook/cmake_prefix_path.ps1'
[0.614s] INFO:colcon.colcon_core.shell:Creating environment descriptor '/home/hiep0247/hiep_ros2/install/mec_mobile_description/share/mec_mobile_description/hook/cmake_prefix_path.dsv'
[0.614s] INFO:colcon.colcon_core.shell:Creating environment hook '/home/hiep0247/hiep_ros2/install/mec_mobile_description/share/mec_mobile_description/hook/cmake_prefix_path.sh'
[0.615s] Level 1:colcon.colcon_core.environment:checking '/home/hiep0247/hiep_ros2/install/mec_mobile_description/bin'
[0.615s] Level 1:colcon.colcon_core.environment:checking '/home/hiep0247/hiep_ros2/install/mec_mobile_description/lib/pkgconfig/mec_mobile_description.pc'
[0.615s] Level 1:colcon.colcon_core.environment:checking '/home/hiep0247/hiep_ros2/install/mec_mobile_description/lib/python3.12/site-packages'
[0.615s] Level 1:colcon.colcon_core.environment:checking '/home/hiep0247/hiep_ros2/install/mec_mobile_description/bin'
[0.616s] INFO:colcon.colcon_core.shell:Creating package script '/home/hiep0247/hiep_ros2/install/mec_mobile_description/share/mec_mobile_description/package.ps1'
[0.618s] INFO:colcon.colcon_core.shell:Creating package descriptor '/home/hiep0247/hiep_ros2/install/mec_mobile_description/share/mec_mobile_description/package.dsv'
[0.619s] INFO:colcon.colcon_core.shell:Creating package script '/home/hiep0247/hiep_ros2/install/mec_mobile_description/share/mec_mobile_description/package.sh'
[0.619s] INFO:colcon.colcon_core.shell:Creating package script '/home/hiep0247/hiep_ros2/install/mec_mobile_description/share/mec_mobile_description/package.bash'
[0.620s] INFO:colcon.colcon_core.shell:Creating package script '/home/hiep0247/hiep_ros2/install/mec_mobile_description/share/mec_mobile_description/package.zsh'
[0.620s] Level 1:colcon.colcon_core.environment:create_file_with_runtime_dependencies(/home/hiep0247/hiep_ros2/install/mec_mobile_description/share/colcon-core/packages/mec_mobile_description)
[0.621s] Level 1:colcon.colcon_core.environment:create_environment_scripts_only(mec_mobile_description)
[0.621s] Level 1:colcon.colcon_core.environment:checking '/home/hiep0247/hiep_ros2/install/mec_mobile_description' for CMake module files
[0.622s] Level 1:colcon.colcon_core.environment:checking '/home/hiep0247/hiep_ros2/install/mec_mobile_description' for CMake config files
[0.622s] Level 1:colcon.colcon_core.shell:create_environment_hook('mec_mobile_description', 'cmake_prefix_path')
[0.622s] INFO:colcon.colcon_core.shell:Creating environment hook '/home/hiep0247/hiep_ros2/install/mec_mobile_description/share/mec_mobile_description/hook/cmake_prefix_path.ps1'
[0.622s] INFO:colcon.colcon_core.shell:Creating environment descriptor '/home/hiep0247/hiep_ros2/install/mec_mobile_description/share/mec_mobile_description/hook/cmake_prefix_path.dsv'
[0.623s] INFO:colcon.colcon_core.shell:Creating environment hook '/home/hiep0247/hiep_ros2/install/mec_mobile_description/share/mec_mobile_description/hook/cmake_prefix_path.sh'
[0.623s] Level 1:colcon.colcon_core.environment:checking '/home/hiep0247/hiep_ros2/install/mec_mobile_description/bin'
[0.623s] Level 1:colcon.colcon_core.environment:checking '/home/hiep0247/hiep_ros2/install/mec_mobile_description/lib/pkgconfig/mec_mobile_description.pc'
[0.623s] Level 1:colcon.colcon_core.environment:checking '/home/hiep0247/hiep_ros2/install/mec_mobile_description/lib/python3.12/site-packages'
[0.624s] Level 1:colcon.colcon_core.environment:checking '/home/hiep0247/hiep_ros2/install/mec_mobile_description/bin'
[0.624s] INFO:colcon.colcon_core.shell:Creating package script '/home/hiep0247/hiep_ros2/install/mec_mobile_description/share/mec_mobile_description/package.ps1'
[0.625s] INFO:colcon.colcon_core.shell:Creating package descriptor '/home/hiep0247/hiep_ros2/install/mec_mobile_description/share/mec_mobile_description/package.dsv'
[0.625s] INFO:colcon.colcon_core.shell:Creating package script '/home/hiep0247/hiep_ros2/install/mec_mobile_description/share/mec_mobile_description/package.sh'
[0.626s] INFO:colcon.colcon_core.shell:Creating package script '/home/hiep0247/hiep_ros2/install/mec_mobile_description/share/mec_mobile_description/package.bash'
[0.626s] INFO:colcon.colcon_core.shell:Creating package script '/home/hiep0247/hiep_ros2/install/mec_mobile_description/share/mec_mobile_description/package.zsh'
[0.626s] Level 1:colcon.colcon_core.environment:create_file_with_runtime_dependencies(/home/hiep0247/hiep_ros2/install/mec_mobile_description/share/colcon-core/packages/mec_mobile_description)
[0.627s] DEBUG:colcon.colcon_core.event_handler.log_command:Invoked command in '/home/hiep0247/hiep_ros2/build/mec_mobile_gazebo' returned '0': CMAKE_PREFIX_PATH=${CMAKE_PREFIX_PATH}:/home/hiep0247/hiep_ros2/install/hiep_robot2:/home/hiep0247/hiep_ros2/install/agv_hmi:/home/hiep0247/hiep_ros2/install/agv_fleet:/opt/ros/jazzy DEBUGINFOD_URLS=https://debuginfod.ubuntu.com /usr/bin/cmake --build /home/hiep0247/hiep_ros2/build/mec_mobile_gazebo -- -j12 -l12
[0.627s] DEBUG:colcon.colcon_core.event_handler.log_command:Invoking command in '/home/hiep0247/hiep_ros2/build/mec_mobile_gazebo': CMAKE_PREFIX_PATH=${CMAKE_PREFIX_PATH}:/home/hiep0247/hiep_ros2/install/hiep_robot2:/home/hiep0247/hiep_ros2/install/agv_hmi:/home/hiep0247/hiep_ros2/install/agv_fleet:/opt/ros/jazzy DEBUGINFOD_URLS=https://debuginfod.ubuntu.com /usr/bin/cmake --install /home/hiep0247/hiep_ros2/build/mec_mobile_gazebo
[0.628s] INFO:colcon.colcon_ros.task.ament_cmake.build:Building ROS package in '/home/hiep0247/hiep_ros2/src/mec_mobile' with build type 'ament_cmake'
[0.628s] INFO:colcon.colcon_cmake.task.cmake.build:Building CMake package in '/home/hiep0247/hiep_ros2/src/mec_mobile'
[0.628s] INFO:colcon.colcon_core.shell:Skip shell extension 'powershell' for command environment: Not usable outside of PowerShell
[0.628s] DEBUG:colcon.colcon_core.shell:Skip shell extension 'dsv' for command environment
[0.637s] DEBUG:colcon.colcon_core.event_handler.log_command:Invoked command in '/home/hiep0247/hiep_ros2/build/sllidar_ros2' returned '0': CMAKE_PREFIX_PATH=${CMAKE_PREFIX_PATH}:/home/hiep0247/hiep_ros2/install/hiep_robot2:/home/hiep0247/hiep_ros2/install/agv_hmi:/home/hiep0247/hiep_ros2/install/agv_fleet:/opt/ros/jazzy DEBUGINFOD_URLS=https://debuginfod.ubuntu.com /usr/bin/cmake --build /home/hiep0247/hiep_ros2/build/sllidar_ros2 -- -j12 -l12
[0.637s] Level 1:colcon.colcon_core.environment:create_environment_scripts_only(mec_mobile_description1)
[0.637s] Level 1:colcon.colcon_core.environment:checking '/home/hiep0247/hiep_ros2/install/mec_mobile_description1' for CMake module files
[0.638s] DEBUG:colcon.colcon_core.event_handler.log_command:Invoking command in '/home/hiep0247/hiep_ros2/build/sllidar_ros2': CMAKE_PREFIX_PATH=${CMAKE_PREFIX_PATH}:/home/hiep0247/hiep_ros2/install/hiep_robot2:/home/hiep0247/hiep_ros2/install/agv_hmi:/home/hiep0247/hiep_ros2/install/agv_fleet:/opt/ros/jazzy DEBUGINFOD_URLS=https://debuginfod.ubuntu.com /usr/bin/cmake --install /home/hiep0247/hiep_ros2/build/sllidar_ros2
[0.638s] Level 1:colcon.colcon_core.environment:checking '/home/hiep0247/hiep_ros2/install/mec_mobile_description1' for CMake config files
[0.638s] DEBUG:colcon.colcon_core.event_handler.log_command:Invoked command in '/home/hiep0247/hiep_ros2/build/mec_mobile_description1' returned '0': CMAKE_PREFIX_PATH=${CMAKE_PREFIX_PATH}:/home/hiep0247/hiep_ros2/install/hiep_robot2:/home/hiep0247/hiep_ros2/install/agv_hmi:/home/hiep0247/hiep_ros2/install/agv_fleet:/opt/ros/jazzy DEBUGINFOD_URLS=https://debuginfod.ubuntu.com /usr/bin/cmake --install /home/hiep0247/hiep_ros2/build/mec_mobile_description1
[0.639s] Level 1:colcon.colcon_core.shell:create_environment_hook('mec_mobile_description1', 'cmake_prefix_path')
[0.639s] INFO:colcon.colcon_core.shell:Creating environment hook '/home/hiep0247/hiep_ros2/install/mec_mobile_description1/share/mec_mobile_description1/hook/cmake_prefix_path.ps1'
[0.640s] INFO:colcon.colcon_core.shell:Creating environment descriptor '/home/hiep0247/hiep_ros2/install/mec_mobile_description1/share/mec_mobile_description1/hook/cmake_prefix_path.dsv'
[0.640s] INFO:colcon.colcon_core.shell:Creating environment hook '/home/hiep0247/hiep_ros2/install/mec_mobile_description1/share/mec_mobile_description1/hook/cmake_prefix_path.sh'
[0.640s] Level 1:colcon.colcon_core.environment:checking '/home/hiep0247/hiep_ros2/install/mec_mobile_description1/bin'
[0.641s] Level 1:colcon.colcon_core.environment:checking '/home/hiep0247/hiep_ros2/install/mec_mobile_description1/lib/pkgconfig/mec_mobile_description1.pc'
[0.641s] Level 1:colcon.colcon_core.environment:checking '/home/hiep0247/hiep_ros2/install/mec_mobile_description1/lib/python3.12/site-packages'
[0.641s] Level 1:colcon.colcon_core.environment:checking '/home/hiep0247/hiep_ros2/install/mec_mobile_description1/bin'
[0.641s] INFO:colcon.colcon_core.shell:Creating package script '/home/hiep0247/hiep_ros2/install/mec_mobile_description1/share/mec_mobile_description1/package.ps1'
[0.642s] INFO:colcon.colcon_core.shell:Creating package descriptor '/home/hiep0247/hiep_ros2/install/mec_mobile_description1/share/mec_mobile_description1/package.dsv'
[0.642s] INFO:colcon.colcon_core.shell:Creating package script '/home/hiep0247/hiep_ros2/install/mec_mobile_description1/share/mec_mobile_description1/package.sh'
[0.643s] INFO:colcon.colcon_core.shell:Creating package script '/home/hiep0247/hiep_ros2/install/mec_mobile_description1/share/mec_mobile_description1/package.bash'
[0.643s] INFO:colcon.colcon_core.shell:Creating package script '/home/hiep0247/hiep_ros2/install/mec_mobile_description1/share/mec_mobile_description1/package.zsh'
[0.643s] Level 1:colcon.colcon_core.environment:create_file_with_runtime_dependencies(/home/hiep0247/hiep_ros2/install/mec_mobile_description1/share/colcon-core/packages/mec_mobile_description1)
[0.644s] Level 1:colcon.colcon_core.environment:create_environment_scripts_only(mec_mobile_description1)
[0.644s] Level 1:colcon.colcon_core.environment:checking '/home/hiep0247/hiep_ros2/install/mec_mobile_description1' for CMake module files
[0.644s] Level 1:colcon.colcon_core.environment:checking '/home/hiep0247/hiep_ros2/install/mec_mobile_description1' for CMake config files
[0.645s] Level 1:colcon.colcon_core.shell:create_environment_hook('mec_mobile_description1', 'cmake_prefix_path')
[0.645s] INFO:colcon.colcon_core.shell:Creating environment hook '/home/hiep0247/hiep_ros2/install/mec_mobile_description1/share/mec_mobile_description1/hook/cmake_prefix_path.ps1'
[0.645s] INFO:colcon.colcon_core.shell:Creating environment descriptor '/home/hiep0247/hiep_ros2/install/mec_mobile_description1/share/mec_mobile_description1/hook/cmake_prefix_path.dsv'
[0.646s] INFO:colcon.colcon_core.shell:Creating environment hook '/home/hiep0247/hiep_ros2/install/mec_mobile_description1/share/mec_mobile_description1/hook/cmake_prefix_path.sh'
[0.646s] Level 1:colcon.colcon_core.environment:checking '/home/hiep0247/hiep_ros2/install/mec_mobile_description1/bin'
[0.646s] Level 1:colcon.colcon_core.environment:checking '/home/hiep0247/hiep_ros2/install/mec_mobile_description1/lib/pkgconfig/mec_mobile_description1.pc'
[0.647s] Level 1:colcon.colcon_core.environment:checking '/home/hiep0247/hiep_ros2/install/mec_mobile_description1/lib/python3.12/site-packages'
[0.647s] Level 1:colcon.colcon_core.environment:checking '/home/hiep0247/hiep_ros2/install/mec_mobile_description1/bin'
[0.647s] INFO:colcon.colcon_core.shell:Creating package script '/home/hiep0247/hiep_ros2/install/mec_mobile_description1/share/mec_mobile_description1/package.ps1'
[0.648s] INFO:colcon.colcon_core.shell:Creating package descriptor '/home/hiep0247/hiep_ros2/install/mec_mobile_description1/share/mec_mobile_description1/package.dsv'
[0.648s] INFO:colcon.colcon_core.shell:Creating package script '/home/hiep0247/hiep_ros2/install/mec_mobile_description1/share/mec_mobile_description1/package.sh'
[0.649s] INFO:colcon.colcon_core.shell:Creating package script '/home/hiep0247/hiep_ros2/install/mec_mobile_description1/share/mec_mobile_description1/package.bash'
[0.649s] INFO:colcon.colcon_core.shell:Creating package script '/home/hiep0247/hiep_ros2/install/mec_mobile_description1/share/mec_mobile_description1/package.zsh'
[0.649s] Level 1:colcon.colcon_core.environment:create_file_with_runtime_dependencies(/home/hiep0247/hiep_ros2/install/mec_mobile_description1/share/colcon-core/packages/mec_mobile_description1)
[0.654s] Level 1:colcon.colcon_core.environment:create_environment_scripts_only(sllidar_ros2)
[0.654s] Level 1:colcon.colcon_core.environment:checking '/home/hiep0247/hiep_ros2/install/sllidar_ros2' for CMake module files
[0.656s] Level 1:colcon.colcon_core.environment:checking '/home/hiep0247/hiep_ros2/install/sllidar_ros2' for CMake config files
[0.658s] Level 1:colcon.colcon_core.shell:create_environment_hook('sllidar_ros2', 'cmake_prefix_path')
[0.658s] INFO:colcon.colcon_core.shell:Creating environment hook '/home/hiep0247/hiep_ros2/install/sllidar_ros2/share/sllidar_ros2/hook/cmake_prefix_path.ps1'
[0.659s] INFO:colcon.colcon_core.shell:Creating environment descriptor '/home/hiep0247/hiep_ros2/install/sllidar_ros2/share/sllidar_ros2/hook/cmake_prefix_path.dsv'
[0.659s] INFO:colcon.colcon_core.shell:Creating environment hook '/home/hiep0247/hiep_ros2/install/sllidar_ros2/share/sllidar_ros2/hook/cmake_prefix_path.sh'
[0.660s] Level 1:colcon.colcon_core.environment:checking '/home/hiep0247/hiep_ros2/install/sllidar_ros2/lib'
[0.660s] Level 1:colcon.colcon_core.environment:checking '/home/hiep0247/hiep_ros2/install/sllidar_ros2/bin'
[0.660s] Level 1:colcon.colcon_core.environment:checking '/home/hiep0247/hiep_ros2/install/sllidar_ros2/lib/pkgconfig/sllidar_ros2.pc'
[0.660s] Level 1:colcon.colcon_core.environment:checking '/home/hiep0247/hiep_ros2/install/sllidar_ros2/lib/python3.12/site-packages'
[0.661s] Level 1:colcon.colcon_core.environment:checking '/home/hiep0247/hiep_ros2/install/sllidar_ros2/bin'
[0.661s] INFO:colcon.colcon_core.shell:Creating package script '/home/hiep0247/hiep_ros2/install/sllidar_ros2/share/sllidar_ros2/package.ps1'
[0.662s] DEBUG:colcon.colcon_core.event_handler.log_command:Invoking command in '/home/hiep0247/hiep_ros2/build/mec_mobile': CMAKE_PREFIX_PATH=/home/hiep0247/hiep_ros2/install/mec_mobile_description:/home/hiep0247/hiep_ros2/install/sllidar_ros2:/home/hiep0247/hiep_ros2/install/mec_mobile_navigation:/home/hiep0247/hiep_ros2/install/mec_mobile_gazebo:/home/hiep0247/hiep_ros2/install/mec_mobile_description1:/home/hiep0247/hiep_ros2/install/mec_mobile:/home/hiep0247/ros2_ws/install/sllidar_ros2:/opt/ros/jazzy/opt/gz_sim_vendor:/opt/ros/jazzy/opt/gz_sensors_vendor:/opt/ros/jazzy/opt/gz_physics_vendor:/opt/ros/jazzy/opt/sdformat_vendor:/opt/ros/jazzy/opt/gz_gui_vendor:/opt/ros/jazzy/opt/gz_transport_vendor:/opt/ros/jazzy/opt/gz_rendering_vendor:/opt/ros/jazzy/opt/gz_plugin_vendor:/opt/ros/jazzy/opt/gz_fuel_tools_vendor:/opt/ros/jazzy/opt/gz_msgs_vendor:/opt/ros/jazzy/opt/gz_common_vendor:/opt/ros/jazzy/opt/gz_math_vendor:/opt/ros/jazzy/opt/gz_utils_vendor:/opt/ros/jazzy/opt/gz_tools_vendor:/opt/ros/jazzy/opt/gz_ogre_next_vendor:/opt/ros/jazzy/opt/gz_dartsim_vendor:/opt/ros/jazzy/opt/gz_cmake_vendor:/home/hiep0247/hiep_ros2/install/hiep_robot2:/home/hiep0247/hiep_ros2/install/agv_hmi:/home/hiep0247/hiep_ros2/install/agv_fleet:/opt/ros/jazzy DEBUGINFOD_URLS=https://debuginfod.ubuntu.com /usr/bin/cmake --build /home/hiep0247/hiep_ros2/build/mec_mobile -- -j12 -l12
[0.662s] DEBUG:colcon.colcon_core.event_handler.log_command:Invoked command in '/home/hiep0247/hiep_ros2/build/sllidar_ros2' returned '0': CMAKE_PREFIX_PATH=${CMAKE_PREFIX_PATH}:/home/hiep0247/hiep_ros2/install/hiep_robot2:/home/hiep0247/hiep_ros2/install/agv_hmi:/home/hiep0247/hiep_ros2/install/agv_fleet:/opt/ros/jazzy DEBUGINFOD_URLS=https://debuginfod.ubuntu.com /usr/bin/cmake --install /home/hiep0247/hiep_ros2/build/sllidar_ros2
[0.663s] INFO:colcon.colcon_core.shell:Creating package descriptor '/home/hiep0247/hiep_ros2/install/sllidar_ros2/share/sllidar_ros2/package.dsv'
[0.663s] INFO:colcon.colcon_core.shell:Creating package script '/home/hiep0247/hiep_ros2/install/sllidar_ros2/share/sllidar_ros2/package.sh'
[0.664s] INFO:colcon.colcon_core.shell:Creating package script '/home/hiep0247/hiep_ros2/install/sllidar_ros2/share/sllidar_ros2/package.bash'
[0.664s] INFO:colcon.colcon_core.shell:Creating package script '/home/hiep0247/hiep_ros2/install/sllidar_ros2/share/sllidar_ros2/package.zsh'
[0.664s] Level 1:colcon.colcon_core.environment:create_file_with_runtime_dependencies(/home/hiep0247/hiep_ros2/install/sllidar_ros2/share/colcon-core/packages/sllidar_ros2)
[0.665s] Level 1:colcon.colcon_core.environment:create_environment_scripts_only(sllidar_ros2)
[0.665s] Level 1:colcon.colcon_core.environment:checking '/home/hiep0247/hiep_ros2/install/sllidar_ros2' for CMake module files
[0.666s] Level 1:colcon.colcon_core.environment:checking '/home/hiep0247/hiep_ros2/install/sllidar_ros2' for CMake config files
[0.666s] Level 1:colcon.colcon_core.shell:create_environment_hook('sllidar_ros2', 'cmake_prefix_path')
[0.666s] INFO:colcon.colcon_core.shell:Creating environment hook '/home/hiep0247/hiep_ros2/install/sllidar_ros2/share/sllidar_ros2/hook/cmake_prefix_path.ps1'
[0.667s] INFO:colcon.colcon_core.shell:Creating environment descriptor '/home/hiep0247/hiep_ros2/install/sllidar_ros2/share/sllidar_ros2/hook/cmake_prefix_path.dsv'
[0.667s] INFO:colcon.colcon_core.shell:Creating environment hook '/home/hiep0247/hiep_ros2/install/sllidar_ros2/share/sllidar_ros2/hook/cmake_prefix_path.sh'
[0.668s] Level 1:colcon.colcon_core.environment:checking '/home/hiep0247/hiep_ros2/install/sllidar_ros2/lib'
[0.668s] Level 1:colcon.colcon_core.environment:checking '/home/hiep0247/hiep_ros2/install/sllidar_ros2/bin'
[0.668s] Level 1:colcon.colcon_core.environment:checking '/home/hiep0247/hiep_ros2/install/sllidar_ros2/lib/pkgconfig/sllidar_ros2.pc'
[0.668s] Level 1:colcon.colcon_core.environment:checking '/home/hiep0247/hiep_ros2/install/sllidar_ros2/lib/python3.12/site-packages'
[0.668s] Level 1:colcon.colcon_core.environment:checking '/home/hiep0247/hiep_ros2/install/sllidar_ros2/bin'
[0.669s] INFO:colcon.colcon_core.shell:Creating package script '/home/hiep0247/hiep_ros2/install/sllidar_ros2/share/sllidar_ros2/package.ps1'
[0.670s] INFO:colcon.colcon_core.shell:Creating package descriptor '/home/hiep0247/hiep_ros2/install/sllidar_ros2/share/sllidar_ros2/package.dsv'
[0.670s] INFO:colcon.colcon_core.shell:Creating package script '/home/hiep0247/hiep_ros2/install/sllidar_ros2/share/sllidar_ros2/package.sh'
[0.671s] INFO:colcon.colcon_core.shell:Creating package script '/home/hiep0247/hiep_ros2/install/sllidar_ros2/share/sllidar_ros2/package.bash'
[0.671s] INFO:colcon.colcon_core.shell:Creating package script '/home/hiep0247/hiep_ros2/install/sllidar_ros2/share/sllidar_ros2/package.zsh'
[0.672s] Level 1:colcon.colcon_core.environment:create_file_with_runtime_dependencies(/home/hiep0247/hiep_ros2/install/sllidar_ros2/share/colcon-core/packages/sllidar_ros2)
[0.672s] Level 1:colcon.colcon_core.environment:create_environment_scripts_only(mec_mobile_gazebo)
[0.673s] DEBUG:colcon.colcon_core.event_handler.log_command:Invoked command in '/home/hiep0247/hiep_ros2/build/mec_mobile_gazebo' returned '0': CMAKE_PREFIX_PATH=${CMAKE_PREFIX_PATH}:/home/hiep0247/hiep_ros2/install/hiep_robot2:/home/hiep0247/hiep_ros2/install/agv_hmi:/home/hiep0247/hiep_ros2/install/agv_fleet:/opt/ros/jazzy DEBUGINFOD_URLS=https://debuginfod.ubuntu.com /usr/bin/cmake --install /home/hiep0247/hiep_ros2/build/mec_mobile_gazebo
[0.673s] Level 1:colcon.colcon_core.environment:checking '/home/hiep0247/hiep_ros2/install/mec_mobile_gazebo' for CMake module files
[0.675s] Level 1:colcon.colcon_core.environment:checking '/home/hiep0247/hiep_ros2/install/mec_mobile_gazebo' for CMake config files
[0.675s] Level 1:colcon.colcon_core.shell:create_environment_hook('mec_mobile_gazebo', 'cmake_prefix_path')
[0.675s] INFO:colcon.colcon_core.shell:Creating environment hook '/home/hiep0247/hiep_ros2/install/mec_mobile_gazebo/share/mec_mobile_gazebo/hook/cmake_prefix_path.ps1'
[0.676s] INFO:colcon.colcon_core.shell:Creating environment descriptor '/home/hiep0247/hiep_ros2/install/mec_mobile_gazebo/share/mec_mobile_gazebo/hook/cmake_prefix_path.dsv'
[0.676s] INFO:colcon.colcon_core.shell:Creating environment hook '/home/hiep0247/hiep_ros2/install/mec_mobile_gazebo/share/mec_mobile_gazebo/hook/cmake_prefix_path.sh'
[0.677s] Level 1:colcon.colcon_core.environment:checking '/home/hiep0247/hiep_ros2/install/mec_mobile_gazebo/bin'
[0.677s] Level 1:colcon.colcon_core.environment:checking '/home/hiep0247/hiep_ros2/install/mec_mobile_gazebo/lib/pkgconfig/mec_mobile_gazebo.pc'
[0.677s] Level 1:colcon.colcon_core.environment:checking '/home/hiep0247/hiep_ros2/install/mec_mobile_gazebo/lib/python3.12/site-packages'
[0.677s] Level 1:colcon.colcon_core.environment:checking '/home/hiep0247/hiep_ros2/install/mec_mobile_gazebo/bin'
[0.681s] INFO:colcon.colcon_core.shell:Creating package script '/home/hiep0247/hiep_ros2/install/mec_mobile_gazebo/share/mec_mobile_gazebo/package.ps1'
[0.682s] INFO:colcon.colcon_core.shell:Creating package descriptor '/home/hiep0247/hiep_ros2/install/mec_mobile_gazebo/share/mec_mobile_gazebo/package.dsv'
[0.682s] INFO:colcon.colcon_core.shell:Creating package script '/home/hiep0247/hiep_ros2/install/mec_mobile_gazebo/share/mec_mobile_gazebo/package.sh'
[0.683s] INFO:colcon.colcon_core.shell:Creating package script '/home/hiep0247/hiep_ros2/install/mec_mobile_gazebo/share/mec_mobile_gazebo/package.bash'
[0.683s] INFO:colcon.colcon_core.shell:Creating package script '/home/hiep0247/hiep_ros2/install/mec_mobile_gazebo/share/mec_mobile_gazebo/package.zsh'
[0.683s] Level 1:colcon.colcon_core.environment:create_file_with_runtime_dependencies(/home/hiep0247/hiep_ros2/install/mec_mobile_gazebo/share/colcon-core/packages/mec_mobile_gazebo)
[0.685s] Level 1:colcon.colcon_core.environment:create_environment_scripts_only(mec_mobile_gazebo)
[0.685s] Level 1:colcon.colcon_core.environment:checking '/home/hiep0247/hiep_ros2/install/mec_mobile_gazebo' for CMake module files
[0.685s] Level 1:colcon.colcon_core.environment:checking '/home/hiep0247/hiep_ros2/install/mec_mobile_gazebo' for CMake config files
[0.686s] Level 1:colcon.colcon_core.shell:create_environment_hook('mec_mobile_gazebo', 'cmake_prefix_path')
[0.686s] INFO:colcon.colcon_core.shell:Creating environment hook '/home/hiep0247/hiep_ros2/install/mec_mobile_gazebo/share/mec_mobile_gazebo/hook/cmake_prefix_path.ps1'
[0.686s] INFO:colcon.colcon_core.shell:Creating environment descriptor '/home/hiep0247/hiep_ros2/install/mec_mobile_gazebo/share/mec_mobile_gazebo/hook/cmake_prefix_path.dsv'
[0.687s] INFO:colcon.colcon_core.shell:Creating environment hook '/home/hiep0247/hiep_ros2/install/mec_mobile_gazebo/share/mec_mobile_gazebo/hook/cmake_prefix_path.sh'
[0.687s] Level 1:colcon.colcon_core.environment:checking '/home/hiep0247/hiep_ros2/install/mec_mobile_gazebo/bin'
[0.687s] Level 1:colcon.colcon_core.environment:checking '/home/hiep0247/hiep_ros2/install/mec_mobile_gazebo/lib/pkgconfig/mec_mobile_gazebo.pc'
[0.688s] Level 1:colcon.colcon_core.environment:checking '/home/hiep0247/hiep_ros2/install/mec_mobile_gazebo/lib/python3.12/site-packages'
[0.688s] Level 1:colcon.colcon_core.environment:checking '/home/hiep0247/hiep_ros2/install/mec_mobile_gazebo/bin'
[0.688s] INFO:colcon.colcon_core.shell:Creating package script '/home/hiep0247/hiep_ros2/install/mec_mobile_gazebo/share/mec_mobile_gazebo/package.ps1'
[0.689s] INFO:colcon.colcon_core.shell:Creating package descriptor '/home/hiep0247/hiep_ros2/install/mec_mobile_gazebo/share/mec_mobile_gazebo/package.dsv'
[0.689s] INFO:colcon.colcon_core.shell:Creating package script '/home/hiep0247/hiep_ros2/install/mec_mobile_gazebo/share/mec_mobile_gazebo/package.sh'
[0.690s] INFO:colcon.colcon_core.shell:Creating package script '/home/hiep0247/hiep_ros2/install/mec_mobile_gazebo/share/mec_mobile_gazebo/package.bash'
[0.690s] INFO:colcon.colcon_core.shell:Creating package script '/home/hiep0247/hiep_ros2/install/mec_mobile_gazebo/share/mec_mobile_gazebo/package.zsh'
[0.691s] Level 1:colcon.colcon_core.environment:create_file_with_runtime_dependencies(/home/hiep0247/hiep_ros2/install/mec_mobile_gazebo/share/colcon-core/packages/mec_mobile_gazebo)
[0.702s] DEBUG:colcon.colcon_core.event_handler.log_command:Invoked command in '/home/hiep0247/hiep_ros2/build/mec_mobile' returned '0': CMAKE_PREFIX_PATH=/home/hiep0247/hiep_ros2/install/mec_mobile_description:/home/hiep0247/hiep_ros2/install/sllidar_ros2:/home/hiep0247/hiep_ros2/install/mec_mobile_navigation:/home/hiep0247/hiep_ros2/install/mec_mobile_gazebo:/home/hiep0247/hiep_ros2/install/mec_mobile_description1:/home/hiep0247/hiep_ros2/install/mec_mobile:/home/hiep0247/ros2_ws/install/sllidar_ros2:/opt/ros/jazzy/opt/gz_sim_vendor:/opt/ros/jazzy/opt/gz_sensors_vendor:/opt/ros/jazzy/opt/gz_physics_vendor:/opt/ros/jazzy/opt/sdformat_vendor:/opt/ros/jazzy/opt/gz_gui_vendor:/opt/ros/jazzy/opt/gz_transport_vendor:/opt/ros/jazzy/opt/gz_rendering_vendor:/opt/ros/jazzy/opt/gz_plugin_vendor:/opt/ros/jazzy/opt/gz_fuel_tools_vendor:/opt/ros/jazzy/opt/gz_msgs_vendor:/opt/ros/jazzy/opt/gz_common_vendor:/opt/ros/jazzy/opt/gz_math_vendor:/opt/ros/jazzy/opt/gz_utils_vendor:/opt/ros/jazzy/opt/gz_tools_vendor:/opt/ros/jazzy/opt/gz_ogre_next_vendor:/opt/ros/jazzy/opt/gz_dartsim_vendor:/opt/ros/jazzy/opt/gz_cmake_vendor:/home/hiep0247/hiep_ros2/install/hiep_robot2:/home/hiep0247/hiep_ros2/install/agv_hmi:/home/hiep0247/hiep_ros2/install/agv_fleet:/opt/ros/jazzy DEBUGINFOD_URLS=https://debuginfod.ubuntu.com /usr/bin/cmake --build /home/hiep0247/hiep_ros2/build/mec_mobile -- -j12 -l12
[0.703s] DEBUG:colcon.colcon_core.event_handler.log_command:Invoking command in '/home/hiep0247/hiep_ros2/build/mec_mobile': CMAKE_PREFIX_PATH=/home/hiep0247/hiep_ros2/install/mec_mobile_description:/home/hiep0247/hiep_ros2/install/sllidar_ros2:/home/hiep0247/hiep_ros2/install/mec_mobile_navigation:/home/hiep0247/hiep_ros2/install/mec_mobile_gazebo:/home/hiep0247/hiep_ros2/install/mec_mobile_description1:/home/hiep0247/hiep_ros2/install/mec_mobile:/home/hiep0247/ros2_ws/install/sllidar_ros2:/opt/ros/jazzy/opt/gz_sim_vendor:/opt/ros/jazzy/opt/gz_sensors_vendor:/opt/ros/jazzy/opt/gz_physics_vendor:/opt/ros/jazzy/opt/sdformat_vendor:/opt/ros/jazzy/opt/gz_gui_vendor:/opt/ros/jazzy/opt/gz_transport_vendor:/opt/ros/jazzy/opt/gz_rendering_vendor:/opt/ros/jazzy/opt/gz_plugin_vendor:/opt/ros/jazzy/opt/gz_fuel_tools_vendor:/opt/ros/jazzy/opt/gz_msgs_vendor:/opt/ros/jazzy/opt/gz_common_vendor:/opt/ros/jazzy/opt/gz_math_vendor:/opt/ros/jazzy/opt/gz_utils_vendor:/opt/ros/jazzy/opt/gz_tools_vendor:/opt/ros/jazzy/opt/gz_ogre_next_vendor:/opt/ros/jazzy/opt/gz_dartsim_vendor:/opt/ros/jazzy/opt/gz_cmake_vendor:/home/hiep0247/hiep_ros2/install/hiep_robot2:/home/hiep0247/hiep_ros2/install/agv_hmi:/home/hiep0247/hiep_ros2/install/agv_fleet:/opt/ros/jazzy DEBUGINFOD_URLS=https://debuginfod.ubuntu.com /usr/bin/cmake --install /home/hiep0247/hiep_ros2/build/mec_mobile
[0.713s] Level 1:colcon.colcon_core.environment:create_environment_scripts_only(mec_mobile)
[0.714s] Level 1:colcon.colcon_core.environment:checking '/home/hiep0247/hiep_ros2/install/mec_mobile' for CMake module files
[0.714s] Level 1:colcon.colcon_core.environment:checking '/home/hiep0247/hiep_ros2/install/mec_mobile' for CMake config files
[0.714s] Level 1:colcon.colcon_core.shell:create_environment_hook('mec_mobile', 'cmake_prefix_path')
[0.715s] INFO:colcon.colcon_core.shell:Creating environment hook '/home/hiep0247/hiep_ros2/install/mec_mobile/share/mec_mobile/hook/cmake_prefix_path.ps1'
[0.715s] INFO:colcon.colcon_core.shell:Creating environment descriptor '/home/hiep0247/hiep_ros2/install/mec_mobile/share/mec_mobile/hook/cmake_prefix_path.dsv'
[0.716s] INFO:colcon.colcon_core.shell:Creating environment hook '/home/hiep0247/hiep_ros2/install/mec_mobile/share/mec_mobile/hook/cmake_prefix_path.sh'
[0.716s] Level 1:colcon.colcon_core.environment:checking '/home/hiep0247/hiep_ros2/install/mec_mobile/bin'
[0.716s] Level 1:colcon.colcon_core.environment:checking '/home/hiep0247/hiep_ros2/install/mec_mobile/lib/pkgconfig/mec_mobile.pc'
[0.717s] Level 1:colcon.colcon_core.environment:checking '/home/hiep0247/hiep_ros2/install/mec_mobile/lib/python3.12/site-packages'
[0.717s] DEBUG:colcon.colcon_core.event_handler.log_command:Invoked command in '/home/hiep0247/hiep_ros2/build/mec_mobile' returned '0': CMAKE_PREFIX_PATH=/home/hiep0247/hiep_ros2/install/mec_mobile_description:/home/hiep0247/hiep_ros2/install/sllidar_ros2:/home/hiep0247/hiep_ros2/install/mec_mobile_navigation:/home/hiep0247/hiep_ros2/install/mec_mobile_gazebo:/home/hiep0247/hiep_ros2/install/mec_mobile_description1:/home/hiep0247/hiep_ros2/install/mec_mobile:/home/hiep0247/ros2_ws/install/sllidar_ros2:/opt/ros/jazzy/opt/gz_sim_vendor:/opt/ros/jazzy/opt/gz_sensors_vendor:/opt/ros/jazzy/opt/gz_physics_vendor:/opt/ros/jazzy/opt/sdformat_vendor:/opt/ros/jazzy/opt/gz_gui_vendor:/opt/ros/jazzy/opt/gz_transport_vendor:/opt/ros/jazzy/opt/gz_rendering_vendor:/opt/ros/jazzy/opt/gz_plugin_vendor:/opt/ros/jazzy/opt/gz_fuel_tools_vendor:/opt/ros/jazzy/opt/gz_msgs_vendor:/opt/ros/jazzy/opt/gz_common_vendor:/opt/ros/jazzy/opt/gz_math_vendor:/opt/ros/jazzy/opt/gz_utils_vendor:/opt/ros/jazzy/opt/gz_tools_vendor:/opt/ros/jazzy/opt/gz_ogre_next_vendor:/opt/ros/jazzy/opt/gz_dartsim_vendor:/opt/ros/jazzy/opt/gz_cmake_vendor:/home/hiep0247/hiep_ros2/install/hiep_robot2:/home/hiep0247/hiep_ros2/install/agv_hmi:/home/hiep0247/hiep_ros2/install/agv_fleet:/opt/ros/jazzy DEBUGINFOD_URLS=https://debuginfod.ubuntu.com /usr/bin/cmake --install /home/hiep0247/hiep_ros2/build/mec_mobile
[0.718s] Level 1:colcon.colcon_core.environment:checking '/home/hiep0247/hiep_ros2/install/mec_mobile/bin'
[0.718s] INFO:colcon.colcon_core.shell:Creating package script '/home/hiep0247/hiep_ros2/install/mec_mobile/share/mec_mobile/package.ps1'
[0.718s] INFO:colcon.colcon_core.shell:Creating package descriptor '/home/hiep0247/hiep_ros2/install/mec_mobile/share/mec_mobile/package.dsv'
[0.719s] INFO:colcon.colcon_core.shell:Creating package script '/home/hiep0247/hiep_ros2/install/mec_mobile/share/mec_mobile/package.sh'
[0.719s] INFO:colcon.colcon_core.shell:Creating package script '/home/hiep0247/hiep_ros2/install/mec_mobile/share/mec_mobile/package.bash'
[0.719s] INFO:colcon.colcon_core.shell:Creating package script '/home/hiep0247/hiep_ros2/install/mec_mobile/share/mec_mobile/package.zsh'
[0.720s] Level 1:colcon.colcon_core.environment:create_file_with_runtime_dependencies(/home/hiep0247/hiep_ros2/install/mec_mobile/share/colcon-core/packages/mec_mobile)
[0.720s] Level 1:colcon.colcon_core.environment:create_environment_scripts_only(mec_mobile)
[0.720s] Level 1:colcon.colcon_core.environment:checking '/home/hiep0247/hiep_ros2/install/mec_mobile' for CMake module files
[0.721s] Level 1:colcon.colcon_core.environment:checking '/home/hiep0247/hiep_ros2/install/mec_mobile' for CMake config files
[0.721s] Level 1:colcon.colcon_core.shell:create_environment_hook('mec_mobile', 'cmake_prefix_path')
[0.721s] INFO:colcon.colcon_core.shell:Creating environment hook '/home/hiep0247/hiep_ros2/install/mec_mobile/share/mec_mobile/hook/cmake_prefix_path.ps1'
[0.721s] INFO:colcon.colcon_core.shell:Creating environment descriptor '/home/hiep0247/hiep_ros2/install/mec_mobile/share/mec_mobile/hook/cmake_prefix_path.dsv'
[0.722s] INFO:colcon.colcon_core.shell:Creating environment hook '/home/hiep0247/hiep_ros2/install/mec_mobile/share/mec_mobile/hook/cmake_prefix_path.sh'
[0.722s] Level 1:colcon.colcon_core.environment:checking '/home/hiep0247/hiep_ros2/install/mec_mobile/bin'
[0.722s] Level 1:colcon.colcon_core.environment:checking '/home/hiep0247/hiep_ros2/install/mec_mobile/lib/pkgconfig/mec_mobile.pc'
[0.722s] Level 1:colcon.colcon_core.environment:checking '/home/hiep0247/hiep_ros2/install/mec_mobile/lib/python3.12/site-packages'
[0.723s] Level 1:colcon.colcon_core.environment:checking '/home/hiep0247/hiep_ros2/install/mec_mobile/bin'
[0.723s] INFO:colcon.colcon_core.shell:Creating package script '/home/hiep0247/hiep_ros2/install/mec_mobile/share/mec_mobile/package.ps1'
[0.723s] INFO:colcon.colcon_core.shell:Creating package descriptor '/home/hiep0247/hiep_ros2/install/mec_mobile/share/mec_mobile/package.dsv'
[0.724s] INFO:colcon.colcon_core.shell:Creating package script '/home/hiep0247/hiep_ros2/install/mec_mobile/share/mec_mobile/package.sh'
[0.724s] INFO:colcon.colcon_core.shell:Creating package script '/home/hiep0247/hiep_ros2/install/mec_mobile/share/mec_mobile/package.bash'
[0.724s] INFO:colcon.colcon_core.shell:Creating package script '/home/hiep0247/hiep_ros2/install/mec_mobile/share/mec_mobile/package.zsh'
[0.725s] Level 1:colcon.colcon_core.environment:create_file_with_runtime_dependencies(/home/hiep0247/hiep_ros2/install/mec_mobile/share/colcon-core/packages/mec_mobile)
[0.853s] DEBUG:colcon.colcon_core.event_handler.log_command:Invoked command in '/home/hiep0247/hiep_ros2/build/mec_mobile_navigation' returned '0': CMAKE_PREFIX_PATH=${CMAKE_PREFIX_PATH}:/home/hiep0247/hiep_ros2/install/hiep_robot2:/home/hiep0247/hiep_ros2/install/agv_hmi:/home/hiep0247/hiep_ros2/install/agv_fleet:/opt/ros/jazzy DEBUGINFOD_URLS=https://debuginfod.ubuntu.com /usr/bin/cmake --build /home/hiep0247/hiep_ros2/build/mec_mobile_navigation -- -j12 -l12
[0.853s] DEBUG:colcon.colcon_core.event_handler.log_command:Invoking command in '/home/hiep0247/hiep_ros2/build/mec_mobile_navigation': CMAKE_PREFIX_PATH=${CMAKE_PREFIX_PATH}:/home/hiep0247/hiep_ros2/install/hiep_robot2:/home/hiep0247/hiep_ros2/install/agv_hmi:/home/hiep0247/hiep_ros2/install/agv_fleet:/opt/ros/jazzy DEBUGINFOD_URLS=https://debuginfod.ubuntu.com /usr/bin/cmake --install /home/hiep0247/hiep_ros2/build/mec_mobile_navigation
[0.887s] Level 1:colcon.colcon_core.environment:create_environment_scripts_only(mec_mobile_navigation)
[0.888s] DEBUG:colcon.colcon_core.event_handler.log_command:Invoked command in '/home/hiep0247/hiep_ros2/build/mec_mobile_navigation' returned '0': CMAKE_PREFIX_PATH=${CMAKE_PREFIX_PATH}:/home/hiep0247/hiep_ros2/install/hiep_robot2:/home/hiep0247/hiep_ros2/install/agv_hmi:/home/hiep0247/hiep_ros2/install/agv_fleet:/opt/ros/jazzy DEBUGINFOD_URLS=https://debuginfod.ubuntu.com /usr/bin/cmake --install /home/hiep0247/hiep_ros2/build/mec_mobile_navigation
[0.888s] Level 1:colcon.colcon_core.environment:checking '/home/hiep0247/hiep_ros2/install/mec_mobile_navigation' for CMake module files
[0.888s] Level 1:colcon.colcon_core.environment:checking '/home/hiep0247/hiep_ros2/install/mec_mobile_navigation' for CMake config files
[0.888s] Level 1:colcon.colcon_core.shell:create_environment_hook('mec_mobile_navigation', 'cmake_prefix_path')
[0.888s] INFO:colcon.colcon_core.shell:Creating environment hook '/home/hiep0247/hiep_ros2/install/mec_mobile_navigation/share/mec_mobile_navigation/hook/cmake_prefix_path.ps1'
[0.889s] INFO:colcon.colcon_core.shell:Creating environment descriptor '/home/hiep0247/hiep_ros2/install/mec_mobile_navigation/share/mec_mobile_navigation/hook/cmake_prefix_path.dsv'
[0.889s] INFO:colcon.colcon_core.shell:Creating environment hook '/home/hiep0247/hiep_ros2/install/mec_mobile_navigation/share/mec_mobile_navigation/hook/cmake_prefix_path.sh'
[0.889s] Level 1:colcon.colcon_core.environment:checking '/home/hiep0247/hiep_ros2/install/mec_mobile_navigation/lib'
[0.889s] Level 1:colcon.colcon_core.environment:checking '/home/hiep0247/hiep_ros2/install/mec_mobile_navigation/bin'
[0.889s] Level 1:colcon.colcon_core.environment:checking '/home/hiep0247/hiep_ros2/install/mec_mobile_navigation/lib/pkgconfig/mec_mobile_navigation.pc'
[0.889s] Level 1:colcon.colcon_core.environment:checking '/home/hiep0247/hiep_ros2/install/mec_mobile_navigation/lib/python3.12/site-packages'
[0.890s] Level 1:colcon.colcon_core.shell:create_environment_hook('mec_mobile_navigation', 'pythonpath')
[0.890s] INFO:colcon.colcon_core.shell:Creating environment hook '/home/hiep0247/hiep_ros2/install/mec_mobile_navigation/share/mec_mobile_navigation/hook/pythonpath.ps1'
[0.890s] INFO:colcon.colcon_core.shell:Creating environment descriptor '/home/hiep0247/hiep_ros2/install/mec_mobile_navigation/share/mec_mobile_navigation/hook/pythonpath.dsv'
[0.890s] INFO:colcon.colcon_core.shell:Creating environment hook '/home/hiep0247/hiep_ros2/install/mec_mobile_navigation/share/mec_mobile_navigation/hook/pythonpath.sh'
[0.890s] Level 1:colcon.colcon_core.environment:checking '/home/hiep0247/hiep_ros2/install/mec_mobile_navigation/bin'
[0.891s] INFO:colcon.colcon_core.shell:Creating package script '/home/hiep0247/hiep_ros2/install/mec_mobile_navigation/share/mec_mobile_navigation/package.ps1'
[0.891s] INFO:colcon.colcon_core.shell:Creating package descriptor '/home/hiep0247/hiep_ros2/install/mec_mobile_navigation/share/mec_mobile_navigation/package.dsv'
[0.891s] INFO:colcon.colcon_core.shell:Creating package script '/home/hiep0247/hiep_ros2/install/mec_mobile_navigation/share/mec_mobile_navigation/package.sh'
[0.891s] INFO:colcon.colcon_core.shell:Creating package script '/home/hiep0247/hiep_ros2/install/mec_mobile_navigation/share/mec_mobile_navigation/package.bash'
[0.892s] INFO:colcon.colcon_core.shell:Creating package script '/home/hiep0247/hiep_ros2/install/mec_mobile_navigation/share/mec_mobile_navigation/package.zsh'
[0.892s] Level 1:colcon.colcon_core.environment:create_file_with_runtime_dependencies(/home/hiep0247/hiep_ros2/install/mec_mobile_navigation/share/colcon-core/packages/mec_mobile_navigation)
[0.892s] Level 1:colcon.colcon_core.environment:create_environment_scripts_only(mec_mobile_navigation)
[0.892s] Level 1:colcon.colcon_core.environment:checking '/home/hiep0247/hiep_ros2/install/mec_mobile_navigation' for CMake module files
[0.892s] Level 1:colcon.colcon_core.environment:checking '/home/hiep0247/hiep_ros2/install/mec_mobile_navigation' for CMake config files
[0.893s] Level 1:colcon.colcon_core.shell:create_environment_hook('mec_mobile_navigation', 'cmake_prefix_path')
[0.893s] INFO:colcon.colcon_core.shell:Creating environment hook '/home/hiep0247/hiep_ros2/install/mec_mobile_navigation/share/mec_mobile_navigation/hook/cmake_prefix_path.ps1'
[0.893s] INFO:colcon.colcon_core.shell:Creating environment descriptor '/home/hiep0247/hiep_ros2/install/mec_mobile_navigation/share/mec_mobile_navigation/hook/cmake_prefix_path.dsv'
[0.893s] INFO:colcon.colcon_core.shell:Creating environment hook '/home/hiep0247/hiep_ros2/install/mec_mobile_navigation/share/mec_mobile_navigation/hook/cmake_prefix_path.sh'
[0.893s] Level 1:colcon.colcon_core.environment:checking '/home/hiep0247/hiep_ros2/install/mec_mobile_navigation/lib'
[0.893s] Level 1:colcon.colcon_core.environment:checking '/home/hiep0247/hiep_ros2/install/mec_mobile_navigation/bin'
[0.893s] Level 1:colcon.colcon_core.environment:checking '/home/hiep0247/hiep_ros2/install/mec_mobile_navigation/lib/pkgconfig/mec_mobile_navigation.pc'
[0.894s] Level 1:colcon.colcon_core.environment:checking '/home/hiep0247/hiep_ros2/install/mec_mobile_navigation/lib/python3.12/site-packages'
[0.894s] Level 1:colcon.colcon_core.shell:create_environment_hook('mec_mobile_navigation', 'pythonpath')
[0.894s] INFO:colcon.colcon_core.shell:Creating environment hook '/home/hiep0247/hiep_ros2/install/mec_mobile_navigation/share/mec_mobile_navigation/hook/pythonpath.ps1'
[0.894s] INFO:colcon.colcon_core.shell:Creating environment descriptor '/home/hiep0247/hiep_ros2/install/mec_mobile_navigation/share/mec_mobile_navigation/hook/pythonpath.dsv'
[0.894s] INFO:colcon.colcon_core.shell:Creating environment hook '/home/hiep0247/hiep_ros2/install/mec_mobile_navigation/share/mec_mobile_navigation/hook/pythonpath.sh'
[0.895s] Level 1:colcon.colcon_core.environment:checking '/home/hiep0247/hiep_ros2/install/mec_mobile_navigation/bin'
[0.895s] INFO:colcon.colcon_core.shell:Creating package script '/home/hiep0247/hiep_ros2/install/mec_mobile_navigation/share/mec_mobile_navigation/package.ps1'
[0.895s] INFO:colcon.colcon_core.shell:Creating package descriptor '/home/hiep0247/hiep_ros2/install/mec_mobile_navigation/share/mec_mobile_navigation/package.dsv'
[0.895s] INFO:colcon.colcon_core.shell:Creating package script '/home/hiep0247/hiep_ros2/install/mec_mobile_navigation/share/mec_mobile_navigation/package.sh'
[0.896s] INFO:colcon.colcon_core.shell:Creating package script '/home/hiep0247/hiep_ros2/install/mec_mobile_navigation/share/mec_mobile_navigation/package.bash'
[0.896s] INFO:colcon.colcon_core.shell:Creating package script '/home/hiep0247/hiep_ros2/install/mec_mobile_navigation/share/mec_mobile_navigation/package.zsh'
[0.896s] Level 1:colcon.colcon_core.environment:create_file_with_runtime_dependencies(/home/hiep0247/hiep_ros2/install/mec_mobile_navigation/share/colcon-core/packages/mec_mobile_navigation)
[0.994s] DEBUG:colcon.colcon_core.task.python.build:Available setuptools commands: build_clib, setopt, editable_wheel, saveopts, compile_catalog, bdist_dumb, easy_install, install_egg_info, bdist, build, extract_messages, upload, install_scripts, test, rotate, symlink_data, build_py, build_ext, bdist_egg, bdist_rpm, egg_info, alias, install_headers, bdist_wheel, upload_docs, install, install_lib, update_catalog, sdist, dist_info, check, install_data, build_scripts, register, develop, init_catalog, clean
[0.995s] DEBUG:colcon.colcon_core.event_handler.log_command:Invoking command in '/home/hiep0247/hiep_ros2/src/agv_fleet': DEBUGINFOD_URLS=https://debuginfod.ubuntu.com PYTHONPATH=/home/hiep0247/hiep_ros2/build/agv_fleet/prefix_override:/usr/lib/python3/dist-packages/colcon_core/task/python/colcon_distutils_commands:/home/hiep0247/hiep_ros2/install/agv_fleet/lib/python3.12/site-packages:${PYTHONPATH} /usr/bin/python3 -W ignore:setup.py install is deprecated -W ignore:easy_install command is deprecated setup.py egg_info --egg-base ../../build/agv_fleet build --build-base /home/hiep0247/hiep_ros2/build/agv_fleet/build install --record /home/hiep0247/hiep_ros2/build/agv_fleet/install.log --install-scripts $base/lib/agv_fleet --single-version-externally-managed install_data
[1.008s] DEBUG:colcon.colcon_core.task.python.build:Available setuptools commands: build_clib, setopt, editable_wheel, saveopts, compile_catalog, bdist_dumb, easy_install, install_egg_info, bdist, build, extract_messages, upload, install_scripts, test, rotate, symlink_data, build_py, build_ext, bdist_egg, bdist_rpm, egg_info, alias, install_headers, bdist_wheel, upload_docs, install, install_lib, update_catalog, sdist, dist_info, check, install_data, build_scripts, register, develop, init_catalog, clean
[1.009s] DEBUG:colcon.colcon_core.event_handler.log_command:Invoking command in '/home/hiep0247/hiep_ros2/src/agv_hmi': DEBUGINFOD_URLS=https://debuginfod.ubuntu.com PYTHONPATH=/home/hiep0247/hiep_ros2/build/agv_hmi/prefix_override:/usr/lib/python3/dist-packages/colcon_core/task/python/colcon_distutils_commands:/home/hiep0247/hiep_ros2/install/agv_hmi/lib/python3.12/site-packages:${PYTHONPATH} /usr/bin/python3 -W ignore:setup.py install is deprecated -W ignore:easy_install command is deprecated setup.py egg_info --egg-base ../../build/agv_hmi build --build-base /home/hiep0247/hiep_ros2/build/agv_hmi/build install --record /home/hiep0247/hiep_ros2/build/agv_hmi/install.log --install-scripts $base/lib/agv_hmi --single-version-externally-managed install_data
[1.016s] DEBUG:colcon.colcon_core.task.python.build:Available setuptools commands: build_clib, setopt, editable_wheel, saveopts, compile_catalog, bdist_dumb, easy_install, install_egg_info, bdist, build, extract_messages, upload, install_scripts, test, rotate, symlink_data, build_py, build_ext, bdist_egg, bdist_rpm, egg_info, alias, install_headers, bdist_wheel, upload_docs, install, install_lib, update_catalog, sdist, dist_info, check, install_data, build_scripts, register, develop, init_catalog, clean
[1.017s] DEBUG:colcon.colcon_core.event_handler.log_command:Invoking command in '/home/hiep0247/hiep_ros2/src/hiep_robot2': DEBUGINFOD_URLS=https://debuginfod.ubuntu.com PYTHONPATH=/home/hiep0247/hiep_ros2/build/hiep_robot2/prefix_override:/usr/lib/python3/dist-packages/colcon_core/task/python/colcon_distutils_commands:/home/hiep0247/hiep_ros2/install/hiep_robot2/lib/python3.12/site-packages:${PYTHONPATH} /usr/bin/python3 -W ignore:setup.py install is deprecated -W ignore:easy_install command is deprecated setup.py egg_info --egg-base ../../build/hiep_robot2 build --build-base /home/hiep0247/hiep_ros2/build/hiep_robot2/build install --record /home/hiep0247/hiep_ros2/build/hiep_robot2/install.log --install-scripts $base/lib/hiep_robot2 --single-version-externally-managed install_data
[1.325s] Level 1:colcon.colcon_core.environment:checking '/home/hiep0247/hiep_ros2/install/agv_fleet' for CMake module files
[1.326s] DEBUG:colcon.colcon_core.event_handler.log_command:Invoked command in '/home/hiep0247/hiep_ros2/src/agv_fleet' returned '0': DEBUGINFOD_URLS=https://debuginfod.ubuntu.com PYTHONPATH=/home/hiep0247/hiep_ros2/build/agv_fleet/prefix_override:/usr/lib/python3/dist-packages/colcon_core/task/python/colcon_distutils_commands:/home/hiep0247/hiep_ros2/install/agv_fleet/lib/python3.12/site-packages:${PYTHONPATH} /usr/bin/python3 -W ignore:setup.py install is deprecated -W ignore:easy_install command is deprecated setup.py egg_info --egg-base ../../build/agv_fleet build --build-base /home/hiep0247/hiep_ros2/build/agv_fleet/build install --record /home/hiep0247/hiep_ros2/build/agv_fleet/install.log --install-scripts $base/lib/agv_fleet --single-version-externally-managed install_data
[1.326s] Level 1:colcon.colcon_core.environment:checking '/home/hiep0247/hiep_ros2/install/agv_fleet' for CMake config files
[1.326s] Level 1:colcon.colcon_core.environment:checking '/home/hiep0247/hiep_ros2/install/agv_fleet/lib'
[1.326s] Level 1:colcon.colcon_core.environment:checking '/home/hiep0247/hiep_ros2/install/agv_fleet/bin'
[1.326s] Level 1:colcon.colcon_core.environment:checking '/home/hiep0247/hiep_ros2/install/agv_fleet/lib/pkgconfig/agv_fleet.pc'
[1.327s] Level 1:colcon.colcon_core.environment:checking '/home/hiep0247/hiep_ros2/install/agv_fleet/lib/python3.12/site-packages'
[1.327s] Level 1:colcon.colcon_core.shell:create_environment_hook('agv_fleet', 'pythonpath')
[1.327s] INFO:colcon.colcon_core.shell:Creating environment hook '/home/hiep0247/hiep_ros2/install/agv_fleet/share/agv_fleet/hook/pythonpath.ps1'
[1.327s] INFO:colcon.colcon_core.shell:Creating environment descriptor '/home/hiep0247/hiep_ros2/install/agv_fleet/share/agv_fleet/hook/pythonpath.dsv'
[1.328s] INFO:colcon.colcon_core.shell:Creating environment hook '/home/hiep0247/hiep_ros2/install/agv_fleet/share/agv_fleet/hook/pythonpath.sh'
[1.328s] Level 1:colcon.colcon_core.environment:checking '/home/hiep0247/hiep_ros2/install/agv_fleet/bin'
[1.328s] Level 1:colcon.colcon_core.environment:create_environment_scripts_only(agv_fleet)
[1.328s] INFO:colcon.colcon_core.shell:Creating package script '/home/hiep0247/hiep_ros2/install/agv_fleet/share/agv_fleet/package.ps1'
[1.329s] INFO:colcon.colcon_core.shell:Creating package descriptor '/home/hiep0247/hiep_ros2/install/agv_fleet/share/agv_fleet/package.dsv'
[1.329s] INFO:colcon.colcon_core.shell:Creating package script '/home/hiep0247/hiep_ros2/install/agv_fleet/share/agv_fleet/package.sh'
[1.329s] INFO:colcon.colcon_core.shell:Creating package script '/home/hiep0247/hiep_ros2/install/agv_fleet/share/agv_fleet/package.bash'
[1.330s] INFO:colcon.colcon_core.shell:Creating package script '/home/hiep0247/hiep_ros2/install/agv_fleet/share/agv_fleet/package.zsh'
[1.330s] Level 1:colcon.colcon_core.environment:create_file_with_runtime_dependencies(/home/hiep0247/hiep_ros2/install/agv_fleet/share/colcon-core/packages/agv_fleet)
[1.336s] Level 1:colcon.colcon_core.environment:checking '/home/hiep0247/hiep_ros2/install/agv_hmi' for CMake module files
[1.336s] DEBUG:colcon.colcon_core.event_handler.log_command:Invoked command in '/home/hiep0247/hiep_ros2/src/agv_hmi' returned '0': DEBUGINFOD_URLS=https://debuginfod.ubuntu.com PYTHONPATH=/home/hiep0247/hiep_ros2/build/agv_hmi/prefix_override:/usr/lib/python3/dist-packages/colcon_core/task/python/colcon_distutils_commands:/home/hiep0247/hiep_ros2/install/agv_hmi/lib/python3.12/site-packages:${PYTHONPATH} /usr/bin/python3 -W ignore:setup.py install is deprecated -W ignore:easy_install command is deprecated setup.py egg_info --egg-base ../../build/agv_hmi build --build-base /home/hiep0247/hiep_ros2/build/agv_hmi/build install --record /home/hiep0247/hiep_ros2/build/agv_hmi/install.log --install-scripts $base/lib/agv_hmi --single-version-externally-managed install_data
[1.336s] Level 1:colcon.colcon_core.environment:checking '/home/hiep0247/hiep_ros2/install/agv_hmi' for CMake config files
[1.336s] Level 1:colcon.colcon_core.environment:checking '/home/hiep0247/hiep_ros2/install/agv_hmi/lib'
[1.336s] Level 1:colcon.colcon_core.environment:checking '/home/hiep0247/hiep_ros2/install/agv_hmi/bin'
[1.337s] Level 1:colcon.colcon_core.environment:checking '/home/hiep0247/hiep_ros2/install/agv_hmi/lib/pkgconfig/agv_hmi.pc'
[1.337s] Level 1:colcon.colcon_core.environment:checking '/home/hiep0247/hiep_ros2/install/agv_hmi/lib/python3.12/site-packages'
[1.337s] Level 1:colcon.colcon_core.shell:create_environment_hook('agv_hmi', 'pythonpath')
[1.337s] INFO:colcon.colcon_core.shell:Creating environment hook '/home/hiep0247/hiep_ros2/install/agv_hmi/share/agv_hmi/hook/pythonpath.ps1'
[1.337s] INFO:colcon.colcon_core.shell:Creating environment descriptor '/home/hiep0247/hiep_ros2/install/agv_hmi/share/agv_hmi/hook/pythonpath.dsv'
[1.337s] INFO:colcon.colcon_core.shell:Creating environment hook '/home/hiep0247/hiep_ros2/install/agv_hmi/share/agv_hmi/hook/pythonpath.sh'
[1.338s] Level 1:colcon.colcon_core.environment:checking '/home/hiep0247/hiep_ros2/install/agv_hmi/bin'
[1.338s] Level 1:colcon.colcon_core.environment:create_environment_scripts_only(agv_hmi)
[1.338s] INFO:colcon.colcon_core.shell:Creating package script '/home/hiep0247/hiep_ros2/install/agv_hmi/share/agv_hmi/package.ps1'
[1.338s] INFO:colcon.colcon_core.shell:Creating package descriptor '/home/hiep0247/hiep_ros2/install/agv_hmi/share/agv_hmi/package.dsv'
[1.339s] INFO:colcon.colcon_core.shell:Creating package script '/home/hiep0247/hiep_ros2/install/agv_hmi/share/agv_hmi/package.sh'
[1.339s] INFO:colcon.colcon_core.shell:Creating package script '/home/hiep0247/hiep_ros2/install/agv_hmi/share/agv_hmi/package.bash'
[1.339s] INFO:colcon.colcon_core.shell:Creating package script '/home/hiep0247/hiep_ros2/install/agv_hmi/share/agv_hmi/package.zsh'
[1.339s] Level 1:colcon.colcon_core.environment:create_file_with_runtime_dependencies(/home/hiep0247/hiep_ros2/install/agv_hmi/share/colcon-core/packages/agv_hmi)
[1.346s] Level 1:colcon.colcon_core.environment:checking '/home/hiep0247/hiep_ros2/install/hiep_robot2' for CMake module files
[1.346s] DEBUG:colcon.colcon_core.event_handler.log_command:Invoked command in '/home/hiep0247/hiep_ros2/src/hiep_robot2' returned '0': DEBUGINFOD_URLS=https://debuginfod.ubuntu.com PYTHONPATH=/home/hiep0247/hiep_ros2/build/hiep_robot2/prefix_override:/usr/lib/python3/dist-packages/colcon_core/task/python/colcon_distutils_commands:/home/hiep0247/hiep_ros2/install/hiep_robot2/lib/python3.12/site-packages:${PYTHONPATH} /usr/bin/python3 -W ignore:setup.py install is deprecated -W ignore:easy_install command is deprecated setup.py egg_info --egg-base ../../build/hiep_robot2 build --build-base /home/hiep0247/hiep_ros2/build/hiep_robot2/build install --record /home/hiep0247/hiep_ros2/build/hiep_robot2/install.log --install-scripts $base/lib/hiep_robot2 --single-version-externally-managed install_data
[1.346s] Level 1:colcon.colcon_core.environment:checking '/home/hiep0247/hiep_ros2/install/hiep_robot2' for CMake config files
[1.347s] Level 1:colcon.colcon_core.environment:checking '/home/hiep0247/hiep_ros2/install/hiep_robot2/lib'
[1.347s] Level 1:colcon.colcon_core.environment:checking '/home/hiep0247/hiep_ros2/install/hiep_robot2/bin'
[1.347s] Level 1:colcon.colcon_core.environment:checking '/home/hiep0247/hiep_ros2/install/hiep_robot2/lib/pkgconfig/hiep_robot2.pc'
[1.347s] Level 1:colcon.colcon_core.environment:checking '/home/hiep0247/hiep_ros2/install/hiep_robot2/lib/python3.12/site-packages'
[1.347s] Level 1:colcon.colcon_core.shell:create_environment_hook('hiep_robot2', 'pythonpath')
[1.347s] INFO:colcon.colcon_core.shell:Creating environment hook '/home/hiep0247/hiep_ros2/install/hiep_robot2/share/hiep_robot2/hook/pythonpath.ps1'
[1.347s] INFO:colcon.colcon_core.shell:Creating environment descriptor '/home/hiep0247/hiep_ros2/install/hiep_robot2/share/hiep_robot2/hook/pythonpath.dsv'
[1.347s] INFO:colcon.colcon_core.shell:Creating environment hook '/home/hiep0247/hiep_ros2/install/hiep_robot2/share/hiep_robot2/hook/pythonpath.sh'
[1.348s] Level 1:colcon.colcon_core.environment:checking '/home/hiep0247/hiep_ros2/install/hiep_robot2/bin'
[1.348s] Level 1:colcon.colcon_core.environment:create_environment_scripts_only(hiep_robot2)
[1.348s] INFO:colcon.colcon_core.shell:Creating package script '/home/hiep0247/hiep_ros2/install/hiep_robot2/share/hiep_robot2/package.ps1'
[1.348s] INFO:colcon.colcon_core.shell:Creating package descriptor '/home/hiep0247/hiep_ros2/install/hiep_robot2/share/hiep_robot2/package.dsv'
[1.349s] INFO:colcon.colcon_core.shell:Creating package script '/home/hiep0247/hiep_ros2/install/hiep_robot2/share/hiep_robot2/package.sh'
[1.349s] INFO:colcon.colcon_core.shell:Creating package script '/home/hiep0247/hiep_ros2/install/hiep_robot2/share/hiep_robot2/package.bash'
[1.349s] INFO:colcon.colcon_core.shell:Creating package script '/home/hiep0247/hiep_ros2/install/hiep_robot2/share/hiep_robot2/package.zsh'
[1.349s] Level 1:colcon.colcon_core.environment:create_file_with_runtime_dependencies(/home/hiep0247/hiep_ros2/install/hiep_robot2/share/colcon-core/packages/hiep_robot2)
[1.349s] DEBUG:colcon.colcon_parallel_executor.executor.parallel:closing loop
[1.350s] DEBUG:colcon.colcon_parallel_executor.executor.parallel:loop closed
[1.350s] DEBUG:colcon.colcon_parallel_executor.executor.parallel:run_until_complete finished with '0'
[1.350s] DEBUG:colcon.colcon_core.event_reactor:joining thread
[1.353s] INFO:colcon.colcon_core.plugin_system:Skipping extension 'colcon_notification.desktop_notification.terminal_notifier': Not used on non-Darwin systems
[1.353s] INFO:colcon.colcon_core.plugin_system:Skipping extension 'colcon_notification.desktop_notification.win32': Not used on non-Windows systems
[1.353s] INFO:colcon.colcon_notification.desktop_notification:Sending desktop notification using 'notify2'
[1.361s] DEBUG:colcon.colcon_core.event_reactor:joined thread
[1.361s] INFO:colcon.colcon_core.shell:Creating prefix script '/home/hiep0247/hiep_ros2/install/local_setup.ps1'
[1.361s] INFO:colcon.colcon_core.shell:Creating prefix util module '/home/hiep0247/hiep_ros2/install/_local_setup_util_ps1.py'
[1.362s] INFO:colcon.colcon_core.shell:Creating prefix chain script '/home/hiep0247/hiep_ros2/install/setup.ps1'
[1.363s] INFO:colcon.colcon_core.shell:Creating prefix script '/home/hiep0247/hiep_ros2/install/local_setup.sh'
[1.363s] INFO:colcon.colcon_core.shell:Creating prefix util module '/home/hiep0247/hiep_ros2/install/_local_setup_util_sh.py'
[1.363s] INFO:colcon.colcon_core.shell:Creating prefix chain script '/home/hiep0247/hiep_ros2/install/setup.sh'
[1.364s] INFO:colcon.colcon_core.shell:Creating prefix script '/home/hiep0247/hiep_ros2/install/local_setup.bash'
[1.364s] INFO:colcon.colcon_core.shell:Creating prefix chain script '/home/hiep0247/hiep_ros2/install/setup.bash'
[1.365s] INFO:colcon.colcon_core.shell:Creating prefix script '/home/hiep0247/hiep_ros2/install/local_setup.zsh'
[1.365s] INFO:colcon.colcon_core.shell:Creating prefix chain script '/home/hiep0247/hiep_ros2/install/setup.zsh'
