[0.063s] DEBUG:colcon:Command line arguments: ['/usr/bin/colcon', 'build']
[0.063s] DEBUG:colcon:Parsed command line arguments: Namespace(log_base=None, log_level=None, verb_name='build', build_base='build', install_base='install', merge_install=False, symlink_install=False, test_result_base=None, continue_on_error=False, executor='parallel', parallel_workers=16, event_handlers=None, ignore_user_meta=False, metas=['./colcon.meta'], base_paths=['.'], packages_ignore=None, packages_ignore_regex=None, paths=None, packages_up_to=None, packages_up_to_regex=None, packages_above=None, packages_above_and_dependencies=None, packages_above_depth=None, packages_select_by_dep=None, packages_skip_by_dep=None, packages_skip_up_to=None, packages_select_build_failed=False, packages_skip_build_finished=False, packages_select_test_failures=False, packages_skip_test_passed=False, packages_select=None, packages_skip=None, packages_select_regex=None, packages_skip_regex=None, packages_start=None, packages_end=None, allow_overriding=[], cmake_args=None, cmake_target=None, cmake_target_skip_unavailable=False, cmake_clean_cache=False, cmake_clean_first=False, cmake_force_configure=False, ament_cmake_args=None, catkin_cmake_args=None, catkin_skip_building_tests=False, mixin_files=None, mixin=None, verb_parser=<colcon_mixin.mixin.mixin_argument.MixinArgumentDecorator object at 0x7bfdb32cb1a0>, verb_extension=<colcon_core.verb.build.BuildVerb object at 0x7bfdb337f4a0>, main=<bound method BuildVerb.main of <colcon_core.verb.build.BuildVerb object at 0x7bfdb337f4a0>>, mixin_verb=('build',))
[0.084s] Level 1:colcon.colcon_core.package_discovery:discover_packages(colcon_meta) check parameters
[0.084s] Level 1:colcon.colcon_core.package_discovery:discover_packages(recursive) check parameters
[0.084s] Level 1:colcon.colcon_core.package_discovery:discover_packages(ignore) check parameters
[0.084s] Level 1:colcon.colcon_core.package_discovery:discover_packages(path) check parameters
[0.084s] Level 1:colcon.colcon_core.package_discovery:discover_packages(colcon_meta) discover
[0.084s] Level 1:colcon.colcon_core.package_discovery:discover_packages(recursive) discover
[0.084s] INFO:colcon.colcon_core.package_discovery:Crawling recursively for packages in '/home/hiep0247/hiep_ros2'
[0.084s] Level 1:colcon.colcon_core.package_identification:_identify(.) by extensions ['ignore', 'ignore_ament_install']
[0.085s] Level 1:colcon.colcon_core.package_identification:_identify(.) by extension 'ignore'
[0.085s] Level 1:colcon.colcon_core.package_identification:_identify(.) by extension 'ignore_ament_install'
[0.085s] Level 1:colcon.colcon_core.package_identification:_identify(.) by extensions ['colcon_pkg']
[0.085s] Level 1:colcon.colcon_core.package_identification:_identify(.) by extension 'colcon_pkg'
[0.085s] Level 1:colcon.colcon_core.package_identification:_identify(.) by extensions ['colcon_meta']
[0.085s] Level 1:colcon.colcon_core.package_identification:_identify(.) by extension 'colcon_meta'
[0.085s] Level 1:colcon.colcon_core.package_identification:_identify(.) by extensions ['ros']
[0.085s] Level 1:colcon.colcon_core.package_identification:_identify(.) by extension 'ros'
[0.100s] Level 1:colcon.colcon_core.package_identification:_identify(.) by extensions ['cmake', 'python']
[0.100s] Level 1:colcon.colcon_core.package_identification:_identify(.) by extension 'cmake'
[0.100s] Level 1:colcon.colcon_core.package_identification:_identify(.) by extension 'python'
[0.100s] Level 1:colcon.colcon_core.package_identification:_identify(.) by extensions ['python_setup_py']
[0.100s] Level 1:colcon.colcon_core.package_identification:_identify(.) by extension 'python_setup_py'
[0.100s] Level 1:colcon.colcon_core.package_identification:_identify(build) by extensions ['ignore', 'ignore_ament_install']
[0.100s] Level 1:colcon.colcon_core.package_identification:_identify(build) by extension 'ignore'
[0.100s] Level 1:colcon.colcon_core.package_identification:_identify(build) ignored
[0.100s] Level 1:colcon.colcon_core.package_identification:_identify(build_backup) by extensions ['ignore', 'ignore_ament_install']
[0.100s] Level 1:colcon.colcon_core.package_identification:_identify(build_backup) by extension 'ignore'
[0.100s] Level 1:colcon.colcon_core.package_identification:_identify(build_backup) ignored
[0.100s] Level 1:colcon.colcon_core.package_identification:_identify(install) by extensions ['ignore', 'ignore_ament_install']
[0.100s] Level 1:colcon.colcon_core.package_identification:_identify(install) by extension 'ignore'
[0.100s] Level 1:colcon.colcon_core.package_identification:_identify(install) ignored
[0.100s] Level 1:colcon.colcon_core.package_identification:_identify(log) by extensions ['ignore', 'ignore_ament_install']
[0.100s] Level 1:colcon.colcon_core.package_identification:_identify(log) by extension 'ignore'
[0.101s] Level 1:colcon.colcon_core.package_identification:_identify(log) ignored
[0.101s] Level 1:colcon.colcon_core.package_identification:_identify(src) by extensions ['ignore', 'ignore_ament_install']
[0.101s] Level 1:colcon.colcon_core.package_identification:_identify(src) by extension 'ignore'
[0.101s] Level 1:colcon.colcon_core.package_identification:_identify(src) by extension 'ignore_ament_install'
[0.101s] Level 1:colcon.colcon_core.package_identification:_identify(src) by extensions ['colcon_pkg']
[0.101s] Level 1:colcon.colcon_core.package_identification:_identify(src) by extension 'colcon_pkg'
[0.101s] Level 1:colcon.colcon_core.package_identification:_identify(src) by extensions ['colcon_meta']
[0.101s] Level 1:colcon.colcon_core.package_identification:_identify(src) by extension 'colcon_meta'
[0.101s] Level 1:colcon.colcon_core.package_identification:_identify(src) by extensions ['ros']
[0.101s] Level 1:colcon.colcon_core.package_identification:_identify(src) by extension 'ros'
[0.101s] Level 1:colcon.colcon_core.package_identification:_identify(src) by extensions ['cmake', 'python']
[0.101s] Level 1:colcon.colcon_core.package_identification:_identify(src) by extension 'cmake'
[0.101s] Level 1:colcon.colcon_core.package_identification:_identify(src) by extension 'python'
[0.101s] Level 1:colcon.colcon_core.package_identification:_identify(src) by extensions ['python_setup_py']
[0.101s] Level 1:colcon.colcon_core.package_identification:_identify(src) by extension 'python_setup_py'
[0.101s] Level 1:colcon.colcon_core.package_identification:_identify(src/agv_fleet) by extensions ['ignore', 'ignore_ament_install']
[0.101s] Level 1:colcon.colcon_core.package_identification:_identify(src/agv_fleet) by extension 'ignore'
[0.101s] Level 1:colcon.colcon_core.package_identification:_identify(src/agv_fleet) by extension 'ignore_ament_install'
[0.101s] Level 1:colcon.colcon_core.package_identification:_identify(src/agv_fleet) by extensions ['colcon_pkg']
[0.101s] Level 1:colcon.colcon_core.package_identification:_identify(src/agv_fleet) by extension 'colcon_pkg'
[0.101s] Level 1:colcon.colcon_core.package_identification:_identify(src/agv_fleet) by extensions ['colcon_meta']
[0.101s] Level 1:colcon.colcon_core.package_identification:_identify(src/agv_fleet) by extension 'colcon_meta'
[0.101s] Level 1:colcon.colcon_core.package_identification:_identify(src/agv_fleet) by extensions ['ros']
[0.101s] Level 1:colcon.colcon_core.package_identification:_identify(src/agv_fleet) by extension 'ros'
[0.102s] DEBUG:colcon.colcon_core.package_identification:Package 'src/agv_fleet' with type 'ros.ament_python' and name 'agv_fleet'
[0.102s] Level 1:colcon.colcon_core.package_identification:_identify(src/agv_fleet_domains) by extensions ['ignore', 'ignore_ament_install']
[0.102s] Level 1:colcon.colcon_core.package_identification:_identify(src/agv_fleet_domains) by extension 'ignore'
[0.103s] Level 1:colcon.colcon_core.package_identification:_identify(src/agv_fleet_domains) by extension 'ignore_ament_install'
[0.103s] Level 1:colcon.colcon_core.package_identification:_identify(src/agv_fleet_domains) by extensions ['colcon_pkg']
[0.103s] Level 1:colcon.colcon_core.package_identification:_identify(src/agv_fleet_domains) by extension 'colcon_pkg'
[0.103s] Level 1:colcon.colcon_core.package_identification:_identify(src/agv_fleet_domains) by extensions ['colcon_meta']
[0.103s] Level 1:colcon.colcon_core.package_identification:_identify(src/agv_fleet_domains) by extension 'colcon_meta'
[0.103s] Level 1:colcon.colcon_core.package_identification:_identify(src/agv_fleet_domains) by extensions ['ros']
[0.103s] Level 1:colcon.colcon_core.package_identification:_identify(src/agv_fleet_domains) by extension 'ros'
[0.103s] DEBUG:colcon.colcon_core.package_identification:Package 'src/agv_fleet_domains' with type 'ros.ament_python' and name 'agv_fleet_domains'
[0.103s] Level 1:colcon.colcon_core.package_identification:_identify(src/agv_hmi) by extensions ['ignore', 'ignore_ament_install']
[0.103s] Level 1:colcon.colcon_core.package_identification:_identify(src/agv_hmi) by extension 'ignore'
[0.103s] Level 1:colcon.colcon_core.package_identification:_identify(src/agv_hmi) by extension 'ignore_ament_install'
[0.103s] Level 1:colcon.colcon_core.package_identification:_identify(src/agv_hmi) by extensions ['colcon_pkg']
[0.103s] Level 1:colcon.colcon_core.package_identification:_identify(src/agv_hmi) by extension 'colcon_pkg'
[0.103s] Level 1:colcon.colcon_core.package_identification:_identify(src/agv_hmi) by extensions ['colcon_meta']
[0.103s] Level 1:colcon.colcon_core.package_identification:_identify(src/agv_hmi) by extension 'colcon_meta'
[0.103s] Level 1:colcon.colcon_core.package_identification:_identify(src/agv_hmi) by extensions ['ros']
[0.103s] Level 1:colcon.colcon_core.package_identification:_identify(src/agv_hmi) by extension 'ros'
[0.104s] DEBUG:colcon.colcon_core.package_identification:Package 'src/agv_hmi' with type 'ros.ament_python' and name 'agv_hmi'
[0.104s] Level 1:colcon.colcon_core.package_identification:_identify(src/hiep_robot2) by extensions ['ignore', 'ignore_ament_install']
[0.104s] Level 1:colcon.colcon_core.package_identification:_identify(src/hiep_robot2) by extension 'ignore'
[0.104s] Level 1:colcon.colcon_core.package_identification:_identify(src/hiep_robot2) by extension 'ignore_ament_install'
[0.104s] Level 1:colcon.colcon_core.package_identification:_identify(src/hiep_robot2) by extensions ['colcon_pkg']
[0.104s] Level 1:colcon.colcon_core.package_identification:_identify(src/hiep_robot2) by extension 'colcon_pkg'
[0.104s] Level 1:colcon.colcon_core.package_identification:_identify(src/hiep_robot2) by extensions ['colcon_meta']
[0.104s] Level 1:colcon.colcon_core.package_identification:_identify(src/hiep_robot2) by extension 'colcon_meta'
[0.104s] Level 1:colcon.colcon_core.package_identification:_identify(src/hiep_robot2) by extensions ['ros']
[0.104s] Level 1:colcon.colcon_core.package_identification:_identify(src/hiep_robot2) by extension 'ros'
[0.105s] DEBUG:colcon.colcon_core.package_identification:Package 'src/hiep_robot2' with type 'ros.ament_python' and name 'hiep_robot2'
[0.105s] Level 1:colcon.colcon_core.package_identification:_identify(src/mec_mobile) by extensions ['ignore', 'ignore_ament_install']
[0.105s] Level 1:colcon.colcon_core.package_identification:_identify(src/mec_mobile) by extension 'ignore'
[0.105s] Level 1:colcon.colcon_core.package_identification:_identify(src/mec_mobile) by extension 'ignore_ament_install'
[0.105s] Level 1:colcon.colcon_core.package_identification:_identify(src/mec_mobile) by extensions ['colcon_pkg']
[0.105s] Level 1:colcon.colcon_core.package_identification:_identify(src/mec_mobile) by extension 'colcon_pkg'
[0.105s] Level 1:colcon.colcon_core.package_identification:_identify(src/mec_mobile) by extensions ['colcon_meta']
[0.105s] Level 1:colcon.colcon_core.package_identification:_identify(src/mec_mobile) by extension 'colcon_meta'
[0.105s] Level 1:colcon.colcon_core.package_identification:_identify(src/mec_mobile) by extensions ['ros']
[0.105s] Level 1:colcon.colcon_core.package_identification:_identify(src/mec_mobile) by extension 'ros'
[0.105s] DEBUG:colcon.colcon_core.package_identification:Package 'src/mec_mobile' with type 'ros.ament_cmake' and name 'mec_mobile'
[0.105s] Level 1:colcon.colcon_core.package_identification:_identify(src/mec_mobile_description) by extensions ['ignore', 'ignore_ament_install']
[0.105s] Level 1:colcon.colcon_core.package_identification:_identify(src/mec_mobile_description) by extension 'ignore'
[0.105s] Level 1:colcon.colcon_core.package_identification:_identify(src/mec_mobile_description) by extension 'ignore_ament_install'
[0.106s] Level 1:colcon.colcon_core.package_identification:_identify(src/mec_mobile_description) by extensions ['colcon_pkg']
[0.106s] Level 1:colcon.colcon_core.package_identification:_identify(src/mec_mobile_description) by extension 'colcon_pkg'
[0.106s] Level 1:colcon.colcon_core.package_identification:_identify(src/mec_mobile_description) by extensions ['colcon_meta']
[0.106s] Level 1:colcon.colcon_core.package_identification:_identify(src/mec_mobile_description) by extension 'colcon_meta'
[0.106s] Level 1:colcon.colcon_core.package_identification:_identify(src/mec_mobile_description) by extensions ['ros']
[0.106s] Level 1:colcon.colcon_core.package_identification:_identify(src/mec_mobile_description) by extension 'ros'
[0.106s] DEBUG:colcon.colcon_core.package_identification:Package 'src/mec_mobile_description' with type 'ros.ament_cmake' and name 'mec_mobile_description'
[0.106s] Level 1:colcon.colcon_core.package_identification:_identify(src/mec_mobile_description1) by extensions ['ignore', 'ignore_ament_install']
[0.106s] Level 1:colcon.colcon_core.package_identification:_identify(src/mec_mobile_description1) by extension 'ignore'
[0.106s] Level 1:colcon.colcon_core.package_identification:_identify(src/mec_mobile_description1) by extension 'ignore_ament_install'
[0.106s] Level 1:colcon.colcon_core.package_identification:_identify(src/mec_mobile_description1) by extensions ['colcon_pkg']
[0.106s] Level 1:colcon.colcon_core.package_identification:_identify(src/mec_mobile_description1) by extension 'colcon_pkg'
[0.106s] Level 1:colcon.colcon_core.package_identification:_identify(src/mec_mobile_description1) by extensions ['colcon_meta']
[0.106s] Level 1:colcon.colcon_core.package_identification:_identify(src/mec_mobile_description1) by extension 'colcon_meta'
[0.106s] Level 1:colcon.colcon_core.package_identification:_identify(src/mec_mobile_description1) by extensions ['ros']
[0.106s] Level 1:colcon.colcon_core.package_identification:_identify(src/mec_mobile_description1) by extension 'ros'
[0.106s] DEBUG:colcon.colcon_core.package_identification:Package 'src/mec_mobile_description1' with type 'ros.ament_cmake' and name 'mec_mobile_description1'
[0.106s] Level 1:colcon.colcon_core.package_identification:_identify(src/mec_mobile_gazebo) by extensions ['ignore', 'ignore_ament_install']
[0.106s] Level 1:colcon.colcon_core.package_identification:_identify(src/mec_mobile_gazebo) by extension 'ignore'
[0.106s] Level 1:colcon.colcon_core.package_identification:_identify(src/mec_mobile_gazebo) by extension 'ignore_ament_install'
[0.106s] Level 1:colcon.colcon_core.package_identification:_identify(src/mec_mobile_gazebo) by extensions ['colcon_pkg']
[0.106s] Level 1:colcon.colcon_core.package_identification:_identify(src/mec_mobile_gazebo) by extension 'colcon_pkg'
[0.106s] Level 1:colcon.colcon_core.package_identification:_identify(src/mec_mobile_gazebo) by extensions ['colcon_meta']
[0.106s] Level 1:colcon.colcon_core.package_identification:_identify(src/mec_mobile_gazebo) by extension 'colcon_meta'
[0.106s] Level 1:colcon.colcon_core.package_identification:_identify(src/mec_mobile_gazebo) by extensions ['ros']
[0.107s] Level 1:colcon.colcon_core.package_identification:_identify(src/mec_mobile_gazebo) by extension 'ros'
[0.107s] DEBUG:colcon.colcon_core.package_identification:Package 'src/mec_mobile_gazebo' with type 'ros.ament_cmake' and name 'mec_mobile_gazebo'
[0.107s] Level 1:colcon.colcon_core.package_identification:_identify(src/mec_mobile_navigation) by extensions ['ignore', 'ignore_ament_install']
[0.107s] Level 1:colcon.colcon_core.package_identification:_identify(src/mec_mobile_navigation) by extension 'ignore'
[0.107s] Level 1:colcon.colcon_core.package_identification:_identify(src/mec_mobile_navigation) by extension 'ignore_ament_install'
[0.107s] Level 1:colcon.colcon_core.package_identification:_identify(src/mec_mobile_navigation) by extensions ['colcon_pkg']
[0.107s] Level 1:colcon.colcon_core.package_identification:_identify(src/mec_mobile_navigation) by extension 'colcon_pkg'
[0.107s] Level 1:colcon.colcon_core.package_identification:_identify(src/mec_mobile_navigation) by extensions ['colcon_meta']
[0.107s] Level 1:colcon.colcon_core.package_identification:_identify(src/mec_mobile_navigation) by extension 'colcon_meta'
[0.107s] Level 1:colcon.colcon_core.package_identification:_identify(src/mec_mobile_navigation) by extensions ['ros']
[0.107s] Level 1:colcon.colcon_core.package_identification:_identify(src/mec_mobile_navigation) by extension 'ros'
[0.107s] DEBUG:colcon.colcon_core.package_identification:Package 'src/mec_mobile_navigation' with type 'ros.ament_cmake' and name 'mec_mobile_navigation'
[0.107s] Level 1:colcon.colcon_core.package_identification:_identify(src/sllidar_ros2) by extensions ['ignore', 'ignore_ament_install']
[0.107s] Level 1:colcon.colcon_core.package_identification:_identify(src/sllidar_ros2) by extension 'ignore'
[0.107s] Level 1:colcon.colcon_core.package_identification:_identify(src/sllidar_ros2) by extension 'ignore_ament_install'
[0.108s] Level 1:colcon.colcon_core.package_identification:_identify(src/sllidar_ros2) by extensions ['colcon_pkg']
[0.108s] Level 1:colcon.colcon_core.package_identification:_identify(src/sllidar_ros2) by extension 'colcon_pkg'
[0.108s] Level 1:colcon.colcon_core.package_identification:_identify(src/sllidar_ros2) by extensions ['colcon_meta']
[0.108s] Level 1:colcon.colcon_core.package_identification:_identify(src/sllidar_ros2) by extension 'colcon_meta'
[0.108s] Level 1:colcon.colcon_core.package_identification:_identify(src/sllidar_ros2) by extensions ['ros']
[0.108s] Level 1:colcon.colcon_core.package_identification:_identify(src/sllidar_ros2) by extension 'ros'
[0.108s] DEBUG:colcon.colcon_core.package_identification:Package 'src/sllidar_ros2' with type 'ros.ament_cmake' and name 'sllidar_ros2'
[0.108s] Level 1:colcon.colcon_core.package_discovery:discover_packages(recursive) using defaults
[0.108s] Level 1:colcon.colcon_core.package_discovery:discover_packages(ignore) discover
[0.108s] Level 1:colcon.colcon_core.package_discovery:discover_packages(ignore) using defaults
[0.108s] Level 1:colcon.colcon_core.package_discovery:discover_packages(path) discover
[0.108s] Level 1:colcon.colcon_core.package_discovery:discover_packages(path) using defaults
[0.120s] Level 1:colcon.colcon_core.package_discovery:discover_packages(prefix_path) check parameters
[0.120s] Level 1:colcon.colcon_core.package_discovery:discover_packages(prefix_path) discover
[0.120s] WARNING:colcon.colcon_ros.prefix_path.ament:The path '/home/hiep0247/hiep_ros2/install/mec_mobile_navigation' in the environment variable AMENT_PREFIX_PATH doesn't exist
[0.121s] WARNING:colcon.colcon_ros.prefix_path.catkin:The path '/home/hiep0247/hiep_ros2/install/mec_mobile_navigation' in the environment variable CMAKE_PREFIX_PATH doesn't exist
[0.121s] DEBUG:colcon.colcon_installed_package_information.package_discovery:Found 6 installed packages in /home/hiep0247/ros2_ws/install
[0.121s] DEBUG:colcon.colcon_installed_package_information.package_discovery:Found 9 installed packages in /home/hiep0247/hiep_ros2/install
[0.122s] DEBUG:colcon.colcon_installed_package_information.package_discovery:Found 442 installed packages in /opt/ros/jazzy
[0.123s] Level 1:colcon.colcon_core.package_discovery:discover_packages(prefix_path) using defaults
[0.154s] Level 5:colcon.colcon_core.verb:set package 'agv_fleet' build argument 'cmake_args' from command line to 'None'
[0.154s] Level 5:colcon.colcon_core.verb:set package 'agv_fleet' build argument 'cmake_target' from command line to 'None'
[0.154s] Level 5:colcon.colcon_core.verb:set package 'agv_fleet' build argument 'cmake_target_skip_unavailable' from command line to 'False'
[0.154s] Level 5:colcon.colcon_core.verb:set package 'agv_fleet' build argument 'cmake_clean_cache' from command line to 'False'
[0.154s] Level 5:colcon.colcon_core.verb:set package 'agv_fleet' build argument 'cmake_clean_first' from command line to 'False'
[0.154s] Level 5:colcon.colcon_core.verb:set package 'agv_fleet' build argument 'cmake_force_configure' from command line to 'False'
[0.154s] Level 5:colcon.colcon_core.verb:set package 'agv_fleet' build argument 'ament_cmake_args' from command line to 'None'
[0.154s] Level 5:colcon.colcon_core.verb:set package 'agv_fleet' build argument 'catkin_cmake_args' from command line to 'None'
[0.154s] Level 5:colcon.colcon_core.verb:set package 'agv_fleet' build argument 'catkin_skip_building_tests' from command line to 'False'
[0.154s] DEBUG:colcon.colcon_core.verb:Building package 'agv_fleet' with the following arguments: {'ament_cmake_args': None, 'build_base': '/home/hiep0247/hiep_ros2/build/agv_fleet', 'catkin_cmake_args': None, 'catkin_skip_building_tests': False, 'cmake_args': None, 'cmake_clean_cache': False, 'cmake_clean_first': False, 'cmake_force_configure': False, 'cmake_target': None, 'cmake_target_skip_unavailable': False, 'install_base': '/home/hiep0247/hiep_ros2/install/agv_fleet', 'merge_install': False, 'path': '/home/hiep0247/hiep_ros2/src/agv_fleet', 'symlink_install': False, 'test_result_base': None}
[0.154s] Level 5:colcon.colcon_core.verb:set package 'agv_hmi' build argument 'cmake_args' from command line to 'None'
[0.154s] Level 5:colcon.colcon_core.verb:set package 'agv_hmi' build argument 'cmake_target' from command line to 'None'
[0.154s] Level 5:colcon.colcon_core.verb:set package 'agv_hmi' build argument 'cmake_target_skip_unavailable' from command line to 'False'
[0.154s] Level 5:colcon.colcon_core.verb:set package 'agv_hmi' build argument 'cmake_clean_cache' from command line to 'False'
[0.154s] Level 5:colcon.colcon_core.verb:set package 'agv_hmi' build argument 'cmake_clean_first' from command line to 'False'
[0.154s] Level 5:colcon.colcon_core.verb:set package 'agv_hmi' build argument 'cmake_force_configure' from command line to 'False'
[0.154s] Level 5:colcon.colcon_core.verb:set package 'agv_hmi' build argument 'ament_cmake_args' from command line to 'None'
[0.154s] Level 5:colcon.colcon_core.verb:set package 'agv_hmi' build argument 'catkin_cmake_args' from command line to 'None'
[0.154s] Level 5:colcon.colcon_core.verb:set package 'agv_hmi' build argument 'catkin_skip_building_tests' from command line to 'False'
[0.154s] DEBUG:colcon.colcon_core.verb:Building package 'agv_hmi' with the following arguments: {'ament_cmake_args': None, 'build_base': '/home/hiep0247/hiep_ros2/build/agv_hmi', 'catkin_cmake_args': None, 'catkin_skip_building_tests': False, 'cmake_args': None, 'cmake_clean_cache': False, 'cmake_clean_first': False, 'cmake_force_configure': False, 'cmake_target': None, 'cmake_target_skip_unavailable': False, 'install_base': '/home/hiep0247/hiep_ros2/install/agv_hmi', 'merge_install': False, 'path': '/home/hiep0247/hiep_ros2/src/agv_hmi', 'symlink_install': False, 'test_result_base': None}
[0.154s] Level 5:colcon.colcon_core.verb:set package 'hiep_robot2' build argument 'cmake_args' from command line to 'None'
[0.154s] Level 5:colcon.colcon_core.verb:set package 'hiep_robot2' build argument 'cmake_target' from command line to 'None'
[0.154s] Level 5:colcon.colcon_core.verb:set package 'hiep_robot2' build argument 'cmake_target_skip_unavailable' from command line to 'False'
[0.154s] Level 5:colcon.colcon_core.verb:set package 'hiep_robot2' build argument 'cmake_clean_cache' from command line to 'False'
[0.154s] Level 5:colcon.colcon_core.verb:set package 'hiep_robot2' build argument 'cmake_clean_first' from command line to 'False'
[0.154s] Level 5:colcon.colcon_core.verb:set package 'hiep_robot2' build argument 'cmake_force_configure' from command line to 'False'
[0.154s] Level 5:colcon.colcon_core.verb:set package 'hiep_robot2' build argument 'ament_cmake_args' from command line to 'None'
[0.154s] Level 5:colcon.colcon_core.verb:set package 'hiep_robot2' build argument 'catkin_cmake_args' from command line to 'None'
[0.154s] Level 5:colcon.colcon_core.verb:set package 'hiep_robot2' build argument 'catkin_skip_building_tests' from command line to 'False'
[0.154s] DEBUG:colcon.colcon_core.verb:Building package 'hiep_robot2' with the following arguments: {'ament_cmake_args': None, 'build_base': '/home/hiep0247/hiep_ros2/build/hiep_robot2', 'catkin_cmake_args': None, 'catkin_skip_building_tests': False, 'cmake_args': None, 'cmake_clean_cache': False, 'cmake_clean_first': False, 'cmake_force_configure': False, 'cmake_target': None, 'cmake_target_skip_unavailable': False, 'install_base': '/home/hiep0247/hiep_ros2/install/hiep_robot2', 'merge_install': False, 'path': '/home/hiep0247/hiep_ros2/src/hiep_robot2', 'symlink_install': False, 'test_result_base': None}
[0.154s] Level 5:colcon.colcon_core.verb:set package 'mec_mobile_description' build argument 'cmake_args' from command line to 'None'
[0.154s] Level 5:colcon.colcon_core.verb:set package 'mec_mobile_description' build argument 'cmake_target' from command line to 'None'
[0.154s] Level 5:colcon.colcon_core.verb:set package 'mec_mobile_description' build argument 'cmake_target_skip_unavailable' from command line to 'False'
[0.154s] Level 5:colcon.colcon_core.verb:set package 'mec_mobile_description' build argument 'cmake_clean_cache' from command line to 'False'
[0.154s] Level 5:colcon.colcon_core.verb:set package 'mec_mobile_description' build argument 'cmake_clean_first' from command line to 'False'
[0.154s] Level 5:colcon.colcon_core.verb:set package 'mec_mobile_description' build argument 'cmake_force_configure' from command line to 'False'
[0.154s] Level 5:colcon.colcon_core.verb:set package 'mec_mobile_description' build argument 'ament_cmake_args' from command line to 'None'
[0.154s] Level 5:colcon.colcon_core.verb:set package 'mec_mobile_description' build argument 'catkin_cmake_args' from command line to 'None'
[0.154s] Level 5:colcon.colcon_core.verb:set package 'mec_mobile_description' build argument 'catkin_skip_building_tests' from command line to 'False'
[0.154s] DEBUG:colcon.colcon_core.verb:Building package 'mec_mobile_description' with the following arguments: {'ament_cmake_args': None, 'build_base': '/home/hiep0247/hiep_ros2/build/mec_mobile_description', 'catkin_cmake_args': None, 'catkin_skip_building_tests': False, 'cmake_args': None, 'cmake_clean_cache': False, 'cmake_clean_first': False, 'cmake_force_configure': False, 'cmake_target': None, 'cmake_target_skip_unavailable': False, 'install_base': '/home/hiep0247/hiep_ros2/install/mec_mobile_description', 'merge_install': False, 'path': '/home/hiep0247/hiep_ros2/src/mec_mobile_description', 'symlink_install': False, 'test_result_base': None}
[0.155s] Level 5:colcon.colcon_core.verb:set package 'mec_mobile_description1' build argument 'cmake_args' from command line to 'None'
[0.155s] Level 5:colcon.colcon_core.verb:set package 'mec_mobile_description1' build argument 'cmake_target' from command line to 'None'
[0.155s] Level 5:colcon.colcon_core.verb:set package 'mec_mobile_description1' build argument 'cmake_target_skip_unavailable' from command line to 'False'
[0.155s] Level 5:colcon.colcon_core.verb:set package 'mec_mobile_description1' build argument 'cmake_clean_cache' from command line to 'False'
[0.155s] Level 5:colcon.colcon_core.verb:set package 'mec_mobile_description1' build argument 'cmake_clean_first' from command line to 'False'
[0.155s] Level 5:colcon.colcon_core.verb:set package 'mec_mobile_description1' build argument 'cmake_force_configure' from command line to 'False'
[0.155s] Level 5:colcon.colcon_core.verb:set package 'mec_mobile_description1' build argument 'ament_cmake_args' from command line to 'None'
[0.155s] Level 5:colcon.colcon_core.verb:set package 'mec_mobile_description1' build argument 'catkin_cmake_args' from command line to 'None'
[0.155s] Level 5:colcon.colcon_core.verb:set package 'mec_mobile_description1' build argument 'catkin_skip_building_tests' from command line to 'False'
[0.155s] DEBUG:colcon.colcon_core.verb:Building package 'mec_mobile_description1' with the following arguments: {'ament_cmake_args': None, 'build_base': '/home/hiep0247/hiep_ros2/build/mec_mobile_description1', 'catkin_cmake_args': None, 'catkin_skip_building_tests': False, 'cmake_args': None, 'cmake_clean_cache': False, 'cmake_clean_first': False, 'cmake_force_configure': False, 'cmake_target': None, 'cmake_target_skip_unavailable': False, 'install_base': '/home/hiep0247/hiep_ros2/install/mec_mobile_description1', 'merge_install': False, 'path': '/home/hiep0247/hiep_ros2/src/mec_mobile_description1', 'symlink_install': False, 'test_result_base': None}
[0.155s] Level 5:colcon.colcon_core.verb:set package 'mec_mobile_gazebo' build argument 'cmake_args' from command line to 'None'
[0.155s] Level 5:colcon.colcon_core.verb:set package 'mec_mobile_gazebo' build argument 'cmake_target' from command line to 'None'
[0.155s] Level 5:colcon.colcon_core.verb:set package 'mec_mobile_gazebo' build argument 'cmake_target_skip_unavailable' from command line to 'False'
[0.155s] Level 5:colcon.colcon_core.verb:set package 'mec_mobile_gazebo' build argument 'cmake_clean_cache' from command line to 'False'
[0.155s] Level 5:colcon.colcon_core.verb:set package 'mec_mobile_gazebo' build argument 'cmake_clean_first' from command line to 'False'
[0.155s] Level 5:colcon.colcon_core.verb:set package 'mec_mobile_gazebo' build argument 'cmake_force_configure' from command line to 'False'
[0.155s] Level 5:colcon.colcon_core.verb:set package 'mec_mobile_gazebo' build argument 'ament_cmake_args' from command line to 'None'
[0.155s] Level 5:colcon.colcon_core.verb:set package 'mec_mobile_gazebo' build argument 'catkin_cmake_args' from command line to 'None'
[0.155s] Level 5:colcon.colcon_core.verb:set package 'mec_mobile_gazebo' build argument 'catkin_skip_building_tests' from command line to 'False'
[0.155s] DEBUG:colcon.colcon_core.verb:Building package 'mec_mobile_gazebo' with the following arguments: {'ament_cmake_args': None, 'build_base': '/home/hiep0247/hiep_ros2/build/mec_mobile_gazebo', 'catkin_cmake_args': None, 'catkin_skip_building_tests': False, 'cmake_args': None, 'cmake_clean_cache': False, 'cmake_clean_first': False, 'cmake_force_configure': False, 'cmake_target': None, 'cmake_target_skip_unavailable': False, 'install_base': '/home/hiep0247/hiep_ros2/install/mec_mobile_gazebo', 'merge_install': False, 'path': '/home/hiep0247/hiep_ros2/src/mec_mobile_gazebo', 'symlink_install': False, 'test_result_base': None}
[0.155s] Level 5:colcon.colcon_core.verb:set package 'mec_mobile_navigation' build argument 'cmake_args' from command line to 'None'
[0.155s] Level 5:colcon.colcon_core.verb:set package 'mec_mobile_navigation' build argument 'cmake_target' from command line to 'None'
[0.155s] Level 5:colcon.colcon_core.verb:set package 'mec_mobile_navigation' build argument 'cmake_target_skip_unavailable' from command line to 'False'
[0.155s] Level 5:colcon.colcon_core.verb:set package 'mec_mobile_navigation' build argument 'cmake_clean_cache' from command line to 'False'
[0.155s] Level 5:colcon.colcon_core.verb:set package 'mec_mobile_navigation' build argument 'cmake_clean_first' from command line to 'False'
[0.155s] Level 5:colcon.colcon_core.verb:set package 'mec_mobile_navigation' build argument 'cmake_force_configure' from command line to 'False'
[0.155s] Level 5:colcon.colcon_core.verb:set package 'mec_mobile_navigation' build argument 'ament_cmake_args' from command line to 'None'
[0.155s] Level 5:colcon.colcon_core.verb:set package 'mec_mobile_navigation' build argument 'catkin_cmake_args' from command line to 'None'
[0.155s] Level 5:colcon.colcon_core.verb:set package 'mec_mobile_navigation' build argument 'catkin_skip_building_tests' from command line to 'False'
[0.155s] DEBUG:colcon.colcon_core.verb:Building package 'mec_mobile_navigation' with the following arguments: {'ament_cmake_args': None, 'build_base': '/home/hiep0247/hiep_ros2/build/mec_mobile_navigation', 'catkin_cmake_args': None, 'catkin_skip_building_tests': False, 'cmake_args': None, 'cmake_clean_cache': False, 'cmake_clean_first': False, 'cmake_force_configure': False, 'cmake_target': None, 'cmake_target_skip_unavailable': False, 'install_base': '/home/hiep0247/hiep_ros2/install/mec_mobile_navigation', 'merge_install': False, 'path': '/home/hiep0247/hiep_ros2/src/mec_mobile_navigation', 'symlink_install': False, 'test_result_base': None}
[0.155s] Level 5:colcon.colcon_core.verb:set package 'sllidar_ros2' build argument 'cmake_args' from command line to 'None'
[0.155s] Level 5:colcon.colcon_core.verb:set package 'sllidar_ros2' build argument 'cmake_target' from command line to 'None'
[0.155s] Level 5:colcon.colcon_core.verb:set package 'sllidar_ros2' build argument 'cmake_target_skip_unavailable' from command line to 'False'
[0.155s] Level 5:colcon.colcon_core.verb:set package 'sllidar_ros2' build argument 'cmake_clean_cache' from command line to 'False'
[0.155s] Level 5:colcon.colcon_core.verb:set package 'sllidar_ros2' build argument 'cmake_clean_first' from command line to 'False'
[0.155s] Level 5:colcon.colcon_core.verb:set package 'sllidar_ros2' build argument 'cmake_force_configure' from command line to 'False'
[0.155s] Level 5:colcon.colcon_core.verb:set package 'sllidar_ros2' build argument 'ament_cmake_args' from command line to 'None'
[0.155s] Level 5:colcon.colcon_core.verb:set package 'sllidar_ros2' build argument 'catkin_cmake_args' from command line to 'None'
[0.155s] Level 5:colcon.colcon_core.verb:set package 'sllidar_ros2' build argument 'catkin_skip_building_tests' from command line to 'False'
[0.155s] DEBUG:colcon.colcon_core.verb:Building package 'sllidar_ros2' with the following arguments: {'ament_cmake_args': None, 'build_base': '/home/hiep0247/hiep_ros2/build/sllidar_ros2', 'catkin_cmake_args': None, 'catkin_skip_building_tests': False, 'cmake_args': None, 'cmake_clean_cache': False, 'cmake_clean_first': False, 'cmake_force_configure': False, 'cmake_target': None, 'cmake_target_skip_unavailable': False, 'install_base': '/home/hiep0247/hiep_ros2/install/sllidar_ros2', 'merge_install': False, 'path': '/home/hiep0247/hiep_ros2/src/sllidar_ros2', 'symlink_install': False, 'test_result_base': None}
[0.156s] Level 5:colcon.colcon_core.verb:set package 'agv_fleet_domains' build argument 'cmake_args' from command line to 'None'
[0.156s] Level 5:colcon.colcon_core.verb:set package 'agv_fleet_domains' build argument 'cmake_target' from command line to 'None'
[0.156s] Level 5:colcon.colcon_core.verb:set package 'agv_fleet_domains' build argument 'cmake_target_skip_unavailable' from command line to 'False'
[0.156s] Level 5:colcon.colcon_core.verb:set package 'agv_fleet_domains' build argument 'cmake_clean_cache' from command line to 'False'
[0.156s] Level 5:colcon.colcon_core.verb:set package 'agv_fleet_domains' build argument 'cmake_clean_first' from command line to 'False'
[0.156s] Level 5:colcon.colcon_core.verb:set package 'agv_fleet_domains' build argument 'cmake_force_configure' from command line to 'False'
[0.156s] Level 5:colcon.colcon_core.verb:set package 'agv_fleet_domains' build argument 'ament_cmake_args' from command line to 'None'
[0.156s] Level 5:colcon.colcon_core.verb:set package 'agv_fleet_domains' build argument 'catkin_cmake_args' from command line to 'None'
[0.156s] Level 5:colcon.colcon_core.verb:set package 'agv_fleet_domains' build argument 'catkin_skip_building_tests' from command line to 'False'
[0.156s] DEBUG:colcon.colcon_core.verb:Building package 'agv_fleet_domains' with the following arguments: {'ament_cmake_args': None, 'build_base': '/home/hiep0247/hiep_ros2/build/agv_fleet_domains', 'catkin_cmake_args': None, 'catkin_skip_building_tests': False, 'cmake_args': None, 'cmake_clean_cache': False, 'cmake_clean_first': False, 'cmake_force_configure': False, 'cmake_target': None, 'cmake_target_skip_unavailable': False, 'install_base': '/home/hiep0247/hiep_ros2/install/agv_fleet_domains', 'merge_install': False, 'path': '/home/hiep0247/hiep_ros2/src/agv_fleet_domains', 'symlink_install': False, 'test_result_base': None}
[0.156s] Level 5:colcon.colcon_core.verb:set package 'mec_mobile' build argument 'cmake_args' from command line to 'None'
[0.156s] Level 5:colcon.colcon_core.verb:set package 'mec_mobile' build argument 'cmake_target' from command line to 'None'
[0.156s] Level 5:colcon.colcon_core.verb:set package 'mec_mobile' build argument 'cmake_target_skip_unavailable' from command line to 'False'
[0.156s] Level 5:colcon.colcon_core.verb:set package 'mec_mobile' build argument 'cmake_clean_cache' from command line to 'False'
[0.156s] Level 5:colcon.colcon_core.verb:set package 'mec_mobile' build argument 'cmake_clean_first' from command line to 'False'
[0.156s] Level 5:colcon.colcon_core.verb:set package 'mec_mobile' build argument 'cmake_force_configure' from command line to 'False'
[0.156s] Level 5:colcon.colcon_core.verb:set package 'mec_mobile' build argument 'ament_cmake_args' from command line to 'None'
[0.156s] Level 5:colcon.colcon_core.verb:set package 'mec_mobile' build argument 'catkin_cmake_args' from command line to 'None'
[0.156s] Level 5:colcon.colcon_core.verb:set package 'mec_mobile' build argument 'catkin_skip_building_tests' from command line to 'False'
[0.156s] DEBUG:colcon.colcon_core.verb:Building package 'mec_mobile' with the following arguments: {'ament_cmake_args': None, 'build_base': '/home/hiep0247/hiep_ros2/build/mec_mobile', 'catkin_cmake_args': None, 'catkin_skip_building_tests': False, 'cmake_args': None, 'cmake_clean_cache': False, 'cmake_clean_first': False, 'cmake_force_configure': False, 'cmake_target': None, 'cmake_target_skip_unavailable': False, 'install_base': '/home/hiep0247/hiep_ros2/install/mec_mobile', 'merge_install': False, 'path': '/home/hiep0247/hiep_ros2/src/mec_mobile', 'symlink_install': False, 'test_result_base': None}
[0.156s] INFO:colcon.colcon_core.executor:Executing jobs using 'parallel' executor
[0.157s] DEBUG:colcon.colcon_parallel_executor.executor.parallel:run_until_complete
[0.157s] INFO:colcon.colcon_ros.task.ament_python.build:Building ROS package in '/home/hiep0247/hiep_ros2/src/agv_fleet' with build type 'ament_python'
[0.157s] Level 1:colcon.colcon_core.shell:create_environment_hook('agv_fleet', 'ament_prefix_path')
[0.158s] INFO:colcon.colcon_core.plugin_system:Skipping extension 'colcon_core.shell.bat': Not used on non-Windows systems
[0.158s] INFO:colcon.colcon_core.shell:Creating environment hook '/home/hiep0247/hiep_ros2/install/agv_fleet/share/agv_fleet/hook/ament_prefix_path.ps1'
[0.159s] INFO:colcon.colcon_core.shell:Creating environment descriptor '/home/hiep0247/hiep_ros2/install/agv_fleet/share/agv_fleet/hook/ament_prefix_path.dsv'
[0.159s] INFO:colcon.colcon_core.shell:Creating environment hook '/home/hiep0247/hiep_ros2/install/agv_fleet/share/agv_fleet/hook/ament_prefix_path.sh'
[0.159s] INFO:colcon.colcon_core.shell:Skip shell extension 'powershell' for command environment: Not usable outside of PowerShell
[0.160s] DEBUG:colcon.colcon_core.shell:Skip shell extension 'dsv' for command environment
[0.162s] INFO:colcon.colcon_ros.task.ament_cmake.build:Building ROS package in '/home/hiep0247/hiep_ros2/src/mec_mobile_description' with build type 'ament_cmake'
[0.162s] INFO:colcon.colcon_cmake.task.cmake.build:Building CMake package in '/home/hiep0247/hiep_ros2/src/mec_mobile_description'
[0.163s] INFO:colcon.colcon_core.shell:Skip shell extension 'powershell' for command environment: Not usable outside of PowerShell
[0.163s] DEBUG:colcon.colcon_core.shell:Skip shell extension 'dsv' for command environment
[0.165s] INFO:colcon.colcon_ros.task.ament_python.build:Building ROS package in '/home/hiep0247/hiep_ros2/src/agv_hmi' with build type 'ament_python'
[0.165s] Level 1:colcon.colcon_core.shell:create_environment_hook('agv_hmi', 'ament_prefix_path')
[0.165s] INFO:colcon.colcon_core.shell:Creating environment hook '/home/hiep0247/hiep_ros2/install/agv_hmi/share/agv_hmi/hook/ament_prefix_path.ps1'
[0.166s] INFO:colcon.colcon_core.shell:Creating environment descriptor '/home/hiep0247/hiep_ros2/install/agv_hmi/share/agv_hmi/hook/ament_prefix_path.dsv'
[0.166s] INFO:colcon.colcon_core.shell:Creating environment hook '/home/hiep0247/hiep_ros2/install/agv_hmi/share/agv_hmi/hook/ament_prefix_path.sh'
[0.166s] INFO:colcon.colcon_core.shell:Skip shell extension 'powershell' for command environment: Not usable outside of PowerShell
[0.166s] DEBUG:colcon.colcon_core.shell:Skip shell extension 'dsv' for command environment
[0.168s] INFO:colcon.colcon_ros.task.ament_python.build:Building ROS package in '/home/hiep0247/hiep_ros2/src/hiep_robot2' with build type 'ament_python'
[0.169s] Level 1:colcon.colcon_core.shell:create_environment_hook('hiep_robot2', 'ament_prefix_path')
[0.169s] INFO:colcon.colcon_core.shell:Creating environment hook '/home/hiep0247/hiep_ros2/install/hiep_robot2/share/hiep_robot2/hook/ament_prefix_path.ps1'
[0.169s] INFO:colcon.colcon_core.shell:Creating environment descriptor '/home/hiep0247/hiep_ros2/install/hiep_robot2/share/hiep_robot2/hook/ament_prefix_path.dsv'
[0.169s] INFO:colcon.colcon_core.shell:Creating environment hook '/home/hiep0247/hiep_ros2/install/hiep_robot2/share/hiep_robot2/hook/ament_prefix_path.sh'
[0.169s] INFO:colcon.colcon_core.shell:Skip shell extension 'powershell' for command environment: Not usable outside of PowerShell
[0.169s] DEBUG:colcon.colcon_core.shell:Skip shell extension 'dsv' for command environment
[0.172s] INFO:colcon.colcon_ros.task.ament_cmake.build:Building ROS package in '/home/hiep0247/hiep_ros2/src/mec_mobile_description1' with build type 'ament_cmake'
[0.172s] INFO:colcon.colcon_cmake.task.cmake.build:Building CMake package in '/home/hiep0247/hiep_ros2/src/mec_mobile_description1'
[0.172s] INFO:colcon.colcon_core.shell:Skip shell extension 'powershell' for command environment: Not usable outside of PowerShell
[0.172s] DEBUG:colcon.colcon_core.shell:Skip shell extension 'dsv' for command environment
[0.175s] INFO:colcon.colcon_ros.task.ament_cmake.build:Building ROS package in '/home/hiep0247/hiep_ros2/src/mec_mobile_gazebo' with build type 'ament_cmake'
[0.175s] INFO:colcon.colcon_cmake.task.cmake.build:Building CMake package in '/home/hiep0247/hiep_ros2/src/mec_mobile_gazebo'
[0.175s] INFO:colcon.colcon_core.shell:Skip shell extension 'powershell' for command environment: Not usable outside of PowerShell
[0.175s] DEBUG:colcon.colcon_core.shell:Skip shell extension 'dsv' for command environment
[0.177s] INFO:colcon.colcon_ros.task.ament_cmake.build:Building ROS package in '/home/hiep0247/hiep_ros2/src/mec_mobile_navigation' with build type 'ament_cmake'
[0.177s] INFO:colcon.colcon_cmake.task.cmake.build:Building CMake package in '/home/hiep0247/hiep_ros2/src/mec_mobile_navigation'
[0.177s] INFO:colcon.colcon_core.shell:Skip shell extension 'powershell' for command environment: Not usable outside of PowerShell
[0.177s] DEBUG:colcon.colcon_core.shell:Skip shell extension 'dsv' for command environment
[0.180s] INFO:colcon.colcon_ros.task.ament_cmake.build:Building ROS package in '/home/hiep0247/hiep_ros2/src/sllidar_ros2' with build type 'ament_cmake'
[0.180s] INFO:colcon.colcon_cmake.task.cmake.build:Building CMake package in '/home/hiep0247/hiep_ros2/src/sllidar_ros2'
[0.180s] INFO:colcon.colcon_core.shell:Skip shell extension 'powershell' for command environment: Not usable outside of PowerShell
[0.180s] DEBUG:colcon.colcon_core.shell:Skip shell extension 'dsv' for command environment
[0.314s] INFO:colcon.colcon_core.task.python.build:Building Python package in '/home/hiep0247/hiep_ros2/src/agv_fleet'
[0.314s] INFO:colcon.colcon_core.shell:Skip shell extension 'powershell' for command environment: Not usable outside of PowerShell
[0.314s] DEBUG:colcon.colcon_core.shell:Skip shell extension 'dsv' for command environment
[0.320s] DEBUG:colcon.colcon_core.event_handler.log_command:Invoking command in '/home/hiep0247/hiep_ros2/build/mec_mobile_description': CMAKE_PREFIX_PATH=${CMAKE_PREFIX_PATH}:/home/hiep0247/hiep_ros2/install/hiep_robot2:/home/hiep0247/hiep_ros2/install/agv_hmi:/home/hiep0247/hiep_ros2/install/agv_fleet_domains:/home/hiep0247/hiep_ros2/install/agv_fleet:/opt/ros/jazzy DEBUGINFOD_URLS=https://debuginfod.ubuntu.com /usr/bin/cmake --build /home/hiep0247/hiep_ros2/build/mec_mobile_description -- -j16 -l16
[0.448s] INFO:colcon.colcon_core.task.python.build:Building Python package in '/home/hiep0247/hiep_ros2/src/agv_hmi'
[0.448s] INFO:colcon.colcon_core.shell:Skip shell extension 'powershell' for command environment: Not usable outside of PowerShell
[0.448s] DEBUG:colcon.colcon_core.shell:Skip shell extension 'dsv' for command environment
[0.573s] INFO:colcon.colcon_core.task.python.build:Building Python package in '/home/hiep0247/hiep_ros2/src/hiep_robot2'
[0.573s] INFO:colcon.colcon_core.shell:Skip shell extension 'powershell' for command environment: Not usable outside of PowerShell
[0.573s] DEBUG:colcon.colcon_core.shell:Skip shell extension 'dsv' for command environment
[0.577s] DEBUG:colcon.colcon_core.event_handler.log_command:Invoking command in '/home/hiep0247/hiep_ros2/build/mec_mobile_description1': CMAKE_PREFIX_PATH=${CMAKE_PREFIX_PATH}:/home/hiep0247/hiep_ros2/install/hiep_robot2:/home/hiep0247/hiep_ros2/install/agv_hmi:/home/hiep0247/hiep_ros2/install/agv_fleet_domains:/home/hiep0247/hiep_ros2/install/agv_fleet:/opt/ros/jazzy DEBUGINFOD_URLS=https://debuginfod.ubuntu.com /usr/bin/cmake --build /home/hiep0247/hiep_ros2/build/mec_mobile_description1 -- -j16 -l16
[0.579s] DEBUG:colcon.colcon_core.event_handler.log_command:Invoking command in '/home/hiep0247/hiep_ros2/build/mec_mobile_gazebo': CMAKE_PREFIX_PATH=${CMAKE_PREFIX_PATH}:/home/hiep0247/hiep_ros2/install/hiep_robot2:/home/hiep0247/hiep_ros2/install/agv_hmi:/home/hiep0247/hiep_ros2/install/agv_fleet_domains:/home/hiep0247/hiep_ros2/install/agv_fleet:/opt/ros/jazzy DEBUGINFOD_URLS=https://debuginfod.ubuntu.com /usr/bin/cmake --build /home/hiep0247/hiep_ros2/build/mec_mobile_gazebo -- -j16 -l16
[0.579s] DEBUG:colcon.colcon_core.event_handler.log_command:Invoking command in '/home/hiep0247/hiep_ros2/build/mec_mobile_navigation': CMAKE_PREFIX_PATH=${CMAKE_PREFIX_PATH}:/home/hiep0247/hiep_ros2/install/hiep_robot2:/home/hiep0247/hiep_ros2/install/agv_hmi:/home/hiep0247/hiep_ros2/install/agv_fleet_domains:/home/hiep0247/hiep_ros2/install/agv_fleet:/opt/ros/jazzy DEBUGINFOD_URLS=https://debuginfod.ubuntu.com /usr/bin/cmake /home/hiep0247/hiep_ros2/src/mec_mobile_navigation -DCMAKE_INSTALL_PREFIX=/home/hiep0247/hiep_ros2/install/mec_mobile_navigation
[0.581s] DEBUG:colcon.colcon_core.event_handler.log_command:Invoking command in '/home/hiep0247/hiep_ros2/build/sllidar_ros2': CMAKE_PREFIX_PATH=${CMAKE_PREFIX_PATH}:/home/hiep0247/hiep_ros2/install/hiep_robot2:/home/hiep0247/hiep_ros2/install/agv_hmi:/home/hiep0247/hiep_ros2/install/agv_fleet_domains:/home/hiep0247/hiep_ros2/install/agv_fleet:/opt/ros/jazzy DEBUGINFOD_URLS=https://debuginfod.ubuntu.com /usr/bin/cmake --build /home/hiep0247/hiep_ros2/build/sllidar_ros2 -- -j16 -l16
[0.583s] DEBUG:colcon.colcon_core.event_handler.log_command:Invoked command in '/home/hiep0247/hiep_ros2/build/mec_mobile_description' returned '0': CMAKE_PREFIX_PATH=${CMAKE_PREFIX_PATH}:/home/hiep0247/hiep_ros2/install/hiep_robot2:/home/hiep0247/hiep_ros2/install/agv_hmi:/home/hiep0247/hiep_ros2/install/agv_fleet_domains:/home/hiep0247/hiep_ros2/install/agv_fleet:/opt/ros/jazzy DEBUGINFOD_URLS=https://debuginfod.ubuntu.com /usr/bin/cmake --build /home/hiep0247/hiep_ros2/build/mec_mobile_description -- -j16 -l16
[0.590s] DEBUG:colcon.colcon_core.event_handler.log_command:Invoking command in '/home/hiep0247/hiep_ros2/build/mec_mobile_description': CMAKE_PREFIX_PATH=${CMAKE_PREFIX_PATH}:/home/hiep0247/hiep_ros2/install/hiep_robot2:/home/hiep0247/hiep_ros2/install/agv_hmi:/home/hiep0247/hiep_ros2/install/agv_fleet_domains:/home/hiep0247/hiep_ros2/install/agv_fleet:/opt/ros/jazzy DEBUGINFOD_URLS=https://debuginfod.ubuntu.com /usr/bin/cmake --install /home/hiep0247/hiep_ros2/build/mec_mobile_description
[0.606s] DEBUG:colcon.colcon_core.event_handler.log_command:Invoked command in '/home/hiep0247/hiep_ros2/build/mec_mobile_description1' returned '0': CMAKE_PREFIX_PATH=${CMAKE_PREFIX_PATH}:/home/hiep0247/hiep_ros2/install/hiep_robot2:/home/hiep0247/hiep_ros2/install/agv_hmi:/home/hiep0247/hiep_ros2/install/agv_fleet_domains:/home/hiep0247/hiep_ros2/install/agv_fleet:/opt/ros/jazzy DEBUGINFOD_URLS=https://debuginfod.ubuntu.com /usr/bin/cmake --build /home/hiep0247/hiep_ros2/build/mec_mobile_description1 -- -j16 -l16
[0.608s] DEBUG:colcon.colcon_core.event_handler.log_command:Invoking command in '/home/hiep0247/hiep_ros2/build/mec_mobile_description1': CMAKE_PREFIX_PATH=${CMAKE_PREFIX_PATH}:/home/hiep0247/hiep_ros2/install/hiep_robot2:/home/hiep0247/hiep_ros2/install/agv_hmi:/home/hiep0247/hiep_ros2/install/agv_fleet_domains:/home/hiep0247/hiep_ros2/install/agv_fleet:/opt/ros/jazzy DEBUGINFOD_URLS=https://debuginfod.ubuntu.com /usr/bin/cmake --install /home/hiep0247/hiep_ros2/build/mec_mobile_description1
[0.612s] Level 1:colcon.colcon_core.environment:create_environment_scripts_only(mec_mobile_description)
[0.613s] DEBUG:colcon.colcon_core.event_handler.log_command:Invoked command in '/home/hiep0247/hiep_ros2/build/mec_mobile_description' returned '0': CMAKE_PREFIX_PATH=${CMAKE_PREFIX_PATH}:/home/hiep0247/hiep_ros2/install/hiep_robot2:/home/hiep0247/hiep_ros2/install/agv_hmi:/home/hiep0247/hiep_ros2/install/agv_fleet_domains:/home/hiep0247/hiep_ros2/install/agv_fleet:/opt/ros/jazzy DEBUGINFOD_URLS=https://debuginfod.ubuntu.com /usr/bin/cmake --install /home/hiep0247/hiep_ros2/build/mec_mobile_description
[0.616s] Level 1:colcon.colcon_core.environment:checking '/home/hiep0247/hiep_ros2/install/mec_mobile_description' for CMake module files
[0.618s] Level 1:colcon.colcon_core.environment:checking '/home/hiep0247/hiep_ros2/install/mec_mobile_description' for CMake config files
[0.619s] Level 1:colcon.colcon_core.shell:create_environment_hook('mec_mobile_description', 'cmake_prefix_path')
[0.619s] INFO:colcon.colcon_core.shell:Creating environment hook '/home/hiep0247/hiep_ros2/install/mec_mobile_description/share/mec_mobile_description/hook/cmake_prefix_path.ps1'
[0.619s] INFO:colcon.colcon_core.shell:Creating environment descriptor '/home/hiep0247/hiep_ros2/install/mec_mobile_description/share/mec_mobile_description/hook/cmake_prefix_path.dsv'
[0.619s] INFO:colcon.colcon_core.shell:Creating environment hook '/home/hiep0247/hiep_ros2/install/mec_mobile_description/share/mec_mobile_description/hook/cmake_prefix_path.sh'
[0.620s] Level 1:colcon.colcon_core.environment:checking '/home/hiep0247/hiep_ros2/install/mec_mobile_description/bin'
[0.620s] Level 1:colcon.colcon_core.environment:checking '/home/hiep0247/hiep_ros2/install/mec_mobile_description/lib/pkgconfig/mec_mobile_description.pc'
[0.620s] Level 1:colcon.colcon_core.environment:checking '/home/hiep0247/hiep_ros2/install/mec_mobile_description/lib/python3.12/site-packages'
[0.620s] Level 1:colcon.colcon_core.environment:checking '/home/hiep0247/hiep_ros2/install/mec_mobile_description/bin'
[0.621s] INFO:colcon.colcon_core.shell:Creating package script '/home/hiep0247/hiep_ros2/install/mec_mobile_description/share/mec_mobile_description/package.ps1'
[0.621s] INFO:colcon.colcon_core.shell:Creating package descriptor '/home/hiep0247/hiep_ros2/install/mec_mobile_description/share/mec_mobile_description/package.dsv'
[0.621s] INFO:colcon.colcon_core.shell:Creating package script '/home/hiep0247/hiep_ros2/install/mec_mobile_description/share/mec_mobile_description/package.sh'
[0.622s] INFO:colcon.colcon_core.shell:Creating package script '/home/hiep0247/hiep_ros2/install/mec_mobile_description/share/mec_mobile_description/package.bash'
[0.622s] INFO:colcon.colcon_core.shell:Creating package script '/home/hiep0247/hiep_ros2/install/mec_mobile_description/share/mec_mobile_description/package.zsh'
[0.622s] Level 1:colcon.colcon_core.environment:create_file_with_runtime_dependencies(/home/hiep0247/hiep_ros2/install/mec_mobile_description/share/colcon-core/packages/mec_mobile_description)
[0.623s] Level 1:colcon.colcon_core.environment:create_environment_scripts_only(mec_mobile_description)
[0.623s] Level 1:colcon.colcon_core.environment:checking '/home/hiep0247/hiep_ros2/install/mec_mobile_description' for CMake module files
[0.624s] Level 1:colcon.colcon_core.environment:checking '/home/hiep0247/hiep_ros2/install/mec_mobile_description' for CMake config files
[0.624s] Level 1:colcon.colcon_core.shell:create_environment_hook('mec_mobile_description', 'cmake_prefix_path')
[0.624s] INFO:colcon.colcon_core.shell:Creating environment hook '/home/hiep0247/hiep_ros2/install/mec_mobile_description/share/mec_mobile_description/hook/cmake_prefix_path.ps1'
[0.625s] INFO:colcon.colcon_core.shell:Creating environment descriptor '/home/hiep0247/hiep_ros2/install/mec_mobile_description/share/mec_mobile_description/hook/cmake_prefix_path.dsv'
[0.625s] INFO:colcon.colcon_core.shell:Creating environment hook '/home/hiep0247/hiep_ros2/install/mec_mobile_description/share/mec_mobile_description/hook/cmake_prefix_path.sh'
[0.625s] Level 1:colcon.colcon_core.environment:checking '/home/hiep0247/hiep_ros2/install/mec_mobile_description/bin'
[0.625s] Level 1:colcon.colcon_core.environment:checking '/home/hiep0247/hiep_ros2/install/mec_mobile_description/lib/pkgconfig/mec_mobile_description.pc'
[0.626s] Level 1:colcon.colcon_core.environment:checking '/home/hiep0247/hiep_ros2/install/mec_mobile_description/lib/python3.12/site-packages'
[0.626s] Level 1:colcon.colcon_core.environment:checking '/home/hiep0247/hiep_ros2/install/mec_mobile_description/bin'
[0.626s] INFO:colcon.colcon_core.shell:Creating package script '/home/hiep0247/hiep_ros2/install/mec_mobile_description/share/mec_mobile_description/package.ps1'
[0.626s] INFO:colcon.colcon_core.shell:Creating package descriptor '/home/hiep0247/hiep_ros2/install/mec_mobile_description/share/mec_mobile_description/package.dsv'
[0.627s] INFO:colcon.colcon_core.shell:Creating package script '/home/hiep0247/hiep_ros2/install/mec_mobile_description/share/mec_mobile_description/package.sh'
[0.627s] INFO:colcon.colcon_core.shell:Creating package script '/home/hiep0247/hiep_ros2/install/mec_mobile_description/share/mec_mobile_description/package.bash'
[0.627s] INFO:colcon.colcon_core.shell:Creating package script '/home/hiep0247/hiep_ros2/install/mec_mobile_description/share/mec_mobile_description/package.zsh'
[0.627s] Level 1:colcon.colcon_core.environment:create_file_with_runtime_dependencies(/home/hiep0247/hiep_ros2/install/mec_mobile_description/share/colcon-core/packages/mec_mobile_description)
[0.628s] INFO:colcon.colcon_ros.task.ament_cmake.build:Building ROS package in '/home/hiep0247/hiep_ros2/src/mec_mobile' with build type 'ament_cmake'
[0.628s] INFO:colcon.colcon_cmake.task.cmake.build:Building CMake package in '/home/hiep0247/hiep_ros2/src/mec_mobile'
[0.628s] INFO:colcon.colcon_core.shell:Skip shell extension 'powershell' for command environment: Not usable outside of PowerShell
[0.628s] DEBUG:colcon.colcon_core.shell:Skip shell extension 'dsv' for command environment
[0.632s] DEBUG:colcon.colcon_core.event_handler.log_command:Invoked command in '/home/hiep0247/hiep_ros2/build/mec_mobile_gazebo' returned '0': CMAKE_PREFIX_PATH=${CMAKE_PREFIX_PATH}:/home/hiep0247/hiep_ros2/install/hiep_robot2:/home/hiep0247/hiep_ros2/install/agv_hmi:/home/hiep0247/hiep_ros2/install/agv_fleet_domains:/home/hiep0247/hiep_ros2/install/agv_fleet:/opt/ros/jazzy DEBUGINFOD_URLS=https://debuginfod.ubuntu.com /usr/bin/cmake --build /home/hiep0247/hiep_ros2/build/mec_mobile_gazebo -- -j16 -l16
[0.634s] DEBUG:colcon.colcon_core.event_handler.log_command:Invoking command in '/home/hiep0247/hiep_ros2/build/mec_mobile_gazebo': CMAKE_PREFIX_PATH=${CMAKE_PREFIX_PATH}:/home/hiep0247/hiep_ros2/install/hiep_robot2:/home/hiep0247/hiep_ros2/install/agv_hmi:/home/hiep0247/hiep_ros2/install/agv_fleet_domains:/home/hiep0247/hiep_ros2/install/agv_fleet:/opt/ros/jazzy DEBUGINFOD_URLS=https://debuginfod.ubuntu.com /usr/bin/cmake --install /home/hiep0247/hiep_ros2/build/mec_mobile_gazebo
[0.634s] Level 1:colcon.colcon_core.environment:create_environment_scripts_only(mec_mobile_description1)
[0.634s] Level 1:colcon.colcon_core.environment:checking '/home/hiep0247/hiep_ros2/install/mec_mobile_description1' for CMake module files
[0.635s] DEBUG:colcon.colcon_core.event_handler.log_command:Invoked command in '/home/hiep0247/hiep_ros2/build/mec_mobile_description1' returned '0': CMAKE_PREFIX_PATH=${CMAKE_PREFIX_PATH}:/home/hiep0247/hiep_ros2/install/hiep_robot2:/home/hiep0247/hiep_ros2/install/agv_hmi:/home/hiep0247/hiep_ros2/install/agv_fleet_domains:/home/hiep0247/hiep_ros2/install/agv_fleet:/opt/ros/jazzy DEBUGINFOD_URLS=https://debuginfod.ubuntu.com /usr/bin/cmake --install /home/hiep0247/hiep_ros2/build/mec_mobile_description1
[0.635s] Level 1:colcon.colcon_core.environment:checking '/home/hiep0247/hiep_ros2/install/mec_mobile_description1' for CMake config files
[0.636s] Level 1:colcon.colcon_core.shell:create_environment_hook('mec_mobile_description1', 'cmake_prefix_path')
[0.636s] INFO:colcon.colcon_core.shell:Creating environment hook '/home/hiep0247/hiep_ros2/install/mec_mobile_description1/share/mec_mobile_description1/hook/cmake_prefix_path.ps1'
[0.636s] INFO:colcon.colcon_core.shell:Creating environment descriptor '/home/hiep0247/hiep_ros2/install/mec_mobile_description1/share/mec_mobile_description1/hook/cmake_prefix_path.dsv'
[0.637s] INFO:colcon.colcon_core.shell:Creating environment hook '/home/hiep0247/hiep_ros2/install/mec_mobile_description1/share/mec_mobile_description1/hook/cmake_prefix_path.sh'
[0.637s] Level 1:colcon.colcon_core.environment:checking '/home/hiep0247/hiep_ros2/install/mec_mobile_description1/bin'
[0.637s] Level 1:colcon.colcon_core.environment:checking '/home/hiep0247/hiep_ros2/install/mec_mobile_description1/lib/pkgconfig/mec_mobile_description1.pc'
[0.637s] Level 1:colcon.colcon_core.environment:checking '/home/hiep0247/hiep_ros2/install/mec_mobile_description1/lib/python3.12/site-packages'
[0.638s] Level 1:colcon.colcon_core.environment:checking '/home/hiep0247/hiep_ros2/install/mec_mobile_description1/bin'
[0.638s] INFO:colcon.colcon_core.shell:Creating package script '/home/hiep0247/hiep_ros2/install/mec_mobile_description1/share/mec_mobile_description1/package.ps1'
[0.639s] INFO:colcon.colcon_core.shell:Creating package descriptor '/home/hiep0247/hiep_ros2/install/mec_mobile_description1/share/mec_mobile_description1/package.dsv'
[0.639s] INFO:colcon.colcon_core.shell:Creating package script '/home/hiep0247/hiep_ros2/install/mec_mobile_description1/share/mec_mobile_description1/package.sh'
[0.639s] INFO:colcon.colcon_core.shell:Creating package script '/home/hiep0247/hiep_ros2/install/mec_mobile_description1/share/mec_mobile_description1/package.bash'
[0.640s] INFO:colcon.colcon_core.shell:Creating package script '/home/hiep0247/hiep_ros2/install/mec_mobile_description1/share/mec_mobile_description1/package.zsh'
[0.640s] Level 1:colcon.colcon_core.environment:create_file_with_runtime_dependencies(/home/hiep0247/hiep_ros2/install/mec_mobile_description1/share/colcon-core/packages/mec_mobile_description1)
[0.641s] Level 1:colcon.colcon_core.environment:create_environment_scripts_only(mec_mobile_description1)
[0.641s] Level 1:colcon.colcon_core.environment:checking '/home/hiep0247/hiep_ros2/install/mec_mobile_description1' for CMake module files
[0.641s] Level 1:colcon.colcon_core.environment:checking '/home/hiep0247/hiep_ros2/install/mec_mobile_description1' for CMake config files
[0.642s] Level 1:colcon.colcon_core.shell:create_environment_hook('mec_mobile_description1', 'cmake_prefix_path')
[0.642s] INFO:colcon.colcon_core.shell:Creating environment hook '/home/hiep0247/hiep_ros2/install/mec_mobile_description1/share/mec_mobile_description1/hook/cmake_prefix_path.ps1'
[0.643s] INFO:colcon.colcon_core.shell:Creating environment descriptor '/home/hiep0247/hiep_ros2/install/mec_mobile_description1/share/mec_mobile_description1/hook/cmake_prefix_path.dsv'
[0.643s] INFO:colcon.colcon_core.shell:Creating environment hook '/home/hiep0247/hiep_ros2/install/mec_mobile_description1/share/mec_mobile_description1/hook/cmake_prefix_path.sh'
[0.644s] Level 1:colcon.colcon_core.environment:checking '/home/hiep0247/hiep_ros2/install/mec_mobile_description1/bin'
[0.644s] Level 1:colcon.colcon_core.environment:checking '/home/hiep0247/hiep_ros2/install/mec_mobile_description1/lib/pkgconfig/mec_mobile_description1.pc'
[0.644s] Level 1:colcon.colcon_core.environment:checking '/home/hiep0247/hiep_ros2/install/mec_mobile_description1/lib/python3.12/site-packages'
[0.644s] Level 1:colcon.colcon_core.environment:checking '/home/hiep0247/hiep_ros2/install/mec_mobile_description1/bin'
[0.645s] INFO:colcon.colcon_core.shell:Creating package script '/home/hiep0247/hiep_ros2/install/mec_mobile_description1/share/mec_mobile_description1/package.ps1'
[0.645s] INFO:colcon.colcon_core.shell:Creating package descriptor '/home/hiep0247/hiep_ros2/install/mec_mobile_description1/share/mec_mobile_description1/package.dsv'
[0.646s] INFO:colcon.colcon_core.shell:Creating package script '/home/hiep0247/hiep_ros2/install/mec_mobile_description1/share/mec_mobile_description1/package.sh'
[0.646s] INFO:colcon.colcon_core.shell:Creating package script '/home/hiep0247/hiep_ros2/install/mec_mobile_description1/share/mec_mobile_description1/package.bash'
[0.647s] INFO:colcon.colcon_core.shell:Creating package script '/home/hiep0247/hiep_ros2/install/mec_mobile_description1/share/mec_mobile_description1/package.zsh'
[0.647s] Level 1:colcon.colcon_core.environment:create_file_with_runtime_dependencies(/home/hiep0247/hiep_ros2/install/mec_mobile_description1/share/colcon-core/packages/mec_mobile_description1)
[0.649s] Level 1:colcon.colcon_core.environment:create_environment_scripts_only(mec_mobile_gazebo)
[0.649s] Level 1:colcon.colcon_core.environment:checking '/home/hiep0247/hiep_ros2/install/mec_mobile_gazebo' for CMake module files
[0.650s] Level 1:colcon.colcon_core.environment:checking '/home/hiep0247/hiep_ros2/install/mec_mobile_gazebo' for CMake config files
[0.652s] DEBUG:colcon.colcon_core.event_handler.log_command:Invoked command in '/home/hiep0247/hiep_ros2/build/mec_mobile_gazebo' returned '0': CMAKE_PREFIX_PATH=${CMAKE_PREFIX_PATH}:/home/hiep0247/hiep_ros2/install/hiep_robot2:/home/hiep0247/hiep_ros2/install/agv_hmi:/home/hiep0247/hiep_ros2/install/agv_fleet_domains:/home/hiep0247/hiep_ros2/install/agv_fleet:/opt/ros/jazzy DEBUGINFOD_URLS=https://debuginfod.ubuntu.com /usr/bin/cmake --install /home/hiep0247/hiep_ros2/build/mec_mobile_gazebo
[0.652s] Level 1:colcon.colcon_core.shell:create_environment_hook('mec_mobile_gazebo', 'cmake_prefix_path')
[0.653s] INFO:colcon.colcon_core.shell:Creating environment hook '/home/hiep0247/hiep_ros2/install/mec_mobile_gazebo/share/mec_mobile_gazebo/hook/cmake_prefix_path.ps1'
[0.653s] INFO:colcon.colcon_core.shell:Creating environment descriptor '/home/hiep0247/hiep_ros2/install/mec_mobile_gazebo/share/mec_mobile_gazebo/hook/cmake_prefix_path.dsv'
[0.653s] INFO:colcon.colcon_core.shell:Creating environment hook '/home/hiep0247/hiep_ros2/install/mec_mobile_gazebo/share/mec_mobile_gazebo/hook/cmake_prefix_path.sh'
[0.653s] Level 1:colcon.colcon_core.environment:checking '/home/hiep0247/hiep_ros2/install/mec_mobile_gazebo/bin'
[0.654s] Level 1:colcon.colcon_core.environment:checking '/home/hiep0247/hiep_ros2/install/mec_mobile_gazebo/lib/pkgconfig/mec_mobile_gazebo.pc'
[0.654s] Level 1:colcon.colcon_core.environment:checking '/home/hiep0247/hiep_ros2/install/mec_mobile_gazebo/lib/python3.12/site-packages'
[0.654s] Level 1:colcon.colcon_core.environment:checking '/home/hiep0247/hiep_ros2/install/mec_mobile_gazebo/bin'
[0.654s] INFO:colcon.colcon_core.shell:Creating package script '/home/hiep0247/hiep_ros2/install/mec_mobile_gazebo/share/mec_mobile_gazebo/package.ps1'
[0.654s] INFO:colcon.colcon_core.shell:Creating package descriptor '/home/hiep0247/hiep_ros2/install/mec_mobile_gazebo/share/mec_mobile_gazebo/package.dsv'
[0.655s] INFO:colcon.colcon_core.shell:Creating package script '/home/hiep0247/hiep_ros2/install/mec_mobile_gazebo/share/mec_mobile_gazebo/package.sh'
[0.655s] INFO:colcon.colcon_core.shell:Creating package script '/home/hiep0247/hiep_ros2/install/mec_mobile_gazebo/share/mec_mobile_gazebo/package.bash'
[0.655s] INFO:colcon.colcon_core.shell:Creating package script '/home/hiep0247/hiep_ros2/install/mec_mobile_gazebo/share/mec_mobile_gazebo/package.zsh'
[0.655s] Level 1:colcon.colcon_core.environment:create_file_with_runtime_dependencies(/home/hiep0247/hiep_ros2/install/mec_mobile_gazebo/share/colcon-core/packages/mec_mobile_gazebo)
[0.656s] Level 1:colcon.colcon_core.environment:create_environment_scripts_only(mec_mobile_gazebo)
[0.656s] Level 1:colcon.colcon_core.environment:checking '/home/hiep0247/hiep_ros2/install/mec_mobile_gazebo' for CMake module files
[0.656s] Level 1:colcon.colcon_core.environment:checking '/home/hiep0247/hiep_ros2/install/mec_mobile_gazebo' for CMake config files
[0.656s] Level 1:colcon.colcon_core.shell:create_environment_hook('mec_mobile_gazebo', 'cmake_prefix_path')
[0.656s] INFO:colcon.colcon_core.shell:Creating environment hook '/home/hiep0247/hiep_ros2/install/mec_mobile_gazebo/share/mec_mobile_gazebo/hook/cmake_prefix_path.ps1'
[0.657s] INFO:colcon.colcon_core.shell:Creating environment descriptor '/home/hiep0247/hiep_ros2/install/mec_mobile_gazebo/share/mec_mobile_gazebo/hook/cmake_prefix_path.dsv'
[0.657s] INFO:colcon.colcon_core.shell:Creating environment hook '/home/hiep0247/hiep_ros2/install/mec_mobile_gazebo/share/mec_mobile_gazebo/hook/cmake_prefix_path.sh'
[0.657s] Level 1:colcon.colcon_core.environment:checking '/home/hiep0247/hiep_ros2/install/mec_mobile_gazebo/bin'
[0.657s] Level 1:colcon.colcon_core.environment:checking '/home/hiep0247/hiep_ros2/install/mec_mobile_gazebo/lib/pkgconfig/mec_mobile_gazebo.pc'
[0.657s] Level 1:colcon.colcon_core.environment:checking '/home/hiep0247/hiep_ros2/install/mec_mobile_gazebo/lib/python3.12/site-packages'
[0.657s] Level 1:colcon.colcon_core.environment:checking '/home/hiep0247/hiep_ros2/install/mec_mobile_gazebo/bin'
[0.658s] INFO:colcon.colcon_core.shell:Creating package script '/home/hiep0247/hiep_ros2/install/mec_mobile_gazebo/share/mec_mobile_gazebo/package.ps1'
[0.658s] INFO:colcon.colcon_core.shell:Creating package descriptor '/home/hiep0247/hiep_ros2/install/mec_mobile_gazebo/share/mec_mobile_gazebo/package.dsv'
[0.658s] INFO:colcon.colcon_core.shell:Creating package script '/home/hiep0247/hiep_ros2/install/mec_mobile_gazebo/share/mec_mobile_gazebo/package.sh'
[0.659s] INFO:colcon.colcon_core.shell:Creating package script '/home/hiep0247/hiep_ros2/install/mec_mobile_gazebo/share/mec_mobile_gazebo/package.bash'
[0.659s] INFO:colcon.colcon_core.shell:Creating package script '/home/hiep0247/hiep_ros2/install/mec_mobile_gazebo/share/mec_mobile_gazebo/package.zsh'
[0.659s] Level 1:colcon.colcon_core.environment:create_file_with_runtime_dependencies(/home/hiep0247/hiep_ros2/install/mec_mobile_gazebo/share/colcon-core/packages/mec_mobile_gazebo)
[0.661s] DEBUG:colcon.colcon_core.event_handler.log_command:Invoking command in '/home/hiep0247/hiep_ros2/build/mec_mobile': CMAKE_PREFIX_PATH=/home/hiep0247/hiep_ros2/install/mec_mobile_description:/home/hiep0247/hiep_ros2/install/mec_mobile_description1:/home/hiep0247/hiep_ros2/install/sllidar_ros2:/home/hiep0247/hiep_ros2/install/mec_mobile_navigation:/home/hiep0247/hiep_ros2/install/mec_mobile_gazebo:/home/hiep0247/hiep_ros2/install/mec_mobile:/home/hiep0247/ros2_ws/install/unitree_go2_sim:/home/hiep0247/ros2_ws/install/unitree_go2_description:/home/hiep0247/ros2_ws/install/sllidar_ros2:/home/hiep0247/ros2_ws/install/champ_base:/home/hiep0247/ros2_ws/install/champ_msgs:/home/hiep0247/ros2_ws/install/champ:/opt/ros/jazzy/opt/gz_sim_vendor:/opt/ros/jazzy/opt/gz_sensors_vendor:/opt/ros/jazzy/opt/gz_physics_vendor:/opt/ros/jazzy/opt/sdformat_vendor:/opt/ros/jazzy/opt/gz_gui_vendor:/opt/ros/jazzy/opt/gz_transport_vendor:/opt/ros/jazzy/opt/gz_rendering_vendor:/opt/ros/jazzy/opt/gz_plugin_vendor:/opt/ros/jazzy/opt/gz_fuel_tools_vendor:/opt/ros/jazzy/opt/gz_msgs_vendor:/opt/ros/jazzy/opt/gz_common_vendor:/opt/ros/jazzy/opt/gz_math_vendor:/opt/ros/jazzy/opt/gz_utils_vendor:/opt/ros/jazzy/opt/gz_tools_vendor:/opt/ros/jazzy/opt/gz_ogre_next_vendor:/opt/ros/jazzy/opt/gz_dartsim_vendor:/opt/ros/jazzy/opt/gz_cmake_vendor:/home/hiep0247/hiep_ros2/install/hiep_robot2:/home/hiep0247/hiep_ros2/install/agv_hmi:/home/hiep0247/hiep_ros2/install/agv_fleet_domains:/home/hiep0247/hiep_ros2/install/agv_fleet:/opt/ros/jazzy DEBUGINFOD_URLS=https://debuginfod.ubuntu.com /usr/bin/cmake --build /home/hiep0247/hiep_ros2/build/mec_mobile -- -j16 -l16
[0.662s] DEBUG:colcon.colcon_core.event_handler.log_command:Invoked command in '/home/hiep0247/hiep_ros2/build/sllidar_ros2' returned '0': CMAKE_PREFIX_PATH=${CMAKE_PREFIX_PATH}:/home/hiep0247/hiep_ros2/install/hiep_robot2:/home/hiep0247/hiep_ros2/install/agv_hmi:/home/hiep0247/hiep_ros2/install/agv_fleet_domains:/home/hiep0247/hiep_ros2/install/agv_fleet:/opt/ros/jazzy DEBUGINFOD_URLS=https://debuginfod.ubuntu.com /usr/bin/cmake --build /home/hiep0247/hiep_ros2/build/sllidar_ros2 -- -j16 -l16
[0.663s] DEBUG:colcon.colcon_core.event_handler.log_command:Invoking command in '/home/hiep0247/hiep_ros2/build/sllidar_ros2': CMAKE_PREFIX_PATH=${CMAKE_PREFIX_PATH}:/home/hiep0247/hiep_ros2/install/hiep_robot2:/home/hiep0247/hiep_ros2/install/agv_hmi:/home/hiep0247/hiep_ros2/install/agv_fleet_domains:/home/hiep0247/hiep_ros2/install/agv_fleet:/opt/ros/jazzy DEBUGINFOD_URLS=https://debuginfod.ubuntu.com /usr/bin/cmake --install /home/hiep0247/hiep_ros2/build/sllidar_ros2
[0.697s] DEBUG:colcon.colcon_core.event_handler.log_command:Invoked command in '/home/hiep0247/hiep_ros2/build/mec_mobile' returned '0': CMAKE_PREFIX_PATH=/home/hiep0247/hiep_ros2/install/mec_mobile_description:/home/hiep0247/hiep_ros2/install/mec_mobile_description1:/home/hiep0247/hiep_ros2/install/sllidar_ros2:/home/hiep0247/hiep_ros2/install/mec_mobile_navigation:/home/hiep0247/hiep_ros2/install/mec_mobile_gazebo:/home/hiep0247/hiep_ros2/install/mec_mobile:/home/hiep0247/ros2_ws/install/unitree_go2_sim:/home/hiep0247/ros2_ws/install/unitree_go2_description:/home/hiep0247/ros2_ws/install/sllidar_ros2:/home/hiep0247/ros2_ws/install/champ_base:/home/hiep0247/ros2_ws/install/champ_msgs:/home/hiep0247/ros2_ws/install/champ:/opt/ros/jazzy/opt/gz_sim_vendor:/opt/ros/jazzy/opt/gz_sensors_vendor:/opt/ros/jazzy/opt/gz_physics_vendor:/opt/ros/jazzy/opt/sdformat_vendor:/opt/ros/jazzy/opt/gz_gui_vendor:/opt/ros/jazzy/opt/gz_transport_vendor:/opt/ros/jazzy/opt/gz_rendering_vendor:/opt/ros/jazzy/opt/gz_plugin_vendor:/opt/ros/jazzy/opt/gz_fuel_tools_vendor:/opt/ros/jazzy/opt/gz_msgs_vendor:/opt/ros/jazzy/opt/gz_common_vendor:/opt/ros/jazzy/opt/gz_math_vendor:/opt/ros/jazzy/opt/gz_utils_vendor:/opt/ros/jazzy/opt/gz_tools_vendor:/opt/ros/jazzy/opt/gz_ogre_next_vendor:/opt/ros/jazzy/opt/gz_dartsim_vendor:/opt/ros/jazzy/opt/gz_cmake_vendor:/home/hiep0247/hiep_ros2/install/hiep_robot2:/home/hiep0247/hiep_ros2/install/agv_hmi:/home/hiep0247/hiep_ros2/install/agv_fleet_domains:/home/hiep0247/hiep_ros2/install/agv_fleet:/opt/ros/jazzy DEBUGINFOD_URLS=https://debuginfod.ubuntu.com /usr/bin/cmake --build /home/hiep0247/hiep_ros2/build/mec_mobile -- -j16 -l16
[0.698s] DEBUG:colcon.colcon_core.event_handler.log_command:Invoking command in '/home/hiep0247/hiep_ros2/build/mec_mobile': CMAKE_PREFIX_PATH=/home/hiep0247/hiep_ros2/install/mec_mobile_description:/home/hiep0247/hiep_ros2/install/mec_mobile_description1:/home/hiep0247/hiep_ros2/install/sllidar_ros2:/home/hiep0247/hiep_ros2/install/mec_mobile_navigation:/home/hiep0247/hiep_ros2/install/mec_mobile_gazebo:/home/hiep0247/hiep_ros2/install/mec_mobile:/home/hiep0247/ros2_ws/install/unitree_go2_sim:/home/hiep0247/ros2_ws/install/unitree_go2_description:/home/hiep0247/ros2_ws/install/sllidar_ros2:/home/hiep0247/ros2_ws/install/champ_base:/home/hiep0247/ros2_ws/install/champ_msgs:/home/hiep0247/ros2_ws/install/champ:/opt/ros/jazzy/opt/gz_sim_vendor:/opt/ros/jazzy/opt/gz_sensors_vendor:/opt/ros/jazzy/opt/gz_physics_vendor:/opt/ros/jazzy/opt/sdformat_vendor:/opt/ros/jazzy/opt/gz_gui_vendor:/opt/ros/jazzy/opt/gz_transport_vendor:/opt/ros/jazzy/opt/gz_rendering_vendor:/opt/ros/jazzy/opt/gz_plugin_vendor:/opt/ros/jazzy/opt/gz_fuel_tools_vendor:/opt/ros/jazzy/opt/gz_msgs_vendor:/opt/ros/jazzy/opt/gz_common_vendor:/opt/ros/jazzy/opt/gz_math_vendor:/opt/ros/jazzy/opt/gz_utils_vendor:/opt/ros/jazzy/opt/gz_tools_vendor:/opt/ros/jazzy/opt/gz_ogre_next_vendor:/opt/ros/jazzy/opt/gz_dartsim_vendor:/opt/ros/jazzy/opt/gz_cmake_vendor:/home/hiep0247/hiep_ros2/install/hiep_robot2:/home/hiep0247/hiep_ros2/install/agv_hmi:/home/hiep0247/hiep_ros2/install/agv_fleet_domains:/home/hiep0247/hiep_ros2/install/agv_fleet:/opt/ros/jazzy DEBUGINFOD_URLS=https://debuginfod.ubuntu.com /usr/bin/cmake --install /home/hiep0247/hiep_ros2/build/mec_mobile
[0.705s] Level 1:colcon.colcon_core.environment:create_environment_scripts_only(mec_mobile)
[0.705s] Level 1:colcon.colcon_core.environment:checking '/home/hiep0247/hiep_ros2/install/mec_mobile' for CMake module files
[0.705s] Level 1:colcon.colcon_core.environment:checking '/home/hiep0247/hiep_ros2/install/mec_mobile' for CMake config files
[0.706s] DEBUG:colcon.colcon_core.event_handler.log_command:Invoked command in '/home/hiep0247/hiep_ros2/build/mec_mobile' returned '0': CMAKE_PREFIX_PATH=/home/hiep0247/hiep_ros2/install/mec_mobile_description:/home/hiep0247/hiep_ros2/install/mec_mobile_description1:/home/hiep0247/hiep_ros2/install/sllidar_ros2:/home/hiep0247/hiep_ros2/install/mec_mobile_navigation:/home/hiep0247/hiep_ros2/install/mec_mobile_gazebo:/home/hiep0247/hiep_ros2/install/mec_mobile:/home/hiep0247/ros2_ws/install/unitree_go2_sim:/home/hiep0247/ros2_ws/install/unitree_go2_description:/home/hiep0247/ros2_ws/install/sllidar_ros2:/home/hiep0247/ros2_ws/install/champ_base:/home/hiep0247/ros2_ws/install/champ_msgs:/home/hiep0247/ros2_ws/install/champ:/opt/ros/jazzy/opt/gz_sim_vendor:/opt/ros/jazzy/opt/gz_sensors_vendor:/opt/ros/jazzy/opt/gz_physics_vendor:/opt/ros/jazzy/opt/sdformat_vendor:/opt/ros/jazzy/opt/gz_gui_vendor:/opt/ros/jazzy/opt/gz_transport_vendor:/opt/ros/jazzy/opt/gz_rendering_vendor:/opt/ros/jazzy/opt/gz_plugin_vendor:/opt/ros/jazzy/opt/gz_fuel_tools_vendor:/opt/ros/jazzy/opt/gz_msgs_vendor:/opt/ros/jazzy/opt/gz_common_vendor:/opt/ros/jazzy/opt/gz_math_vendor:/opt/ros/jazzy/opt/gz_utils_vendor:/opt/ros/jazzy/opt/gz_tools_vendor:/opt/ros/jazzy/opt/gz_ogre_next_vendor:/opt/ros/jazzy/opt/gz_dartsim_vendor:/opt/ros/jazzy/opt/gz_cmake_vendor:/home/hiep0247/hiep_ros2/install/hiep_robot2:/home/hiep0247/hiep_ros2/install/agv_hmi:/home/hiep0247/hiep_ros2/install/agv_fleet_domains:/home/hiep0247/hiep_ros2/install/agv_fleet:/opt/ros/jazzy DEBUGINFOD_URLS=https://debuginfod.ubuntu.com /usr/bin/cmake --install /home/hiep0247/hiep_ros2/build/mec_mobile
[0.706s] Level 1:colcon.colcon_core.shell:create_environment_hook('mec_mobile', 'cmake_prefix_path')
[0.706s] INFO:colcon.colcon_core.shell:Creating environment hook '/home/hiep0247/hiep_ros2/install/mec_mobile/share/mec_mobile/hook/cmake_prefix_path.ps1'
[0.706s] INFO:colcon.colcon_core.shell:Creating environment descriptor '/home/hiep0247/hiep_ros2/install/mec_mobile/share/mec_mobile/hook/cmake_prefix_path.dsv'
[0.706s] INFO:colcon.colcon_core.shell:Creating environment hook '/home/hiep0247/hiep_ros2/install/mec_mobile/share/mec_mobile/hook/cmake_prefix_path.sh'
[0.707s] Level 1:colcon.colcon_core.environment:checking '/home/hiep0247/hiep_ros2/install/mec_mobile/bin'
[0.707s] Level 1:colcon.colcon_core.environment:checking '/home/hiep0247/hiep_ros2/install/mec_mobile/lib/pkgconfig/mec_mobile.pc'
[0.707s] Level 1:colcon.colcon_core.environment:checking '/home/hiep0247/hiep_ros2/install/mec_mobile/lib/python3.12/site-packages'
[0.707s] Level 1:colcon.colcon_core.environment:checking '/home/hiep0247/hiep_ros2/install/mec_mobile/bin'
[0.707s] INFO:colcon.colcon_core.shell:Creating package script '/home/hiep0247/hiep_ros2/install/mec_mobile/share/mec_mobile/package.ps1'
[0.708s] INFO:colcon.colcon_core.shell:Creating package descriptor '/home/hiep0247/hiep_ros2/install/mec_mobile/share/mec_mobile/package.dsv'
[0.708s] INFO:colcon.colcon_core.shell:Creating package script '/home/hiep0247/hiep_ros2/install/mec_mobile/share/mec_mobile/package.sh'
[0.708s] INFO:colcon.colcon_core.shell:Creating package script '/home/hiep0247/hiep_ros2/install/mec_mobile/share/mec_mobile/package.bash'
[0.708s] INFO:colcon.colcon_core.shell:Creating package script '/home/hiep0247/hiep_ros2/install/mec_mobile/share/mec_mobile/package.zsh'
[0.708s] Level 1:colcon.colcon_core.environment:create_file_with_runtime_dependencies(/home/hiep0247/hiep_ros2/install/mec_mobile/share/colcon-core/packages/mec_mobile)
[0.709s] Level 1:colcon.colcon_core.environment:create_environment_scripts_only(mec_mobile)
[0.709s] Level 1:colcon.colcon_core.environment:checking '/home/hiep0247/hiep_ros2/install/mec_mobile' for CMake module files
[0.709s] Level 1:colcon.colcon_core.environment:checking '/home/hiep0247/hiep_ros2/install/mec_mobile' for CMake config files
[0.709s] Level 1:colcon.colcon_core.shell:create_environment_hook('mec_mobile', 'cmake_prefix_path')
[0.709s] INFO:colcon.colcon_core.shell:Creating environment hook '/home/hiep0247/hiep_ros2/install/mec_mobile/share/mec_mobile/hook/cmake_prefix_path.ps1'
[0.709s] INFO:colcon.colcon_core.shell:Creating environment descriptor '/home/hiep0247/hiep_ros2/install/mec_mobile/share/mec_mobile/hook/cmake_prefix_path.dsv'
[0.710s] INFO:colcon.colcon_core.shell:Creating environment hook '/home/hiep0247/hiep_ros2/install/mec_mobile/share/mec_mobile/hook/cmake_prefix_path.sh'
[0.710s] Level 1:colcon.colcon_core.environment:checking '/home/hiep0247/hiep_ros2/install/mec_mobile/bin'
[0.710s] Level 1:colcon.colcon_core.environment:checking '/home/hiep0247/hiep_ros2/install/mec_mobile/lib/pkgconfig/mec_mobile.pc'
[0.710s] Level 1:colcon.colcon_core.environment:checking '/home/hiep0247/hiep_ros2/install/mec_mobile/lib/python3.12/site-packages'
[0.711s] Level 1:colcon.colcon_core.environment:checking '/home/hiep0247/hiep_ros2/install/mec_mobile/bin'
[0.711s] INFO:colcon.colcon_core.shell:Creating package script '/home/hiep0247/hiep_ros2/install/mec_mobile/share/mec_mobile/package.ps1'
[0.711s] INFO:colcon.colcon_core.shell:Creating package descriptor '/home/hiep0247/hiep_ros2/install/mec_mobile/share/mec_mobile/package.dsv'
[0.711s] INFO:colcon.colcon_core.shell:Creating package script '/home/hiep0247/hiep_ros2/install/mec_mobile/share/mec_mobile/package.sh'
[0.711s] INFO:colcon.colcon_core.shell:Creating package script '/home/hiep0247/hiep_ros2/install/mec_mobile/share/mec_mobile/package.bash'
[0.712s] INFO:colcon.colcon_core.shell:Creating package script '/home/hiep0247/hiep_ros2/install/mec_mobile/share/mec_mobile/package.zsh'
[0.712s] Level 1:colcon.colcon_core.environment:create_file_with_runtime_dependencies(/home/hiep0247/hiep_ros2/install/mec_mobile/share/colcon-core/packages/mec_mobile)
[1.042s] Level 1:colcon.colcon_core.environment:create_environment_scripts_only(sllidar_ros2)
[1.043s] Level 1:colcon.colcon_core.environment:checking '/home/hiep0247/hiep_ros2/install/sllidar_ros2' for CMake module files
[1.043s] DEBUG:colcon.colcon_core.event_handler.log_command:Invoked command in '/home/hiep0247/hiep_ros2/build/sllidar_ros2' returned '0': CMAKE_PREFIX_PATH=${CMAKE_PREFIX_PATH}:/home/hiep0247/hiep_ros2/install/hiep_robot2:/home/hiep0247/hiep_ros2/install/agv_hmi:/home/hiep0247/hiep_ros2/install/agv_fleet_domains:/home/hiep0247/hiep_ros2/install/agv_fleet:/opt/ros/jazzy DEBUGINFOD_URLS=https://debuginfod.ubuntu.com /usr/bin/cmake --install /home/hiep0247/hiep_ros2/build/sllidar_ros2
[1.043s] Level 1:colcon.colcon_core.environment:checking '/home/hiep0247/hiep_ros2/install/sllidar_ros2' for CMake config files
[1.044s] Level 1:colcon.colcon_core.shell:create_environment_hook('sllidar_ros2', 'cmake_prefix_path')
[1.044s] INFO:colcon.colcon_core.shell:Creating environment hook '/home/hiep0247/hiep_ros2/install/sllidar_ros2/share/sllidar_ros2/hook/cmake_prefix_path.ps1'
[1.044s] INFO:colcon.colcon_core.shell:Creating environment descriptor '/home/hiep0247/hiep_ros2/install/sllidar_ros2/share/sllidar_ros2/hook/cmake_prefix_path.dsv'
[1.045s] INFO:colcon.colcon_core.shell:Creating environment hook '/home/hiep0247/hiep_ros2/install/sllidar_ros2/share/sllidar_ros2/hook/cmake_prefix_path.sh'
[1.045s] Level 1:colcon.colcon_core.environment:checking '/home/hiep0247/hiep_ros2/install/sllidar_ros2/lib'
[1.045s] Level 1:colcon.colcon_core.environment:checking '/home/hiep0247/hiep_ros2/install/sllidar_ros2/bin'
[1.045s] Level 1:colcon.colcon_core.environment:checking '/home/hiep0247/hiep_ros2/install/sllidar_ros2/lib/pkgconfig/sllidar_ros2.pc'
[1.045s] Level 1:colcon.colcon_core.environment:checking '/home/hiep0247/hiep_ros2/install/sllidar_ros2/lib/python3.12/site-packages'
[1.046s] Level 1:colcon.colcon_core.environment:checking '/home/hiep0247/hiep_ros2/install/sllidar_ros2/bin'
[1.046s] INFO:colcon.colcon_core.shell:Creating package script '/home/hiep0247/hiep_ros2/install/sllidar_ros2/share/sllidar_ros2/package.ps1'
[1.046s] INFO:colcon.colcon_core.shell:Creating package descriptor '/home/hiep0247/hiep_ros2/install/sllidar_ros2/share/sllidar_ros2/package.dsv'
[1.046s] INFO:colcon.colcon_core.shell:Creating package script '/home/hiep0247/hiep_ros2/install/sllidar_ros2/share/sllidar_ros2/package.sh'
[1.047s] INFO:colcon.colcon_core.shell:Creating package script '/home/hiep0247/hiep_ros2/install/sllidar_ros2/share/sllidar_ros2/package.bash'
[1.047s] INFO:colcon.colcon_core.shell:Creating package script '/home/hiep0247/hiep_ros2/install/sllidar_ros2/share/sllidar_ros2/package.zsh'
[1.047s] Level 1:colcon.colcon_core.environment:create_file_with_runtime_dependencies(/home/hiep0247/hiep_ros2/install/sllidar_ros2/share/colcon-core/packages/sllidar_ros2)
[1.047s] Level 1:colcon.colcon_core.environment:create_environment_scripts_only(sllidar_ros2)
[1.047s] Level 1:colcon.colcon_core.environment:checking '/home/hiep0247/hiep_ros2/install/sllidar_ros2' for CMake module files
[1.048s] Level 1:colcon.colcon_core.environment:checking '/home/hiep0247/hiep_ros2/install/sllidar_ros2' for CMake config files
[1.048s] Level 1:colcon.colcon_core.shell:create_environment_hook('sllidar_ros2', 'cmake_prefix_path')
[1.048s] INFO:colcon.colcon_core.shell:Creating environment hook '/home/hiep0247/hiep_ros2/install/sllidar_ros2/share/sllidar_ros2/hook/cmake_prefix_path.ps1'
[1.048s] INFO:colcon.colcon_core.shell:Creating environment descriptor '/home/hiep0247/hiep_ros2/install/sllidar_ros2/share/sllidar_ros2/hook/cmake_prefix_path.dsv'
[1.048s] INFO:colcon.colcon_core.shell:Creating environment hook '/home/hiep0247/hiep_ros2/install/sllidar_ros2/share/sllidar_ros2/hook/cmake_prefix_path.sh'
[1.049s] Level 1:colcon.colcon_core.environment:checking '/home/hiep0247/hiep_ros2/install/sllidar_ros2/lib'
[1.049s] Level 1:colcon.colcon_core.environment:checking '/home/hiep0247/hiep_ros2/install/sllidar_ros2/bin'
[1.049s] Level 1:colcon.colcon_core.environment:checking '/home/hiep0247/hiep_ros2/install/sllidar_ros2/lib/pkgconfig/sllidar_ros2.pc'
[1.049s] Level 1:colcon.colcon_core.environment:checking '/home/hiep0247/hiep_ros2/install/sllidar_ros2/lib/python3.12/site-packages'
[1.049s] Level 1:colcon.colcon_core.environment:checking '/home/hiep0247/hiep_ros2/install/sllidar_ros2/bin'
[1.049s] INFO:colcon.colcon_core.shell:Creating package script '/home/hiep0247/hiep_ros2/install/sllidar_ros2/share/sllidar_ros2/package.ps1'
[1.050s] INFO:colcon.colcon_core.shell:Creating package descriptor '/home/hiep0247/hiep_ros2/install/sllidar_ros2/share/sllidar_ros2/package.dsv'
[1.050s] INFO:colcon.colcon_core.shell:Creating package script '/home/hiep0247/hiep_ros2/install/sllidar_ros2/share/sllidar_ros2/package.sh'
[1.050s] INFO:colcon.colcon_core.shell:Creating package script '/home/hiep0247/hiep_ros2/install/sllidar_ros2/share/sllidar_ros2/package.bash'
[1.050s] INFO:colcon.colcon_core.shell:Creating package script '/home/hiep0247/hiep_ros2/install/sllidar_ros2/share/sllidar_ros2/package.zsh'
[1.051s] Level 1:colcon.colcon_core.environment:create_file_with_runtime_dependencies(/home/hiep0247/hiep_ros2/install/sllidar_ros2/share/colcon-core/packages/sllidar_ros2)
[1.051s] DEBUG:colcon.colcon_core.task.python.build:Available setuptools commands: build_clib, install_egg_info, build, build_scripts, setopt, upload_docs, sdist, install_headers, update_catalog, bdist_wheel, clean, develop, check, rotate, easy_install, egg_info, saveopts, install_scripts, install_data, upload, test, dist_info, bdist_dumb, install, install_lib, build_py, alias, bdist_rpm, extract_messages, init_catalog, build_ext, register, editable_wheel, symlink_data, compile_catalog, bdist_egg, bdist
[1.052s] DEBUG:colcon.colcon_core.task.python.build:Available setuptools commands: build_clib, install_egg_info, build, build_scripts, setopt, upload_docs, sdist, install_headers, update_catalog, bdist_wheel, clean, develop, check, rotate, easy_install, egg_info, saveopts, install_scripts, install_data, upload, test, dist_info, bdist_dumb, install, install_lib, build_py, alias, bdist_rpm, extract_messages, init_catalog, build_ext, register, editable_wheel, symlink_data, compile_catalog, bdist_egg, bdist
[1.053s] DEBUG:colcon.colcon_core.event_handler.log_command:Invoking command in '/home/hiep0247/hiep_ros2/src/agv_fleet': DEBUGINFOD_URLS=https://debuginfod.ubuntu.com PYTHONPATH=/home/hiep0247/hiep_ros2/build/agv_fleet/prefix_override:/usr/lib/python3/dist-packages/colcon_core/task/python/colcon_distutils_commands:/home/hiep0247/hiep_ros2/install/agv_fleet/lib/python3.12/site-packages:${PYTHONPATH} /usr/bin/python3 -W ignore:setup.py install is deprecated -W ignore:easy_install command is deprecated setup.py egg_info --egg-base ../../build/agv_fleet build --build-base /home/hiep0247/hiep_ros2/build/agv_fleet/build install --record /home/hiep0247/hiep_ros2/build/agv_fleet/install.log --install-scripts $base/lib/agv_fleet --single-version-externally-managed install_data
[1.053s] DEBUG:colcon.colcon_core.task.python.build:Available setuptools commands: build_clib, install_egg_info, build, build_scripts, setopt, upload_docs, sdist, install_headers, update_catalog, bdist_wheel, clean, develop, check, rotate, easy_install, egg_info, saveopts, install_scripts, install_data, upload, test, dist_info, bdist_dumb, install, install_lib, build_py, alias, bdist_rpm, extract_messages, init_catalog, build_ext, register, editable_wheel, symlink_data, compile_catalog, bdist_egg, bdist
[1.055s] DEBUG:colcon.colcon_core.event_handler.log_command:Invoking command in '/home/hiep0247/hiep_ros2/build/agv_hmi': DEBUGINFOD_URLS=https://debuginfod.ubuntu.com PYTHONPATH=/home/hiep0247/hiep_ros2/build/agv_hmi/prefix_override:/usr/lib/python3/dist-packages/colcon_core/task/python/colcon_distutils_commands:/home/hiep0247/hiep_ros2/install/agv_hmi/lib/python3.12/site-packages:${PYTHONPATH} /usr/bin/python3 -W ignore:setup.py install is deprecated -W ignore:easy_install command is deprecated setup.py develop --uninstall --editable --build-directory /home/hiep0247/hiep_ros2/build/agv_hmi/build
[1.055s] DEBUG:colcon.colcon_core.event_handler.log_command:Invoking command in '/home/hiep0247/hiep_ros2/build/hiep_robot2': DEBUGINFOD_URLS=https://debuginfod.ubuntu.com PYTHONPATH=/home/hiep0247/hiep_ros2/build/hiep_robot2/prefix_override:/usr/lib/python3/dist-packages/colcon_core/task/python/colcon_distutils_commands:/home/hiep0247/hiep_ros2/install/hiep_robot2/lib/python3.12/site-packages:${PYTHONPATH} /usr/bin/python3 -W ignore:setup.py install is deprecated -W ignore:easy_install command is deprecated setup.py develop --uninstall --editable --build-directory /home/hiep0247/hiep_ros2/build/hiep_robot2/build
[1.411s] Level 1:colcon.colcon_core.environment:checking '/home/hiep0247/hiep_ros2/install/agv_fleet' for CMake module files
[1.412s] DEBUG:colcon.colcon_core.event_handler.log_command:Invoked command in '/home/hiep0247/hiep_ros2/src/agv_fleet' returned '0': DEBUGINFOD_URLS=https://debuginfod.ubuntu.com PYTHONPATH=/home/hiep0247/hiep_ros2/build/agv_fleet/prefix_override:/usr/lib/python3/dist-packages/colcon_core/task/python/colcon_distutils_commands:/home/hiep0247/hiep_ros2/install/agv_fleet/lib/python3.12/site-packages:${PYTHONPATH} /usr/bin/python3 -W ignore:setup.py install is deprecated -W ignore:easy_install command is deprecated setup.py egg_info --egg-base ../../build/agv_fleet build --build-base /home/hiep0247/hiep_ros2/build/agv_fleet/build install --record /home/hiep0247/hiep_ros2/build/agv_fleet/install.log --install-scripts $base/lib/agv_fleet --single-version-externally-managed install_data
[1.412s] Level 1:colcon.colcon_core.environment:checking '/home/hiep0247/hiep_ros2/install/agv_fleet' for CMake config files
[1.412s] Level 1:colcon.colcon_core.environment:checking '/home/hiep0247/hiep_ros2/install/agv_fleet/lib'
[1.412s] Level 1:colcon.colcon_core.environment:checking '/home/hiep0247/hiep_ros2/install/agv_fleet/bin'
[1.412s] Level 1:colcon.colcon_core.environment:checking '/home/hiep0247/hiep_ros2/install/agv_fleet/lib/pkgconfig/agv_fleet.pc'
[1.413s] Level 1:colcon.colcon_core.environment:checking '/home/hiep0247/hiep_ros2/install/agv_fleet/lib/python3.12/site-packages'
[1.413s] Level 1:colcon.colcon_core.shell:create_environment_hook('agv_fleet', 'pythonpath')
[1.413s] INFO:colcon.colcon_core.shell:Creating environment hook '/home/hiep0247/hiep_ros2/install/agv_fleet/share/agv_fleet/hook/pythonpath.ps1'
[1.413s] INFO:colcon.colcon_core.shell:Creating environment descriptor '/home/hiep0247/hiep_ros2/install/agv_fleet/share/agv_fleet/hook/pythonpath.dsv'
[1.414s] INFO:colcon.colcon_core.shell:Creating environment hook '/home/hiep0247/hiep_ros2/install/agv_fleet/share/agv_fleet/hook/pythonpath.sh'
[1.414s] Level 1:colcon.colcon_core.environment:checking '/home/hiep0247/hiep_ros2/install/agv_fleet/bin'
[1.414s] Level 1:colcon.colcon_core.environment:create_environment_scripts_only(agv_fleet)
[1.414s] INFO:colcon.colcon_core.shell:Creating package script '/home/hiep0247/hiep_ros2/install/agv_fleet/share/agv_fleet/package.ps1'
[1.414s] INFO:colcon.colcon_core.shell:Creating package descriptor '/home/hiep0247/hiep_ros2/install/agv_fleet/share/agv_fleet/package.dsv'
[1.415s] INFO:colcon.colcon_core.shell:Creating package script '/home/hiep0247/hiep_ros2/install/agv_fleet/share/agv_fleet/package.sh'
[1.415s] INFO:colcon.colcon_core.shell:Creating package script '/home/hiep0247/hiep_ros2/install/agv_fleet/share/agv_fleet/package.bash'
[1.415s] INFO:colcon.colcon_core.shell:Creating package script '/home/hiep0247/hiep_ros2/install/agv_fleet/share/agv_fleet/package.zsh'
[1.415s] Level 1:colcon.colcon_core.environment:create_file_with_runtime_dependencies(/home/hiep0247/hiep_ros2/install/agv_fleet/share/colcon-core/packages/agv_fleet)
[1.416s] INFO:colcon.colcon_ros.task.ament_python.build:Building ROS package in '/home/hiep0247/hiep_ros2/src/agv_fleet_domains' with build type 'ament_python'
[1.416s] Level 1:colcon.colcon_core.shell:create_environment_hook('agv_fleet_domains', 'ament_prefix_path')
[1.416s] INFO:colcon.colcon_core.shell:Creating environment hook '/home/hiep0247/hiep_ros2/install/agv_fleet_domains/share/agv_fleet_domains/hook/ament_prefix_path.ps1'
[1.416s] INFO:colcon.colcon_core.shell:Creating environment descriptor '/home/hiep0247/hiep_ros2/install/agv_fleet_domains/share/agv_fleet_domains/hook/ament_prefix_path.dsv'
[1.417s] INFO:colcon.colcon_core.shell:Creating environment hook '/home/hiep0247/hiep_ros2/install/agv_fleet_domains/share/agv_fleet_domains/hook/ament_prefix_path.sh'
[1.417s] INFO:colcon.colcon_core.shell:Skip shell extension 'powershell' for command environment: Not usable outside of PowerShell
[1.417s] DEBUG:colcon.colcon_core.shell:Skip shell extension 'dsv' for command environment
[1.421s] DEBUG:colcon.colcon_core.event_handler.log_command:Invoked command in '/home/hiep0247/hiep_ros2/build/hiep_robot2' returned '0': DEBUGINFOD_URLS=https://debuginfod.ubuntu.com PYTHONPATH=/home/hiep0247/hiep_ros2/build/hiep_robot2/prefix_override:/usr/lib/python3/dist-packages/colcon_core/task/python/colcon_distutils_commands:/home/hiep0247/hiep_ros2/install/hiep_robot2/lib/python3.12/site-packages:${PYTHONPATH} /usr/bin/python3 -W ignore:setup.py install is deprecated -W ignore:easy_install command is deprecated setup.py develop --uninstall --editable --build-directory /home/hiep0247/hiep_ros2/build/hiep_robot2/build
[1.422s] DEBUG:colcon.colcon_core.event_handler.log_command:Invoking command in '/home/hiep0247/hiep_ros2/src/hiep_robot2': DEBUGINFOD_URLS=https://debuginfod.ubuntu.com PYTHONPATH=/home/hiep0247/hiep_ros2/build/hiep_robot2/prefix_override:/usr/lib/python3/dist-packages/colcon_core/task/python/colcon_distutils_commands:/home/hiep0247/hiep_ros2/install/hiep_robot2/lib/python3.12/site-packages:${PYTHONPATH} /usr/bin/python3 -W ignore:setup.py install is deprecated -W ignore:easy_install command is deprecated setup.py egg_info --egg-base ../../build/hiep_robot2 build --build-base /home/hiep0247/hiep_ros2/build/hiep_robot2/build install --record /home/hiep0247/hiep_ros2/build/hiep_robot2/install.log --install-scripts $base/lib/hiep_robot2 --single-version-externally-managed install_data --force
[1.423s] DEBUG:colcon.colcon_core.event_handler.log_command:Invoked command in '/home/hiep0247/hiep_ros2/build/agv_hmi' returned '0': DEBUGINFOD_URLS=https://debuginfod.ubuntu.com PYTHONPATH=/home/hiep0247/hiep_ros2/build/agv_hmi/prefix_override:/usr/lib/python3/dist-packages/colcon_core/task/python/colcon_distutils_commands:/home/hiep0247/hiep_ros2/install/agv_hmi/lib/python3.12/site-packages:${PYTHONPATH} /usr/bin/python3 -W ignore:setup.py install is deprecated -W ignore:easy_install command is deprecated setup.py develop --uninstall --editable --build-directory /home/hiep0247/hiep_ros2/build/agv_hmi/build
[1.423s] DEBUG:colcon.colcon_core.event_handler.log_command:Invoking command in '/home/hiep0247/hiep_ros2/src/agv_hmi': DEBUGINFOD_URLS=https://debuginfod.ubuntu.com PYTHONPATH=/home/hiep0247/hiep_ros2/build/agv_hmi/prefix_override:/usr/lib/python3/dist-packages/colcon_core/task/python/colcon_distutils_commands:/home/hiep0247/hiep_ros2/install/agv_hmi/lib/python3.12/site-packages:${PYTHONPATH} /usr/bin/python3 -W ignore:setup.py install is deprecated -W ignore:easy_install command is deprecated setup.py egg_info --egg-base ../../build/agv_hmi build --build-base /home/hiep0247/hiep_ros2/build/agv_hmi/build install --record /home/hiep0247/hiep_ros2/build/agv_hmi/install.log --install-scripts $base/lib/agv_hmi --single-version-externally-managed install_data --force
[1.578s] INFO:colcon.colcon_core.task.python.build:Building Python package in '/home/hiep0247/hiep_ros2/src/agv_fleet_domains'
[1.578s] INFO:colcon.colcon_core.shell:Skip shell extension 'powershell' for command environment: Not usable outside of PowerShell
[1.578s] DEBUG:colcon.colcon_core.shell:Skip shell extension 'dsv' for command environment
[1.582s] DEBUG:colcon.colcon_core.event_handler.log_command:Invoked command in '/home/hiep0247/hiep_ros2/build/mec_mobile_navigation' returned '0': CMAKE_PREFIX_PATH=${CMAKE_PREFIX_PATH}:/home/hiep0247/hiep_ros2/install/hiep_robot2:/home/hiep0247/hiep_ros2/install/agv_hmi:/home/hiep0247/hiep_ros2/install/agv_fleet_domains:/home/hiep0247/hiep_ros2/install/agv_fleet:/opt/ros/jazzy DEBUGINFOD_URLS=https://debuginfod.ubuntu.com /usr/bin/cmake /home/hiep0247/hiep_ros2/src/mec_mobile_navigation -DCMAKE_INSTALL_PREFIX=/home/hiep0247/hiep_ros2/install/mec_mobile_navigation
[1.582s] DEBUG:colcon.colcon_core.event_handler.log_command:Invoking command in '/home/hiep0247/hiep_ros2/build/mec_mobile_navigation': CMAKE_PREFIX_PATH=${CMAKE_PREFIX_PATH}:/home/hiep0247/hiep_ros2/install/hiep_robot2:/home/hiep0247/hiep_ros2/install/agv_hmi:/home/hiep0247/hiep_ros2/install/agv_fleet_domains:/home/hiep0247/hiep_ros2/install/agv_fleet:/opt/ros/jazzy DEBUGINFOD_URLS=https://debuginfod.ubuntu.com /usr/bin/cmake --build /home/hiep0247/hiep_ros2/build/mec_mobile_navigation -- -j16 -l16
[1.781s] Level 1:colcon.colcon_core.environment:checking '/home/hiep0247/hiep_ros2/install/hiep_robot2' for CMake module files
[1.781s] DEBUG:colcon.colcon_core.event_handler.log_command:Invoked command in '/home/hiep0247/hiep_ros2/src/hiep_robot2' returned '0': DEBUGINFOD_URLS=https://debuginfod.ubuntu.com PYTHONPATH=/home/hiep0247/hiep_ros2/build/hiep_robot2/prefix_override:/usr/lib/python3/dist-packages/colcon_core/task/python/colcon_distutils_commands:/home/hiep0247/hiep_ros2/install/hiep_robot2/lib/python3.12/site-packages:${PYTHONPATH} /usr/bin/python3 -W ignore:setup.py install is deprecated -W ignore:easy_install command is deprecated setup.py egg_info --egg-base ../../build/hiep_robot2 build --build-base /home/hiep0247/hiep_ros2/build/hiep_robot2/build install --record /home/hiep0247/hiep_ros2/build/hiep_robot2/install.log --install-scripts $base/lib/hiep_robot2 --single-version-externally-managed install_data --force
[1.781s] Level 1:colcon.colcon_core.environment:checking '/home/hiep0247/hiep_ros2/install/hiep_robot2' for CMake config files
[1.782s] Level 1:colcon.colcon_core.environment:checking '/home/hiep0247/hiep_ros2/install/hiep_robot2/lib'
[1.782s] Level 1:colcon.colcon_core.environment:checking '/home/hiep0247/hiep_ros2/install/hiep_robot2/bin'
[1.782s] Level 1:colcon.colcon_core.environment:checking '/home/hiep0247/hiep_ros2/install/hiep_robot2/lib/pkgconfig/hiep_robot2.pc'
[1.782s] Level 1:colcon.colcon_core.environment:checking '/home/hiep0247/hiep_ros2/install/hiep_robot2/lib/python3.12/site-packages'
[1.782s] Level 1:colcon.colcon_core.shell:create_environment_hook('hiep_robot2', 'pythonpath')
[1.782s] INFO:colcon.colcon_core.shell:Creating environment hook '/home/hiep0247/hiep_ros2/install/hiep_robot2/share/hiep_robot2/hook/pythonpath.ps1'
[1.783s] INFO:colcon.colcon_core.shell:Creating environment descriptor '/home/hiep0247/hiep_ros2/install/hiep_robot2/share/hiep_robot2/hook/pythonpath.dsv'
[1.783s] INFO:colcon.colcon_core.shell:Creating environment hook '/home/hiep0247/hiep_ros2/install/hiep_robot2/share/hiep_robot2/hook/pythonpath.sh'
[1.783s] Level 1:colcon.colcon_core.environment:checking '/home/hiep0247/hiep_ros2/install/hiep_robot2/bin'
[1.783s] Level 1:colcon.colcon_core.environment:create_environment_scripts_only(hiep_robot2)
[1.783s] INFO:colcon.colcon_core.shell:Creating package script '/home/hiep0247/hiep_ros2/install/hiep_robot2/share/hiep_robot2/package.ps1'
[1.784s] INFO:colcon.colcon_core.shell:Creating package descriptor '/home/hiep0247/hiep_ros2/install/hiep_robot2/share/hiep_robot2/package.dsv'
[1.784s] INFO:colcon.colcon_core.shell:Creating package script '/home/hiep0247/hiep_ros2/install/hiep_robot2/share/hiep_robot2/package.sh'
[1.784s] INFO:colcon.colcon_core.shell:Creating package script '/home/hiep0247/hiep_ros2/install/hiep_robot2/share/hiep_robot2/package.bash'
[1.784s] INFO:colcon.colcon_core.shell:Creating package script '/home/hiep0247/hiep_ros2/install/hiep_robot2/share/hiep_robot2/package.zsh'
[1.784s] Level 1:colcon.colcon_core.environment:create_file_with_runtime_dependencies(/home/hiep0247/hiep_ros2/install/hiep_robot2/share/colcon-core/packages/hiep_robot2)
[1.837s] Level 1:colcon.colcon_core.environment:checking '/home/hiep0247/hiep_ros2/install/agv_hmi' for CMake module files
[1.837s] DEBUG:colcon.colcon_core.event_handler.log_command:Invoked command in '/home/hiep0247/hiep_ros2/src/agv_hmi' returned '0': DEBUGINFOD_URLS=https://debuginfod.ubuntu.com PYTHONPATH=/home/hiep0247/hiep_ros2/build/agv_hmi/prefix_override:/usr/lib/python3/dist-packages/colcon_core/task/python/colcon_distutils_commands:/home/hiep0247/hiep_ros2/install/agv_hmi/lib/python3.12/site-packages:${PYTHONPATH} /usr/bin/python3 -W ignore:setup.py install is deprecated -W ignore:easy_install command is deprecated setup.py egg_info --egg-base ../../build/agv_hmi build --build-base /home/hiep0247/hiep_ros2/build/agv_hmi/build install --record /home/hiep0247/hiep_ros2/build/agv_hmi/install.log --install-scripts $base/lib/agv_hmi --single-version-externally-managed install_data --force
[1.837s] Level 1:colcon.colcon_core.environment:checking '/home/hiep0247/hiep_ros2/install/agv_hmi' for CMake config files
[1.838s] Level 1:colcon.colcon_core.environment:checking '/home/hiep0247/hiep_ros2/install/agv_hmi/lib'
[1.838s] Level 1:colcon.colcon_core.environment:checking '/home/hiep0247/hiep_ros2/install/agv_hmi/bin'
[1.838s] Level 1:colcon.colcon_core.environment:checking '/home/hiep0247/hiep_ros2/install/agv_hmi/lib/pkgconfig/agv_hmi.pc'
[1.838s] Level 1:colcon.colcon_core.environment:checking '/home/hiep0247/hiep_ros2/install/agv_hmi/lib/python3.12/site-packages'
[1.838s] Level 1:colcon.colcon_core.shell:create_environment_hook('agv_hmi', 'pythonpath')
[1.838s] INFO:colcon.colcon_core.shell:Creating environment hook '/home/hiep0247/hiep_ros2/install/agv_hmi/share/agv_hmi/hook/pythonpath.ps1'
[1.838s] INFO:colcon.colcon_core.shell:Creating environment descriptor '/home/hiep0247/hiep_ros2/install/agv_hmi/share/agv_hmi/hook/pythonpath.dsv'
[1.838s] INFO:colcon.colcon_core.shell:Creating environment hook '/home/hiep0247/hiep_ros2/install/agv_hmi/share/agv_hmi/hook/pythonpath.sh'
[1.839s] Level 1:colcon.colcon_core.environment:checking '/home/hiep0247/hiep_ros2/install/agv_hmi/bin'
[1.839s] Level 1:colcon.colcon_core.environment:create_environment_scripts_only(agv_hmi)
[1.839s] INFO:colcon.colcon_core.shell:Creating package script '/home/hiep0247/hiep_ros2/install/agv_hmi/share/agv_hmi/package.ps1'
[1.839s] INFO:colcon.colcon_core.shell:Creating package descriptor '/home/hiep0247/hiep_ros2/install/agv_hmi/share/agv_hmi/package.dsv'
[1.840s] INFO:colcon.colcon_core.shell:Creating package script '/home/hiep0247/hiep_ros2/install/agv_hmi/share/agv_hmi/package.sh'
[1.840s] INFO:colcon.colcon_core.shell:Creating package script '/home/hiep0247/hiep_ros2/install/agv_hmi/share/agv_hmi/package.bash'
[1.840s] INFO:colcon.colcon_core.shell:Creating package script '/home/hiep0247/hiep_ros2/install/agv_hmi/share/agv_hmi/package.zsh'
[1.840s] Level 1:colcon.colcon_core.environment:create_file_with_runtime_dependencies(/home/hiep0247/hiep_ros2/install/agv_hmi/share/colcon-core/packages/agv_hmi)
[1.856s] DEBUG:colcon.colcon_core.event_handler.log_command:Invoked command in '/home/hiep0247/hiep_ros2/build/mec_mobile_navigation' returned '0': CMAKE_PREFIX_PATH=${CMAKE_PREFIX_PATH}:/home/hiep0247/hiep_ros2/install/hiep_robot2:/home/hiep0247/hiep_ros2/install/agv_hmi:/home/hiep0247/hiep_ros2/install/agv_fleet_domains:/home/hiep0247/hiep_ros2/install/agv_fleet:/opt/ros/jazzy DEBUGINFOD_URLS=https://debuginfod.ubuntu.com /usr/bin/cmake --build /home/hiep0247/hiep_ros2/build/mec_mobile_navigation -- -j16 -l16
[1.857s] DEBUG:colcon.colcon_core.event_handler.log_command:Invoking command in '/home/hiep0247/hiep_ros2/build/mec_mobile_navigation': CMAKE_PREFIX_PATH=${CMAKE_PREFIX_PATH}:/home/hiep0247/hiep_ros2/install/hiep_robot2:/home/hiep0247/hiep_ros2/install/agv_hmi:/home/hiep0247/hiep_ros2/install/agv_fleet_domains:/home/hiep0247/hiep_ros2/install/agv_fleet:/opt/ros/jazzy DEBUGINFOD_URLS=https://debuginfod.ubuntu.com /usr/bin/cmake --install /home/hiep0247/hiep_ros2/build/mec_mobile_navigation
[1.920s] Level 1:colcon.colcon_core.environment:create_environment_scripts_only(mec_mobile_navigation)
[1.921s] Level 1:colcon.colcon_core.environment:checking '/home/hiep0247/hiep_ros2/install/mec_mobile_navigation' for CMake module files
[1.921s] DEBUG:colcon.colcon_core.event_handler.log_command:Invoked command in '/home/hiep0247/hiep_ros2/build/mec_mobile_navigation' returned '0': CMAKE_PREFIX_PATH=${CMAKE_PREFIX_PATH}:/home/hiep0247/hiep_ros2/install/hiep_robot2:/home/hiep0247/hiep_ros2/install/agv_hmi:/home/hiep0247/hiep_ros2/install/agv_fleet_domains:/home/hiep0247/hiep_ros2/install/agv_fleet:/opt/ros/jazzy DEBUGINFOD_URLS=https://debuginfod.ubuntu.com /usr/bin/cmake --install /home/hiep0247/hiep_ros2/build/mec_mobile_navigation
[1.921s] Level 1:colcon.colcon_core.environment:checking '/home/hiep0247/hiep_ros2/install/mec_mobile_navigation' for CMake config files
[1.922s] Level 1:colcon.colcon_core.shell:create_environment_hook('mec_mobile_navigation', 'cmake_prefix_path')
[1.922s] INFO:colcon.colcon_core.shell:Creating environment hook '/home/hiep0247/hiep_ros2/install/mec_mobile_navigation/share/mec_mobile_navigation/hook/cmake_prefix_path.ps1'
[1.923s] INFO:colcon.colcon_core.shell:Creating environment descriptor '/home/hiep0247/hiep_ros2/install/mec_mobile_navigation/share/mec_mobile_navigation/hook/cmake_prefix_path.dsv'
[1.923s] INFO:colcon.colcon_core.shell:Creating environment hook '/home/hiep0247/hiep_ros2/install/mec_mobile_navigation/share/mec_mobile_navigation/hook/cmake_prefix_path.sh'
[1.923s] Level 1:colcon.colcon_core.environment:checking '/home/hiep0247/hiep_ros2/install/mec_mobile_navigation/lib'
[1.924s] Level 1:colcon.colcon_core.environment:checking '/home/hiep0247/hiep_ros2/install/mec_mobile_navigation/bin'
[1.924s] Level 1:colcon.colcon_core.environment:checking '/home/hiep0247/hiep_ros2/install/mec_mobile_navigation/lib/pkgconfig/mec_mobile_navigation.pc'
[1.924s] Level 1:colcon.colcon_core.environment:checking '/home/hiep0247/hiep_ros2/install/mec_mobile_navigation/lib/python3.12/site-packages'
[1.924s] Level 1:colcon.colcon_core.shell:create_environment_hook('mec_mobile_navigation', 'pythonpath')
[1.924s] INFO:colcon.colcon_core.shell:Creating environment hook '/home/hiep0247/hiep_ros2/install/mec_mobile_navigation/share/mec_mobile_navigation/hook/pythonpath.ps1'
[1.924s] INFO:colcon.colcon_core.shell:Creating environment descriptor '/home/hiep0247/hiep_ros2/install/mec_mobile_navigation/share/mec_mobile_navigation/hook/pythonpath.dsv'
[1.925s] INFO:colcon.colcon_core.shell:Creating environment hook '/home/hiep0247/hiep_ros2/install/mec_mobile_navigation/share/mec_mobile_navigation/hook/pythonpath.sh'
[1.925s] Level 1:colcon.colcon_core.environment:checking '/home/hiep0247/hiep_ros2/install/mec_mobile_navigation/bin'
[1.926s] INFO:colcon.colcon_core.shell:Creating package script '/home/hiep0247/hiep_ros2/install/mec_mobile_navigation/share/mec_mobile_navigation/package.ps1'
[1.926s] INFO:colcon.colcon_core.shell:Creating package descriptor '/home/hiep0247/hiep_ros2/install/mec_mobile_navigation/share/mec_mobile_navigation/package.dsv'
[1.927s] INFO:colcon.colcon_core.shell:Creating package script '/home/hiep0247/hiep_ros2/install/mec_mobile_navigation/share/mec_mobile_navigation/package.sh'
[1.927s] INFO:colcon.colcon_core.shell:Creating package script '/home/hiep0247/hiep_ros2/install/mec_mobile_navigation/share/mec_mobile_navigation/package.bash'
[1.927s] INFO:colcon.colcon_core.shell:Creating package script '/home/hiep0247/hiep_ros2/install/mec_mobile_navigation/share/mec_mobile_navigation/package.zsh'
[1.927s] Level 1:colcon.colcon_core.environment:create_file_with_runtime_dependencies(/home/hiep0247/hiep_ros2/install/mec_mobile_navigation/share/colcon-core/packages/mec_mobile_navigation)
[1.928s] Level 1:colcon.colcon_core.environment:create_environment_scripts_only(mec_mobile_navigation)
[1.928s] Level 1:colcon.colcon_core.environment:checking '/home/hiep0247/hiep_ros2/install/mec_mobile_navigation' for CMake module files
[1.928s] Level 1:colcon.colcon_core.environment:checking '/home/hiep0247/hiep_ros2/install/mec_mobile_navigation' for CMake config files
[1.928s] Level 1:colcon.colcon_core.shell:create_environment_hook('mec_mobile_navigation', 'cmake_prefix_path')
[1.928s] INFO:colcon.colcon_core.shell:Creating environment hook '/home/hiep0247/hiep_ros2/install/mec_mobile_navigation/share/mec_mobile_navigation/hook/cmake_prefix_path.ps1'
[1.929s] INFO:colcon.colcon_core.shell:Creating environment descriptor '/home/hiep0247/hiep_ros2/install/mec_mobile_navigation/share/mec_mobile_navigation/hook/cmake_prefix_path.dsv'
[1.929s] INFO:colcon.colcon_core.shell:Creating environment hook '/home/hiep0247/hiep_ros2/install/mec_mobile_navigation/share/mec_mobile_navigation/hook/cmake_prefix_path.sh'
[1.929s] Level 1:colcon.colcon_core.environment:checking '/home/hiep0247/hiep_ros2/install/mec_mobile_navigation/lib'
[1.929s] Level 1:colcon.colcon_core.environment:checking '/home/hiep0247/hiep_ros2/install/mec_mobile_navigation/bin'
[1.929s] Level 1:colcon.colcon_core.environment:checking '/home/hiep0247/hiep_ros2/install/mec_mobile_navigation/lib/pkgconfig/mec_mobile_navigation.pc'
[1.929s] Level 1:colcon.colcon_core.environment:checking '/home/hiep0247/hiep_ros2/install/mec_mobile_navigation/lib/python3.12/site-packages'
[1.929s] Level 1:colcon.colcon_core.shell:create_environment_hook('mec_mobile_navigation', 'pythonpath')
[1.929s] INFO:colcon.colcon_core.shell:Creating environment hook '/home/hiep0247/hiep_ros2/install/mec_mobile_navigation/share/mec_mobile_navigation/hook/pythonpath.ps1'
[1.930s] INFO:colcon.colcon_core.shell:Creating environment descriptor '/home/hiep0247/hiep_ros2/install/mec_mobile_navigation/share/mec_mobile_navigation/hook/pythonpath.dsv'
[1.930s] INFO:colcon.colcon_core.shell:Creating environment hook '/home/hiep0247/hiep_ros2/install/mec_mobile_navigation/share/mec_mobile_navigation/hook/pythonpath.sh'
[1.930s] Level 1:colcon.colcon_core.environment:checking '/home/hiep0247/hiep_ros2/install/mec_mobile_navigation/bin'
[1.930s] INFO:colcon.colcon_core.shell:Creating package script '/home/hiep0247/hiep_ros2/install/mec_mobile_navigation/share/mec_mobile_navigation/package.ps1'
[1.931s] INFO:colcon.colcon_core.shell:Creating package descriptor '/home/hiep0247/hiep_ros2/install/mec_mobile_navigation/share/mec_mobile_navigation/package.dsv'
[1.931s] INFO:colcon.colcon_core.shell:Creating package script '/home/hiep0247/hiep_ros2/install/mec_mobile_navigation/share/mec_mobile_navigation/package.sh'
[1.931s] INFO:colcon.colcon_core.shell:Creating package script '/home/hiep0247/hiep_ros2/install/mec_mobile_navigation/share/mec_mobile_navigation/package.bash'
[1.931s] INFO:colcon.colcon_core.shell:Creating package script '/home/hiep0247/hiep_ros2/install/mec_mobile_navigation/share/mec_mobile_navigation/package.zsh'
[1.931s] Level 1:colcon.colcon_core.environment:create_file_with_runtime_dependencies(/home/hiep0247/hiep_ros2/install/mec_mobile_navigation/share/colcon-core/packages/mec_mobile_navigation)
[1.980s] DEBUG:colcon.colcon_core.task.python.build:Available setuptools commands: build_clib, install_egg_info, build, build_scripts, setopt, upload_docs, sdist, install_headers, update_catalog, bdist_wheel, clean, develop, check, rotate, easy_install, egg_info, saveopts, install_scripts, install_data, upload, test, dist_info, bdist_dumb, install, install_lib, build_py, alias, bdist_rpm, extract_messages, init_catalog, build_ext, register, editable_wheel, symlink_data, compile_catalog, bdist_egg, bdist
[1.981s] DEBUG:colcon.colcon_core.event_handler.log_command:Invoking command in '/home/hiep0247/hiep_ros2/src/agv_fleet_domains': AMENT_PREFIX_PATH=/home/hiep0247/hiep_ros2/install/agv_fleet:/home/hiep0247/hiep_ros2/install/sllidar_ros2:/home/hiep0247/hiep_ros2/install/mec_mobile_navigation:/home/hiep0247/hiep_ros2/install/mec_mobile_gazebo:/home/hiep0247/hiep_ros2/install/mec_mobile_description1:/home/hiep0247/hiep_ros2/install/mec_mobile:/home/hiep0247/hiep_ros2/install/mec_mobile_description:/home/hiep0247/hiep_ros2/install/hiep_robot2:/home/hiep0247/hiep_ros2/install/agv_hmi:/home/hiep0247/hiep_ros2/install/agv_fleet_domains:/home/hiep0247/ros2_ws/install/unitree_go2_sim:/home/hiep0247/ros2_ws/install/unitree_go2_description:/home/hiep0247/ros2_ws/install/sllidar_ros2:/home/hiep0247/ros2_ws/install/champ_base:/home/hiep0247/ros2_ws/install/champ_msgs:/home/hiep0247/ros2_ws/install/champ:/opt/ros/jazzy DEBUGINFOD_URLS=https://debuginfod.ubuntu.com PYTHONPATH=/home/hiep0247/hiep_ros2/build/agv_fleet_domains/prefix_override:/usr/lib/python3/dist-packages/colcon_core/task/python/colcon_distutils_commands:/home/hiep0247/hiep_ros2/install/agv_fleet_domains/lib/python3.12/site-packages:/home/hiep0247/hiep_ros2/install/agv_fleet/lib/python3.12/site-packages:/home/hiep0247/hiep_ros2/build/agv_hmi:/home/hiep0247/hiep_ros2/install/mec_mobile_navigation/lib/python3.12/site-packages:/home/hiep0247/hiep_ros2/install/hiep_robot2/lib/python3.12/site-packages:/home/hiep0247/hiep_ros2/install/agv_hmi/lib/python3.12/site-packages:/home/hiep0247/hiep_ros2/install/agv_fleet_domains/lib/python3.12/site-packages:/home/hiep0247/ros2_ws/install/champ_msgs/lib/python3.12/site-packages:/opt/ros/jazzy/lib/python3.12/site-packages /usr/bin/python3 -W ignore:setup.py install is deprecated -W ignore:easy_install command is deprecated setup.py egg_info --egg-base ../../build/agv_fleet_domains build --build-base /home/hiep0247/hiep_ros2/build/agv_fleet_domains/build install --record /home/hiep0247/hiep_ros2/build/agv_fleet_domains/install.log --install-scripts $base/lib/agv_fleet_domains --single-version-externally-managed install_data
[2.390s] Level 1:colcon.colcon_core.environment:checking '/home/hiep0247/hiep_ros2/install/agv_fleet_domains' for CMake module files
[2.390s] DEBUG:colcon.colcon_core.event_handler.log_command:Invoked command in '/home/hiep0247/hiep_ros2/src/agv_fleet_domains' returned '0': AMENT_PREFIX_PATH=/home/hiep0247/hiep_ros2/install/agv_fleet:/home/hiep0247/hiep_ros2/install/sllidar_ros2:/home/hiep0247/hiep_ros2/install/mec_mobile_navigation:/home/hiep0247/hiep_ros2/install/mec_mobile_gazebo:/home/hiep0247/hiep_ros2/install/mec_mobile_description1:/home/hiep0247/hiep_ros2/install/mec_mobile:/home/hiep0247/hiep_ros2/install/mec_mobile_description:/home/hiep0247/hiep_ros2/install/hiep_robot2:/home/hiep0247/hiep_ros2/install/agv_hmi:/home/hiep0247/hiep_ros2/install/agv_fleet_domains:/home/hiep0247/ros2_ws/install/unitree_go2_sim:/home/hiep0247/ros2_ws/install/unitree_go2_description:/home/hiep0247/ros2_ws/install/sllidar_ros2:/home/hiep0247/ros2_ws/install/champ_base:/home/hiep0247/ros2_ws/install/champ_msgs:/home/hiep0247/ros2_ws/install/champ:/opt/ros/jazzy DEBUGINFOD_URLS=https://debuginfod.ubuntu.com PYTHONPATH=/home/hiep0247/hiep_ros2/build/agv_fleet_domains/prefix_override:/usr/lib/python3/dist-packages/colcon_core/task/python/colcon_distutils_commands:/home/hiep0247/hiep_ros2/install/agv_fleet_domains/lib/python3.12/site-packages:/home/hiep0247/hiep_ros2/install/agv_fleet/lib/python3.12/site-packages:/home/hiep0247/hiep_ros2/build/agv_hmi:/home/hiep0247/hiep_ros2/install/mec_mobile_navigation/lib/python3.12/site-packages:/home/hiep0247/hiep_ros2/install/hiep_robot2/lib/python3.12/site-packages:/home/hiep0247/hiep_ros2/install/agv_hmi/lib/python3.12/site-packages:/home/hiep0247/hiep_ros2/install/agv_fleet_domains/lib/python3.12/site-packages:/home/hiep0247/ros2_ws/install/champ_msgs/lib/python3.12/site-packages:/opt/ros/jazzy/lib/python3.12/site-packages /usr/bin/python3 -W ignore:setup.py install is deprecated -W ignore:easy_install command is deprecated setup.py egg_info --egg-base ../../build/agv_fleet_domains build --build-base /home/hiep0247/hiep_ros2/build/agv_fleet_domains/build install --record /home/hiep0247/hiep_ros2/build/agv_fleet_domains/install.log --install-scripts $base/lib/agv_fleet_domains --single-version-externally-managed install_data
[2.391s] Level 1:colcon.colcon_core.environment:checking '/home/hiep0247/hiep_ros2/install/agv_fleet_domains' for CMake config files
[2.391s] Level 1:colcon.colcon_core.environment:checking '/home/hiep0247/hiep_ros2/install/agv_fleet_domains/lib'
[2.391s] Level 1:colcon.colcon_core.environment:checking '/home/hiep0247/hiep_ros2/install/agv_fleet_domains/bin'
[2.391s] Level 1:colcon.colcon_core.environment:checking '/home/hiep0247/hiep_ros2/install/agv_fleet_domains/lib/pkgconfig/agv_fleet_domains.pc'
[2.391s] Level 1:colcon.colcon_core.environment:checking '/home/hiep0247/hiep_ros2/install/agv_fleet_domains/lib/python3.12/site-packages'
[2.391s] Level 1:colcon.colcon_core.shell:create_environment_hook('agv_fleet_domains', 'pythonpath')
[2.391s] INFO:colcon.colcon_core.shell:Creating environment hook '/home/hiep0247/hiep_ros2/install/agv_fleet_domains/share/agv_fleet_domains/hook/pythonpath.ps1'
[2.392s] INFO:colcon.colcon_core.shell:Creating environment descriptor '/home/hiep0247/hiep_ros2/install/agv_fleet_domains/share/agv_fleet_domains/hook/pythonpath.dsv'
[2.392s] INFO:colcon.colcon_core.shell:Creating environment hook '/home/hiep0247/hiep_ros2/install/agv_fleet_domains/share/agv_fleet_domains/hook/pythonpath.sh'
[2.392s] Level 1:colcon.colcon_core.environment:checking '/home/hiep0247/hiep_ros2/install/agv_fleet_domains/bin'
[2.392s] Level 1:colcon.colcon_core.environment:create_environment_scripts_only(agv_fleet_domains)
[2.393s] INFO:colcon.colcon_core.shell:Creating package script '/home/hiep0247/hiep_ros2/install/agv_fleet_domains/share/agv_fleet_domains/package.ps1'
[2.393s] INFO:colcon.colcon_core.shell:Creating package descriptor '/home/hiep0247/hiep_ros2/install/agv_fleet_domains/share/agv_fleet_domains/package.dsv'
[2.393s] INFO:colcon.colcon_core.shell:Creating package script '/home/hiep0247/hiep_ros2/install/agv_fleet_domains/share/agv_fleet_domains/package.sh'
[2.393s] INFO:colcon.colcon_core.shell:Creating package script '/home/hiep0247/hiep_ros2/install/agv_fleet_domains/share/agv_fleet_domains/package.bash'
[2.394s] INFO:colcon.colcon_core.shell:Creating package script '/home/hiep0247/hiep_ros2/install/agv_fleet_domains/share/agv_fleet_domains/package.zsh'
[2.394s] Level 1:colcon.colcon_core.environment:create_file_with_runtime_dependencies(/home/hiep0247/hiep_ros2/install/agv_fleet_domains/share/colcon-core/packages/agv_fleet_domains)
[2.394s] DEBUG:colcon.colcon_parallel_executor.executor.parallel:closing loop
[2.394s] DEBUG:colcon.colcon_parallel_executor.executor.parallel:loop closed
[2.394s] DEBUG:colcon.colcon_parallel_executor.executor.parallel:run_until_complete finished with '0'
[2.394s] DEBUG:colcon.colcon_core.event_reactor:joining thread
[2.398s] INFO:colcon.colcon_core.plugin_system:Skipping extension 'colcon_notification.desktop_notification.terminal_notifier': Not used on non-Darwin systems
[2.398s] INFO:colcon.colcon_core.plugin_system:Skipping extension 'colcon_notification.desktop_notification.win32': Not used on non-Windows systems
[2.398s] INFO:colcon.colcon_notification.desktop_notification:Sending desktop notification using 'notify2'
[2.409s] DEBUG:colcon.colcon_core.event_reactor:joined thread
[2.409s] INFO:colcon.colcon_core.shell:Creating prefix script '/home/hiep0247/hiep_ros2/install/local_setup.ps1'
[2.410s] INFO:colcon.colcon_core.shell:Creating prefix util module '/home/hiep0247/hiep_ros2/install/_local_setup_util_ps1.py'
[2.411s] INFO:colcon.colcon_core.shell:Creating prefix chain script '/home/hiep0247/hiep_ros2/install/setup.ps1'
[2.411s] INFO:colcon.colcon_core.shell:Creating prefix script '/home/hiep0247/hiep_ros2/install/local_setup.sh'
[2.412s] INFO:colcon.colcon_core.shell:Creating prefix util module '/home/hiep0247/hiep_ros2/install/_local_setup_util_sh.py'
[2.412s] INFO:colcon.colcon_core.shell:Creating prefix chain script '/home/hiep0247/hiep_ros2/install/setup.sh'
[2.413s] INFO:colcon.colcon_core.shell:Creating prefix script '/home/hiep0247/hiep_ros2/install/local_setup.bash'
[2.413s] INFO:colcon.colcon_core.shell:Creating prefix chain script '/home/hiep0247/hiep_ros2/install/setup.bash'
[2.414s] INFO:colcon.colcon_core.shell:Creating prefix script '/home/hiep0247/hiep_ros2/install/local_setup.zsh'
[2.414s] INFO:colcon.colcon_core.shell:Creating prefix chain script '/home/hiep0247/hiep_ros2/install/setup.zsh'
