[0.121s] DEBUG:colcon:Command line arguments: ['/usr/bin/colcon', 'build']
[0.121s] DEBUG:colcon:Parsed command line arguments: Namespace(log_base=None, log_level=None, verb_name='build', build_base='build', install_base='install', merge_install=False, symlink_install=False, test_result_base=None, continue_on_error=False, executor='parallel', parallel_workers=12, event_handlers=None, ignore_user_meta=False, metas=['./colcon.meta'], base_paths=['.'], packages_ignore=None, packages_ignore_regex=None, paths=None, packages_up_to=None, packages_up_to_regex=None, packages_above=None, packages_above_and_dependencies=None, packages_above_depth=None, packages_select_by_dep=None, packages_skip_by_dep=None, packages_skip_up_to=None, packages_select_build_failed=False, packages_skip_build_finished=False, packages_select_test_failures=False, packages_skip_test_passed=False, packages_select=None, packages_skip=None, packages_select_regex=None, packages_skip_regex=None, packages_start=None, packages_end=None, allow_overriding=[], cmake_args=None, cmake_target=None, cmake_target_skip_unavailable=False, cmake_clean_cache=False, cmake_clean_first=False, cmake_force_configure=False, ament_cmake_args=None, catkin_cmake_args=None, catkin_skip_building_tests=False, mixin_files=None, mixin=None, verb_parser=<colcon_mixin.mixin.mixin_argument.MixinArgumentDecorator object at 0x78f4cc7959d0>, verb_extension=<colcon_core.verb.build.BuildVerb object at 0x78f4cc8edb50>, main=<bound method BuildVerb.main of <colcon_core.verb.build.BuildVerb object at 0x78f4cc8edb50>>, mixin_verb=('build',))
[0.183s] Level 1:colcon.colcon_core.package_discovery:discover_packages(colcon_meta) check parameters
[0.183s] Level 1:colcon.colcon_core.package_discovery:discover_packages(recursive) check parameters
[0.183s] Level 1:colcon.colcon_core.package_discovery:discover_packages(ignore) check parameters
[0.183s] Level 1:colcon.colcon_core.package_discovery:discover_packages(path) check parameters
[0.183s] Level 1:colcon.colcon_core.package_discovery:discover_packages(colcon_meta) discover
[0.183s] Level 1:colcon.colcon_core.package_discovery:discover_packages(recursive) discover
[0.183s] INFO:colcon.colcon_core.package_discovery:Crawling recursively for packages in '/home/hiep0247/hiep_ros2'
[0.183s] Level 1:colcon.colcon_core.package_identification:_identify(.) by extensions ['ignore', 'ignore_ament_install']
[0.183s] Level 1:colcon.colcon_core.package_identification:_identify(.) by extension 'ignore'
[0.183s] Level 1:colcon.colcon_core.package_identification:_identify(.) by extension 'ignore_ament_install'
[0.184s] Level 1:colcon.colcon_core.package_identification:_identify(.) by extensions ['colcon_pkg']
[0.184s] Level 1:colcon.colcon_core.package_identification:_identify(.) by extension 'colcon_pkg'
[0.184s] Level 1:colcon.colcon_core.package_identification:_identify(.) by extensions ['colcon_meta']
[0.184s] Level 1:colcon.colcon_core.package_identification:_identify(.) by extension 'colcon_meta'
[0.184s] Level 1:colcon.colcon_core.package_identification:_identify(.) by extensions ['ros']
[0.184s] Level 1:colcon.colcon_core.package_identification:_identify(.) by extension 'ros'
[0.207s] Level 1:colcon.colcon_core.package_identification:_identify(.) by extensions ['cmake', 'python']
[0.207s] Level 1:colcon.colcon_core.package_identification:_identify(.) by extension 'cmake'
[0.207s] Level 1:colcon.colcon_core.package_identification:_identify(.) by extension 'python'
[0.207s] Level 1:colcon.colcon_core.package_identification:_identify(.) by extensions ['python_setup_py']
[0.207s] Level 1:colcon.colcon_core.package_identification:_identify(.) by extension 'python_setup_py'
[0.207s] Level 1:colcon.colcon_core.package_identification:_identify(build) by extensions ['ignore', 'ignore_ament_install']
[0.207s] Level 1:colcon.colcon_core.package_identification:_identify(build) by extension 'ignore'
[0.207s] Level 1:colcon.colcon_core.package_identification:_identify(build) ignored
[0.207s] Level 1:colcon.colcon_core.package_identification:_identify(build_backup) by extensions ['ignore', 'ignore_ament_install']
[0.207s] Level 1:colcon.colcon_core.package_identification:_identify(build_backup) by extension 'ignore'
[0.207s] Level 1:colcon.colcon_core.package_identification:_identify(build_backup) ignored
[0.207s] Level 1:colcon.colcon_core.package_identification:_identify(install) by extensions ['ignore', 'ignore_ament_install']
[0.207s] Level 1:colcon.colcon_core.package_identification:_identify(install) by extension 'ignore'
[0.207s] Level 1:colcon.colcon_core.package_identification:_identify(install) ignored
[0.207s] Level 1:colcon.colcon_core.package_identification:_identify(log) by extensions ['ignore', 'ignore_ament_install']
[0.207s] Level 1:colcon.colcon_core.package_identification:_identify(log) by extension 'ignore'
[0.207s] Level 1:colcon.colcon_core.package_identification:_identify(log) ignored
[0.207s] Level 1:colcon.colcon_core.package_identification:_identify(src) by extensions ['ignore', 'ignore_ament_install']
[0.208s] Level 1:colcon.colcon_core.package_identification:_identify(src) by extension 'ignore'
[0.208s] Level 1:colcon.colcon_core.package_identification:_identify(src) by extension 'ignore_ament_install'
[0.208s] Level 1:colcon.colcon_core.package_identification:_identify(src) by extensions ['colcon_pkg']
[0.208s] Level 1:colcon.colcon_core.package_identification:_identify(src) by extension 'colcon_pkg'
[0.208s] Level 1:colcon.colcon_core.package_identification:_identify(src) by extensions ['colcon_meta']
[0.208s] Level 1:colcon.colcon_core.package_identification:_identify(src) by extension 'colcon_meta'
[0.208s] Level 1:colcon.colcon_core.package_identification:_identify(src) by extensions ['ros']
[0.208s] Level 1:colcon.colcon_core.package_identification:_identify(src) by extension 'ros'
[0.208s] Level 1:colcon.colcon_core.package_identification:_identify(src) by extensions ['cmake', 'python']
[0.208s] Level 1:colcon.colcon_core.package_identification:_identify(src) by extension 'cmake'
[0.208s] Level 1:colcon.colcon_core.package_identification:_identify(src) by extension 'python'
[0.208s] Level 1:colcon.colcon_core.package_identification:_identify(src) by extensions ['python_setup_py']
[0.208s] Level 1:colcon.colcon_core.package_identification:_identify(src) by extension 'python_setup_py'
[0.208s] Level 1:colcon.colcon_core.package_identification:_identify(src/agv_fleet) by extensions ['ignore', 'ignore_ament_install']
[0.208s] Level 1:colcon.colcon_core.package_identification:_identify(src/agv_fleet) by extension 'ignore'
[0.208s] Level 1:colcon.colcon_core.package_identification:_identify(src/agv_fleet) by extension 'ignore_ament_install'
[0.208s] Level 1:colcon.colcon_core.package_identification:_identify(src/agv_fleet) by extensions ['colcon_pkg']
[0.208s] Level 1:colcon.colcon_core.package_identification:_identify(src/agv_fleet) by extension 'colcon_pkg'
[0.208s] Level 1:colcon.colcon_core.package_identification:_identify(src/agv_fleet) by extensions ['colcon_meta']
[0.208s] Level 1:colcon.colcon_core.package_identification:_identify(src/agv_fleet) by extension 'colcon_meta'
[0.208s] Level 1:colcon.colcon_core.package_identification:_identify(src/agv_fleet) by extensions ['ros']
[0.208s] Level 1:colcon.colcon_core.package_identification:_identify(src/agv_fleet) by extension 'ros'
[0.213s] DEBUG:colcon.colcon_core.package_identification:Package 'src/agv_fleet' with type 'ros.ament_python' and name 'agv_fleet'
[0.213s] Level 1:colcon.colcon_core.package_identification:_identify(src/agv_hmi) by extensions ['ignore', 'ignore_ament_install']
[0.213s] Level 1:colcon.colcon_core.package_identification:_identify(src/agv_hmi) by extension 'ignore'
[0.213s] Level 1:colcon.colcon_core.package_identification:_identify(src/agv_hmi) by extension 'ignore_ament_install'
[0.213s] Level 1:colcon.colcon_core.package_identification:_identify(src/agv_hmi) by extensions ['colcon_pkg']
[0.213s] Level 1:colcon.colcon_core.package_identification:_identify(src/agv_hmi) by extension 'colcon_pkg'
[0.213s] Level 1:colcon.colcon_core.package_identification:_identify(src/agv_hmi) by extensions ['colcon_meta']
[0.213s] Level 1:colcon.colcon_core.package_identification:_identify(src/agv_hmi) by extension 'colcon_meta'
[0.213s] Level 1:colcon.colcon_core.package_identification:_identify(src/agv_hmi) by extensions ['ros']
[0.213s] Level 1:colcon.colcon_core.package_identification:_identify(src/agv_hmi) by extension 'ros'
[0.214s] DEBUG:colcon.colcon_core.package_identification:Package 'src/agv_hmi' with type 'ros.ament_python' and name 'agv_hmi'
[0.214s] Level 1:colcon.colcon_core.package_identification:_identify(src/hiep_robot2) by extensions ['ignore', 'ignore_ament_install']
[0.214s] Level 1:colcon.colcon_core.package_identification:_identify(src/hiep_robot2) by extension 'ignore'
[0.214s] Level 1:colcon.colcon_core.package_identification:_identify(src/hiep_robot2) by extension 'ignore_ament_install'
[0.214s] Level 1:colcon.colcon_core.package_identification:_identify(src/hiep_robot2) by extensions ['colcon_pkg']
[0.214s] Level 1:colcon.colcon_core.package_identification:_identify(src/hiep_robot2) by extension 'colcon_pkg'
[0.214s] Level 1:colcon.colcon_core.package_identification:_identify(src/hiep_robot2) by extensions ['colcon_meta']
[0.214s] Level 1:colcon.colcon_core.package_identification:_identify(src/hiep_robot2) by extension 'colcon_meta'
[0.214s] Level 1:colcon.colcon_core.package_identification:_identify(src/hiep_robot2) by extensions ['ros']
[0.214s] Level 1:colcon.colcon_core.package_identification:_identify(src/hiep_robot2) by extension 'ros'
[0.214s] DEBUG:colcon.colcon_core.package_identification:Package 'src/hiep_robot2' with type 'ros.ament_python' and name 'hiep_robot2'
[0.215s] Level 1:colcon.colcon_core.package_identification:_identify(src/mec_mobile) by extensions ['ignore', 'ignore_ament_install']
[0.215s] Level 1:colcon.colcon_core.package_identification:_identify(src/mec_mobile) by extension 'ignore'
[0.215s] Level 1:colcon.colcon_core.package_identification:_identify(src/mec_mobile) by extension 'ignore_ament_install'
[0.215s] Level 1:colcon.colcon_core.package_identification:_identify(src/mec_mobile) by extensions ['colcon_pkg']
[0.215s] Level 1:colcon.colcon_core.package_identification:_identify(src/mec_mobile) by extension 'colcon_pkg'
[0.215s] Level 1:colcon.colcon_core.package_identification:_identify(src/mec_mobile) by extensions ['colcon_meta']
[0.215s] Level 1:colcon.colcon_core.package_identification:_identify(src/mec_mobile) by extension 'colcon_meta'
[0.215s] Level 1:colcon.colcon_core.package_identification:_identify(src/mec_mobile) by extensions ['ros']
[0.215s] Level 1:colcon.colcon_core.package_identification:_identify(src/mec_mobile) by extension 'ros'
[0.215s] DEBUG:colcon.colcon_core.package_identification:Package 'src/mec_mobile' with type 'ros.ament_cmake' and name 'mec_mobile'
[0.215s] Level 1:colcon.colcon_core.package_identification:_identify(src/mec_mobile_description) by extensions ['ignore', 'ignore_ament_install']
[0.215s] Level 1:colcon.colcon_core.package_identification:_identify(src/mec_mobile_description) by extension 'ignore'
[0.215s] Level 1:colcon.colcon_core.package_identification:_identify(src/mec_mobile_description) by extension 'ignore_ament_install'
[0.215s] Level 1:colcon.colcon_core.package_identification:_identify(src/mec_mobile_description) by extensions ['colcon_pkg']
[0.215s] Level 1:colcon.colcon_core.package_identification:_identify(src/mec_mobile_description) by extension 'colcon_pkg'
[0.215s] Level 1:colcon.colcon_core.package_identification:_identify(src/mec_mobile_description) by extensions ['colcon_meta']
[0.215s] Level 1:colcon.colcon_core.package_identification:_identify(src/mec_mobile_description) by extension 'colcon_meta'
[0.215s] Level 1:colcon.colcon_core.package_identification:_identify(src/mec_mobile_description) by extensions ['ros']
[0.215s] Level 1:colcon.colcon_core.package_identification:_identify(src/mec_mobile_description) by extension 'ros'
[0.216s] DEBUG:colcon.colcon_core.package_identification:Package 'src/mec_mobile_description' with type 'ros.ament_cmake' and name 'mec_mobile_description'
[0.216s] Level 1:colcon.colcon_core.package_identification:_identify(src/mec_mobile_description1) by extensions ['ignore', 'ignore_ament_install']
[0.217s] Level 1:colcon.colcon_core.package_identification:_identify(src/mec_mobile_description1) by extension 'ignore'
[0.217s] Level 1:colcon.colcon_core.package_identification:_identify(src/mec_mobile_description1) by extension 'ignore_ament_install'
[0.217s] Level 1:colcon.colcon_core.package_identification:_identify(src/mec_mobile_description1) by extensions ['colcon_pkg']
[0.217s] Level 1:colcon.colcon_core.package_identification:_identify(src/mec_mobile_description1) by extension 'colcon_pkg'
[0.217s] Level 1:colcon.colcon_core.package_identification:_identify(src/mec_mobile_description1) by extensions ['colcon_meta']
[0.217s] Level 1:colcon.colcon_core.package_identification:_identify(src/mec_mobile_description1) by extension 'colcon_meta'
[0.217s] Level 1:colcon.colcon_core.package_identification:_identify(src/mec_mobile_description1) by extensions ['ros']
[0.217s] Level 1:colcon.colcon_core.package_identification:_identify(src/mec_mobile_description1) by extension 'ros'
[0.217s] DEBUG:colcon.colcon_core.package_identification:Package 'src/mec_mobile_description1' with type 'ros.ament_cmake' and name 'mec_mobile_description1'
[0.217s] Level 1:colcon.colcon_core.package_identification:_identify(src/mec_mobile_gazebo) by extensions ['ignore', 'ignore_ament_install']
[0.217s] Level 1:colcon.colcon_core.package_identification:_identify(src/mec_mobile_gazebo) by extension 'ignore'
[0.217s] Level 1:colcon.colcon_core.package_identification:_identify(src/mec_mobile_gazebo) by extension 'ignore_ament_install'
[0.217s] Level 1:colcon.colcon_core.package_identification:_identify(src/mec_mobile_gazebo) by extensions ['colcon_pkg']
[0.217s] Level 1:colcon.colcon_core.package_identification:_identify(src/mec_mobile_gazebo) by extension 'colcon_pkg'
[0.218s] Level 1:colcon.colcon_core.package_identification:_identify(src/mec_mobile_gazebo) by extensions ['colcon_meta']
[0.218s] Level 1:colcon.colcon_core.package_identification:_identify(src/mec_mobile_gazebo) by extension 'colcon_meta'
[0.218s] Level 1:colcon.colcon_core.package_identification:_identify(src/mec_mobile_gazebo) by extensions ['ros']
[0.218s] Level 1:colcon.colcon_core.package_identification:_identify(src/mec_mobile_gazebo) by extension 'ros'
[0.218s] DEBUG:colcon.colcon_core.package_identification:Package 'src/mec_mobile_gazebo' with type 'ros.ament_cmake' and name 'mec_mobile_gazebo'
[0.218s] Level 1:colcon.colcon_core.package_identification:_identify(src/mec_mobile_navigation) by extensions ['ignore', 'ignore_ament_install']
[0.218s] Level 1:colcon.colcon_core.package_identification:_identify(src/mec_mobile_navigation) by extension 'ignore'
[0.218s] Level 1:colcon.colcon_core.package_identification:_identify(src/mec_mobile_navigation) by extension 'ignore_ament_install'
[0.218s] Level 1:colcon.colcon_core.package_identification:_identify(src/mec_mobile_navigation) by extensions ['colcon_pkg']
[0.219s] Level 1:colcon.colcon_core.package_identification:_identify(src/mec_mobile_navigation) by extension 'colcon_pkg'
[0.219s] Level 1:colcon.colcon_core.package_identification:_identify(src/mec_mobile_navigation) by extensions ['colcon_meta']
[0.219s] Level 1:colcon.colcon_core.package_identification:_identify(src/mec_mobile_navigation) by extension 'colcon_meta'
[0.219s] Level 1:colcon.colcon_core.package_identification:_identify(src/mec_mobile_navigation) by extensions ['ros']
[0.219s] Level 1:colcon.colcon_core.package_identification:_identify(src/mec_mobile_navigation) by extension 'ros'
[0.220s] DEBUG:colcon.colcon_core.package_identification:Package 'src/mec_mobile_navigation' with type 'ros.ament_cmake' and name 'mec_mobile_navigation'
[0.220s] Level 1:colcon.colcon_core.package_identification:_identify(src/sllidar_ros2) by extensions ['ignore', 'ignore_ament_install']
[0.220s] Level 1:colcon.colcon_core.package_identification:_identify(src/sllidar_ros2) by extension 'ignore'
[0.220s] Level 1:colcon.colcon_core.package_identification:_identify(src/sllidar_ros2) by extension 'ignore_ament_install'
[0.220s] Level 1:colcon.colcon_core.package_identification:_identify(src/sllidar_ros2) by extensions ['colcon_pkg']
[0.220s] Level 1:colcon.colcon_core.package_identification:_identify(src/sllidar_ros2) by extension 'colcon_pkg'
[0.220s] Level 1:colcon.colcon_core.package_identification:_identify(src/sllidar_ros2) by extensions ['colcon_meta']
[0.220s] Level 1:colcon.colcon_core.package_identification:_identify(src/sllidar_ros2) by extension 'colcon_meta'
[0.220s] Level 1:colcon.colcon_core.package_identification:_identify(src/sllidar_ros2) by extensions ['ros']
[0.220s] Level 1:colcon.colcon_core.package_identification:_identify(src/sllidar_ros2) by extension 'ros'
[0.222s] DEBUG:colcon.colcon_core.package_identification:Package 'src/sllidar_ros2' with type 'ros.ament_cmake' and name 'sllidar_ros2'
[0.222s] Level 1:colcon.colcon_core.package_discovery:discover_packages(recursive) using defaults
[0.222s] Level 1:colcon.colcon_core.package_discovery:discover_packages(ignore) discover
[0.222s] Level 1:colcon.colcon_core.package_discovery:discover_packages(ignore) using defaults
[0.222s] Level 1:colcon.colcon_core.package_discovery:discover_packages(path) discover
[0.222s] Level 1:colcon.colcon_core.package_discovery:discover_packages(path) using defaults
[0.256s] Level 1:colcon.colcon_core.package_discovery:discover_packages(prefix_path) check parameters
[0.257s] Level 1:colcon.colcon_core.package_discovery:discover_packages(prefix_path) discover
[0.263s] DEBUG:colcon.colcon_installed_package_information.package_discovery:Found 9 installed packages in /home/hiep0247/hiep_ros2/install
[0.263s] DEBUG:colcon.colcon_installed_package_information.package_discovery:Found 1 installed packages in /home/hiep0247/ros2_ws/install
[0.266s] DEBUG:colcon.colcon_installed_package_information.package_discovery:Found 433 installed packages in /opt/ros/jazzy
[0.268s] Level 1:colcon.colcon_core.package_discovery:discover_packages(prefix_path) using defaults
[0.534s] Level 5:colcon.colcon_core.verb:set package 'agv_fleet' build argument 'cmake_args' from command line to 'None'
[0.534s] Level 5:colcon.colcon_core.verb:set package 'agv_fleet' build argument 'cmake_target' from command line to 'None'
[0.535s] Level 5:colcon.colcon_core.verb:set package 'agv_fleet' build argument 'cmake_target_skip_unavailable' from command line to 'False'
[0.535s] Level 5:colcon.colcon_core.verb:set package 'agv_fleet' build argument 'cmake_clean_cache' from command line to 'False'
[0.535s] Level 5:colcon.colcon_core.verb:set package 'agv_fleet' build argument 'cmake_clean_first' from command line to 'False'
[0.535s] Level 5:colcon.colcon_core.verb:set package 'agv_fleet' build argument 'cmake_force_configure' from command line to 'False'
[0.535s] Level 5:colcon.colcon_core.verb:set package 'agv_fleet' build argument 'ament_cmake_args' from command line to 'None'
[0.535s] Level 5:colcon.colcon_core.verb:set package 'agv_fleet' build argument 'catkin_cmake_args' from command line to 'None'
[0.535s] Level 5:colcon.colcon_core.verb:set package 'agv_fleet' build argument 'catkin_skip_building_tests' from command line to 'False'
[0.535s] DEBUG:colcon.colcon_core.verb:Building package 'agv_fleet' with the following arguments: {'ament_cmake_args': None, 'build_base': '/home/hiep0247/hiep_ros2/build/agv_fleet', 'catkin_cmake_args': None, 'catkin_skip_building_tests': False, 'cmake_args': None, 'cmake_clean_cache': False, 'cmake_clean_first': False, 'cmake_force_configure': False, 'cmake_target': None, 'cmake_target_skip_unavailable': False, 'install_base': '/home/hiep0247/hiep_ros2/install/agv_fleet', 'merge_install': False, 'path': '/home/hiep0247/hiep_ros2/src/agv_fleet', 'symlink_install': False, 'test_result_base': None}
[0.535s] Level 5:colcon.colcon_core.verb:set package 'agv_hmi' build argument 'cmake_args' from command line to 'None'
[0.535s] Level 5:colcon.colcon_core.verb:set package 'agv_hmi' build argument 'cmake_target' from command line to 'None'
[0.535s] Level 5:colcon.colcon_core.verb:set package 'agv_hmi' build argument 'cmake_target_skip_unavailable' from command line to 'False'
[0.535s] Level 5:colcon.colcon_core.verb:set package 'agv_hmi' build argument 'cmake_clean_cache' from command line to 'False'
[0.535s] Level 5:colcon.colcon_core.verb:set package 'agv_hmi' build argument 'cmake_clean_first' from command line to 'False'
[0.535s] Level 5:colcon.colcon_core.verb:set package 'agv_hmi' build argument 'cmake_force_configure' from command line to 'False'
[0.535s] Level 5:colcon.colcon_core.verb:set package 'agv_hmi' build argument 'ament_cmake_args' from command line to 'None'
[0.535s] Level 5:colcon.colcon_core.verb:set package 'agv_hmi' build argument 'catkin_cmake_args' from command line to 'None'
[0.535s] Level 5:colcon.colcon_core.verb:set package 'agv_hmi' build argument 'catkin_skip_building_tests' from command line to 'False'
[0.535s] DEBUG:colcon.colcon_core.verb:Building package 'agv_hmi' with the following arguments: {'ament_cmake_args': None, 'build_base': '/home/hiep0247/hiep_ros2/build/agv_hmi', 'catkin_cmake_args': None, 'catkin_skip_building_tests': False, 'cmake_args': None, 'cmake_clean_cache': False, 'cmake_clean_first': False, 'cmake_force_configure': False, 'cmake_target': None, 'cmake_target_skip_unavailable': False, 'install_base': '/home/hiep0247/hiep_ros2/install/agv_hmi', 'merge_install': False, 'path': '/home/hiep0247/hiep_ros2/src/agv_hmi', 'symlink_install': False, 'test_result_base': None}
[0.535s] Level 5:colcon.colcon_core.verb:set package 'hiep_robot2' build argument 'cmake_args' from command line to 'None'
[0.535s] Level 5:colcon.colcon_core.verb:set package 'hiep_robot2' build argument 'cmake_target' from command line to 'None'
[0.535s] Level 5:colcon.colcon_core.verb:set package 'hiep_robot2' build argument 'cmake_target_skip_unavailable' from command line to 'False'
[0.535s] Level 5:colcon.colcon_core.verb:set package 'hiep_robot2' build argument 'cmake_clean_cache' from command line to 'False'
[0.535s] Level 5:colcon.colcon_core.verb:set package 'hiep_robot2' build argument 'cmake_clean_first' from command line to 'False'
[0.535s] Level 5:colcon.colcon_core.verb:set package 'hiep_robot2' build argument 'cmake_force_configure' from command line to 'False'
[0.535s] Level 5:colcon.colcon_core.verb:set package 'hiep_robot2' build argument 'ament_cmake_args' from command line to 'None'
[0.535s] Level 5:colcon.colcon_core.verb:set package 'hiep_robot2' build argument 'catkin_cmake_args' from command line to 'None'
[0.535s] Level 5:colcon.colcon_core.verb:set package 'hiep_robot2' build argument 'catkin_skip_building_tests' from command line to 'False'
[0.535s] DEBUG:colcon.colcon_core.verb:Building package 'hiep_robot2' with the following arguments: {'ament_cmake_args': None, 'build_base': '/home/hiep0247/hiep_ros2/build/hiep_robot2', 'catkin_cmake_args': None, 'catkin_skip_building_tests': False, 'cmake_args': None, 'cmake_clean_cache': False, 'cmake_clean_first': False, 'cmake_force_configure': False, 'cmake_target': None, 'cmake_target_skip_unavailable': False, 'install_base': '/home/hiep0247/hiep_ros2/install/hiep_robot2', 'merge_install': False, 'path': '/home/hiep0247/hiep_ros2/src/hiep_robot2', 'symlink_install': False, 'test_result_base': None}
[0.535s] Level 5:colcon.colcon_core.verb:set package 'mec_mobile_description' build argument 'cmake_args' from command line to 'None'
[0.535s] Level 5:colcon.colcon_core.verb:set package 'mec_mobile_description' build argument 'cmake_target' from command line to 'None'
[0.535s] Level 5:colcon.colcon_core.verb:set package 'mec_mobile_description' build argument 'cmake_target_skip_unavailable' from command line to 'False'
[0.535s] Level 5:colcon.colcon_core.verb:set package 'mec_mobile_description' build argument 'cmake_clean_cache' from command line to 'False'
[0.535s] Level 5:colcon.colcon_core.verb:set package 'mec_mobile_description' build argument 'cmake_clean_first' from command line to 'False'
[0.535s] Level 5:colcon.colcon_core.verb:set package 'mec_mobile_description' build argument 'cmake_force_configure' from command line to 'False'
[0.535s] Level 5:colcon.colcon_core.verb:set package 'mec_mobile_description' build argument 'ament_cmake_args' from command line to 'None'
[0.535s] Level 5:colcon.colcon_core.verb:set package 'mec_mobile_description' build argument 'catkin_cmake_args' from command line to 'None'
[0.535s] Level 5:colcon.colcon_core.verb:set package 'mec_mobile_description' build argument 'catkin_skip_building_tests' from command line to 'False'
[0.535s] DEBUG:colcon.colcon_core.verb:Building package 'mec_mobile_description' with the following arguments: {'ament_cmake_args': None, 'build_base': '/home/hiep0247/hiep_ros2/build/mec_mobile_description', 'catkin_cmake_args': None, 'catkin_skip_building_tests': False, 'cmake_args': None, 'cmake_clean_cache': False, 'cmake_clean_first': False, 'cmake_force_configure': False, 'cmake_target': None, 'cmake_target_skip_unavailable': False, 'install_base': '/home/hiep0247/hiep_ros2/install/mec_mobile_description', 'merge_install': False, 'path': '/home/hiep0247/hiep_ros2/src/mec_mobile_description', 'symlink_install': False, 'test_result_base': None}
[0.535s] Level 5:colcon.colcon_core.verb:set package 'mec_mobile_description1' build argument 'cmake_args' from command line to 'None'
[0.536s] Level 5:colcon.colcon_core.verb:set package 'mec_mobile_description1' build argument 'cmake_target' from command line to 'None'
[0.536s] Level 5:colcon.colcon_core.verb:set package 'mec_mobile_description1' build argument 'cmake_target_skip_unavailable' from command line to 'False'
[0.536s] Level 5:colcon.colcon_core.verb:set package 'mec_mobile_description1' build argument 'cmake_clean_cache' from command line to 'False'
[0.536s] Level 5:colcon.colcon_core.verb:set package 'mec_mobile_description1' build argument 'cmake_clean_first' from command line to 'False'
[0.536s] Level 5:colcon.colcon_core.verb:set package 'mec_mobile_description1' build argument 'cmake_force_configure' from command line to 'False'
[0.536s] Level 5:colcon.colcon_core.verb:set package 'mec_mobile_description1' build argument 'ament_cmake_args' from command line to 'None'
[0.536s] Level 5:colcon.colcon_core.verb:set package 'mec_mobile_description1' build argument 'catkin_cmake_args' from command line to 'None'
[0.536s] Level 5:colcon.colcon_core.verb:set package 'mec_mobile_description1' build argument 'catkin_skip_building_tests' from command line to 'False'
[0.536s] DEBUG:colcon.colcon_core.verb:Building package 'mec_mobile_description1' with the following arguments: {'ament_cmake_args': None, 'build_base': '/home/hiep0247/hiep_ros2/build/mec_mobile_description1', 'catkin_cmake_args': None, 'catkin_skip_building_tests': False, 'cmake_args': None, 'cmake_clean_cache': False, 'cmake_clean_first': False, 'cmake_force_configure': False, 'cmake_target': None, 'cmake_target_skip_unavailable': False, 'install_base': '/home/hiep0247/hiep_ros2/install/mec_mobile_description1', 'merge_install': False, 'path': '/home/hiep0247/hiep_ros2/src/mec_mobile_description1', 'symlink_install': False, 'test_result_base': None}
[0.536s] Level 5:colcon.colcon_core.verb:set package 'mec_mobile_gazebo' build argument 'cmake_args' from command line to 'None'
[0.536s] Level 5:colcon.colcon_core.verb:set package 'mec_mobile_gazebo' build argument 'cmake_target' from command line to 'None'
[0.536s] Level 5:colcon.colcon_core.verb:set package 'mec_mobile_gazebo' build argument 'cmake_target_skip_unavailable' from command line to 'False'
[0.536s] Level 5:colcon.colcon_core.verb:set package 'mec_mobile_gazebo' build argument 'cmake_clean_cache' from command line to 'False'
[0.536s] Level 5:colcon.colcon_core.verb:set package 'mec_mobile_gazebo' build argument 'cmake_clean_first' from command line to 'False'
[0.536s] Level 5:colcon.colcon_core.verb:set package 'mec_mobile_gazebo' build argument 'cmake_force_configure' from command line to 'False'
[0.536s] Level 5:colcon.colcon_core.verb:set package 'mec_mobile_gazebo' build argument 'ament_cmake_args' from command line to 'None'
[0.536s] Level 5:colcon.colcon_core.verb:set package 'mec_mobile_gazebo' build argument 'catkin_cmake_args' from command line to 'None'
[0.536s] Level 5:colcon.colcon_core.verb:set package 'mec_mobile_gazebo' build argument 'catkin_skip_building_tests' from command line to 'False'
[0.536s] DEBUG:colcon.colcon_core.verb:Building package 'mec_mobile_gazebo' with the following arguments: {'ament_cmake_args': None, 'build_base': '/home/hiep0247/hiep_ros2/build/mec_mobile_gazebo', 'catkin_cmake_args': None, 'catkin_skip_building_tests': False, 'cmake_args': None, 'cmake_clean_cache': False, 'cmake_clean_first': False, 'cmake_force_configure': False, 'cmake_target': None, 'cmake_target_skip_unavailable': False, 'install_base': '/home/hiep0247/hiep_ros2/install/mec_mobile_gazebo', 'merge_install': False, 'path': '/home/hiep0247/hiep_ros2/src/mec_mobile_gazebo', 'symlink_install': False, 'test_result_base': None}
[0.536s] Level 5:colcon.colcon_core.verb:set package 'mec_mobile_navigation' build argument 'cmake_args' from command line to 'None'
[0.536s] Level 5:colcon.colcon_core.verb:set package 'mec_mobile_navigation' build argument 'cmake_target' from command line to 'None'
[0.536s] Level 5:colcon.colcon_core.verb:set package 'mec_mobile_navigation' build argument 'cmake_target_skip_unavailable' from command line to 'False'
[0.536s] Level 5:colcon.colcon_core.verb:set package 'mec_mobile_navigation' build argument 'cmake_clean_cache' from command line to 'False'
[0.536s] Level 5:colcon.colcon_core.verb:set package 'mec_mobile_navigation' build argument 'cmake_clean_first' from command line to 'False'
[0.536s] Level 5:colcon.colcon_core.verb:set package 'mec_mobile_navigation' build argument 'cmake_force_configure' from command line to 'False'
[0.536s] Level 5:colcon.colcon_core.verb:set package 'mec_mobile_navigation' build argument 'ament_cmake_args' from command line to 'None'
[0.536s] Level 5:colcon.colcon_core.verb:set package 'mec_mobile_navigation' build argument 'catkin_cmake_args' from command line to 'None'
[0.536s] Level 5:colcon.colcon_core.verb:set package 'mec_mobile_navigation' build argument 'catkin_skip_building_tests' from command line to 'False'
[0.536s] DEBUG:colcon.colcon_core.verb:Building package 'mec_mobile_navigation' with the following arguments: {'ament_cmake_args': None, 'build_base': '/home/hiep0247/hiep_ros2/build/mec_mobile_navigation', 'catkin_cmake_args': None, 'catkin_skip_building_tests': False, 'cmake_args': None, 'cmake_clean_cache': False, 'cmake_clean_first': False, 'cmake_force_configure': False, 'cmake_target': None, 'cmake_target_skip_unavailable': False, 'install_base': '/home/hiep0247/hiep_ros2/install/mec_mobile_navigation', 'merge_install': False, 'path': '/home/hiep0247/hiep_ros2/src/mec_mobile_navigation', 'symlink_install': False, 'test_result_base': None}
[0.536s] Level 5:colcon.colcon_core.verb:set package 'sllidar_ros2' build argument 'cmake_args' from command line to 'None'
[0.536s] Level 5:colcon.colcon_core.verb:set package 'sllidar_ros2' build argument 'cmake_target' from command line to 'None'
[0.536s] Level 5:colcon.colcon_core.verb:set package 'sllidar_ros2' build argument 'cmake_target_skip_unavailable' from command line to 'False'
[0.536s] Level 5:colcon.colcon_core.verb:set package 'sllidar_ros2' build argument 'cmake_clean_cache' from command line to 'False'
[0.536s] Level 5:colcon.colcon_core.verb:set package 'sllidar_ros2' build argument 'cmake_clean_first' from command line to 'False'
[0.536s] Level 5:colcon.colcon_core.verb:set package 'sllidar_ros2' build argument 'cmake_force_configure' from command line to 'False'
[0.536s] Level 5:colcon.colcon_core.verb:set package 'sllidar_ros2' build argument 'ament_cmake_args' from command line to 'None'
[0.536s] Level 5:colcon.colcon_core.verb:set package 'sllidar_ros2' build argument 'catkin_cmake_args' from command line to 'None'
[0.536s] Level 5:colcon.colcon_core.verb:set package 'sllidar_ros2' build argument 'catkin_skip_building_tests' from command line to 'False'
[0.536s] DEBUG:colcon.colcon_core.verb:Building package 'sllidar_ros2' with the following arguments: {'ament_cmake_args': None, 'build_base': '/home/hiep0247/hiep_ros2/build/sllidar_ros2', 'catkin_cmake_args': None, 'catkin_skip_building_tests': False, 'cmake_args': None, 'cmake_clean_cache': False, 'cmake_clean_first': False, 'cmake_force_configure': False, 'cmake_target': None, 'cmake_target_skip_unavailable': False, 'install_base': '/home/hiep0247/hiep_ros2/install/sllidar_ros2', 'merge_install': False, 'path': '/home/hiep0247/hiep_ros2/src/sllidar_ros2', 'symlink_install': False, 'test_result_base': None}
[0.536s] Level 5:colcon.colcon_core.verb:set package 'mec_mobile' build argument 'cmake_args' from command line to 'None'
[0.536s] Level 5:colcon.colcon_core.verb:set package 'mec_mobile' build argument 'cmake_target' from command line to 'None'
[0.536s] Level 5:colcon.colcon_core.verb:set package 'mec_mobile' build argument 'cmake_target_skip_unavailable' from command line to 'False'
[0.536s] Level 5:colcon.colcon_core.verb:set package 'mec_mobile' build argument 'cmake_clean_cache' from command line to 'False'
[0.536s] Level 5:colcon.colcon_core.verb:set package 'mec_mobile' build argument 'cmake_clean_first' from command line to 'False'
[0.536s] Level 5:colcon.colcon_core.verb:set package 'mec_mobile' build argument 'cmake_force_configure' from command line to 'False'
[0.536s] Level 5:colcon.colcon_core.verb:set package 'mec_mobile' build argument 'ament_cmake_args' from command line to 'None'
[0.536s] Level 5:colcon.colcon_core.verb:set package 'mec_mobile' build argument 'catkin_cmake_args' from command line to 'None'
[0.536s] Level 5:colcon.colcon_core.verb:set package 'mec_mobile' build argument 'catkin_skip_building_tests' from command line to 'False'
[0.537s] DEBUG:colcon.colcon_core.verb:Building package 'mec_mobile' with the following arguments: {'ament_cmake_args': None, 'build_base': '/home/hiep0247/hiep_ros2/build/mec_mobile', 'catkin_cmake_args': None, 'catkin_skip_building_tests': False, 'cmake_args': None, 'cmake_clean_cache': False, 'cmake_clean_first': False, 'cmake_force_configure': False, 'cmake_target': None, 'cmake_target_skip_unavailable': False, 'install_base': '/home/hiep0247/hiep_ros2/install/mec_mobile', 'merge_install': False, 'path': '/home/hiep0247/hiep_ros2/src/mec_mobile', 'symlink_install': False, 'test_result_base': None}
[0.537s] INFO:colcon.colcon_core.executor:Executing jobs using 'parallel' executor
[0.537s] DEBUG:colcon.colcon_parallel_executor.executor.parallel:run_until_complete
[0.537s] INFO:colcon.colcon_ros.task.ament_cmake.build:Building ROS package in '/home/hiep0247/hiep_ros2/src/mec_mobile_description' with build type 'ament_cmake'
[0.538s] INFO:colcon.colcon_cmake.task.cmake.build:Building CMake package in '/home/hiep0247/hiep_ros2/src/mec_mobile_description'
[0.541s] INFO:colcon.colcon_core.plugin_system:Skipping extension 'colcon_core.shell.bat': Not used on non-Windows systems
[0.541s] INFO:colcon.colcon_core.shell:Skip shell extension 'powershell' for command environment: Not usable outside of PowerShell
[0.541s] DEBUG:colcon.colcon_core.shell:Skip shell extension 'dsv' for command environment
[0.544s] INFO:colcon.colcon_ros.task.ament_python.build:Building ROS package in '/home/hiep0247/hiep_ros2/src/agv_fleet' with build type 'ament_python'
[0.544s] Level 1:colcon.colcon_core.shell:create_environment_hook('agv_fleet', 'ament_prefix_path')
[0.544s] INFO:colcon.colcon_core.shell:Creating environment hook '/home/hiep0247/hiep_ros2/install/agv_fleet/share/agv_fleet/hook/ament_prefix_path.ps1'
[0.545s] INFO:colcon.colcon_core.shell:Creating environment descriptor '/home/hiep0247/hiep_ros2/install/agv_fleet/share/agv_fleet/hook/ament_prefix_path.dsv'
[0.545s] INFO:colcon.colcon_core.shell:Creating environment hook '/home/hiep0247/hiep_ros2/install/agv_fleet/share/agv_fleet/hook/ament_prefix_path.sh'
[0.545s] INFO:colcon.colcon_core.shell:Skip shell extension 'powershell' for command environment: Not usable outside of PowerShell
[0.545s] DEBUG:colcon.colcon_core.shell:Skip shell extension 'dsv' for command environment
[0.548s] INFO:colcon.colcon_ros.task.ament_python.build:Building ROS package in '/home/hiep0247/hiep_ros2/src/agv_hmi' with build type 'ament_python'
[0.548s] Level 1:colcon.colcon_core.shell:create_environment_hook('agv_hmi', 'ament_prefix_path')
[0.548s] INFO:colcon.colcon_core.shell:Creating environment hook '/home/hiep0247/hiep_ros2/install/agv_hmi/share/agv_hmi/hook/ament_prefix_path.ps1'
[0.548s] INFO:colcon.colcon_core.shell:Creating environment descriptor '/home/hiep0247/hiep_ros2/install/agv_hmi/share/agv_hmi/hook/ament_prefix_path.dsv'
[0.548s] INFO:colcon.colcon_core.shell:Creating environment hook '/home/hiep0247/hiep_ros2/install/agv_hmi/share/agv_hmi/hook/ament_prefix_path.sh'
[0.549s] INFO:colcon.colcon_core.shell:Skip shell extension 'powershell' for command environment: Not usable outside of PowerShell
[0.549s] DEBUG:colcon.colcon_core.shell:Skip shell extension 'dsv' for command environment
[0.551s] INFO:colcon.colcon_ros.task.ament_python.build:Building ROS package in '/home/hiep0247/hiep_ros2/src/hiep_robot2' with build type 'ament_python'
[0.551s] Level 1:colcon.colcon_core.shell:create_environment_hook('hiep_robot2', 'ament_prefix_path')
[0.551s] INFO:colcon.colcon_core.shell:Creating environment hook '/home/hiep0247/hiep_ros2/install/hiep_robot2/share/hiep_robot2/hook/ament_prefix_path.ps1'
[0.551s] INFO:colcon.colcon_core.shell:Creating environment descriptor '/home/hiep0247/hiep_ros2/install/hiep_robot2/share/hiep_robot2/hook/ament_prefix_path.dsv'
[0.552s] INFO:colcon.colcon_core.shell:Creating environment hook '/home/hiep0247/hiep_ros2/install/hiep_robot2/share/hiep_robot2/hook/ament_prefix_path.sh'
[0.552s] INFO:colcon.colcon_core.shell:Skip shell extension 'powershell' for command environment: Not usable outside of PowerShell
[0.552s] DEBUG:colcon.colcon_core.shell:Skip shell extension 'dsv' for command environment
[0.554s] INFO:colcon.colcon_ros.task.ament_cmake.build:Building ROS package in '/home/hiep0247/hiep_ros2/src/mec_mobile_description1' with build type 'ament_cmake'
[0.554s] INFO:colcon.colcon_cmake.task.cmake.build:Building CMake package in '/home/hiep0247/hiep_ros2/src/mec_mobile_description1'
[0.554s] INFO:colcon.colcon_core.shell:Skip shell extension 'powershell' for command environment: Not usable outside of PowerShell
[0.554s] DEBUG:colcon.colcon_core.shell:Skip shell extension 'dsv' for command environment
[0.556s] INFO:colcon.colcon_ros.task.ament_cmake.build:Building ROS package in '/home/hiep0247/hiep_ros2/src/mec_mobile_gazebo' with build type 'ament_cmake'
[0.556s] INFO:colcon.colcon_cmake.task.cmake.build:Building CMake package in '/home/hiep0247/hiep_ros2/src/mec_mobile_gazebo'
[0.557s] INFO:colcon.colcon_core.shell:Skip shell extension 'powershell' for command environment: Not usable outside of PowerShell
[0.557s] DEBUG:colcon.colcon_core.shell:Skip shell extension 'dsv' for command environment
[0.559s] INFO:colcon.colcon_ros.task.ament_cmake.build:Building ROS package in '/home/hiep0247/hiep_ros2/src/mec_mobile_navigation' with build type 'ament_cmake'
[0.559s] INFO:colcon.colcon_cmake.task.cmake.build:Building CMake package in '/home/hiep0247/hiep_ros2/src/mec_mobile_navigation'
[0.559s] INFO:colcon.colcon_core.shell:Skip shell extension 'powershell' for command environment: Not usable outside of PowerShell
[0.559s] DEBUG:colcon.colcon_core.shell:Skip shell extension 'dsv' for command environment
[0.561s] INFO:colcon.colcon_ros.task.ament_cmake.build:Building ROS package in '/home/hiep0247/hiep_ros2/src/sllidar_ros2' with build type 'ament_cmake'
[0.561s] INFO:colcon.colcon_cmake.task.cmake.build:Building CMake package in '/home/hiep0247/hiep_ros2/src/sllidar_ros2'
[0.561s] INFO:colcon.colcon_core.shell:Skip shell extension 'powershell' for command environment: Not usable outside of PowerShell
[0.562s] DEBUG:colcon.colcon_core.shell:Skip shell extension 'dsv' for command environment
[0.566s] DEBUG:colcon.colcon_core.event_handler.log_command:Invoking command in '/home/hiep0247/hiep_ros2/build/mec_mobile_description': CMAKE_PREFIX_PATH=${CMAKE_PREFIX_PATH}:/home/hiep0247/hiep_ros2/install/hiep_robot2:/home/hiep0247/hiep_ros2/install/agv_hmi:/home/hiep0247/hiep_ros2/install/agv_fleet:/opt/ros/jazzy DEBUGINFOD_URLS=https://debuginfod.ubuntu.com /usr/bin/cmake --build /home/hiep0247/hiep_ros2/build/mec_mobile_description -- -j12 -l12
[0.710s] INFO:colcon.colcon_core.task.python.build:Building Python package in '/home/hiep0247/hiep_ros2/src/agv_fleet'
[0.710s] INFO:colcon.colcon_core.shell:Skip shell extension 'powershell' for command environment: Not usable outside of PowerShell
[0.710s] DEBUG:colcon.colcon_core.shell:Skip shell extension 'dsv' for command environment
[0.847s] INFO:colcon.colcon_core.task.python.build:Building Python package in '/home/hiep0247/hiep_ros2/src/agv_hmi'
[0.847s] INFO:colcon.colcon_core.shell:Skip shell extension 'powershell' for command environment: Not usable outside of PowerShell
[0.847s] DEBUG:colcon.colcon_core.shell:Skip shell extension 'dsv' for command environment
[0.981s] INFO:colcon.colcon_core.task.python.build:Building Python package in '/home/hiep0247/hiep_ros2/src/hiep_robot2'
[0.981s] INFO:colcon.colcon_core.shell:Skip shell extension 'powershell' for command environment: Not usable outside of PowerShell
[0.981s] DEBUG:colcon.colcon_core.shell:Skip shell extension 'dsv' for command environment
[0.986s] DEBUG:colcon.colcon_core.event_handler.log_command:Invoking command in '/home/hiep0247/hiep_ros2/build/mec_mobile_description1': CMAKE_PREFIX_PATH=${CMAKE_PREFIX_PATH}:/home/hiep0247/hiep_ros2/install/hiep_robot2:/home/hiep0247/hiep_ros2/install/agv_hmi:/home/hiep0247/hiep_ros2/install/agv_fleet:/opt/ros/jazzy DEBUGINFOD_URLS=https://debuginfod.ubuntu.com /usr/bin/cmake --build /home/hiep0247/hiep_ros2/build/mec_mobile_description1 -- -j12 -l12
[0.987s] DEBUG:colcon.colcon_core.event_handler.log_command:Invoking command in '/home/hiep0247/hiep_ros2/build/mec_mobile_gazebo': CMAKE_PREFIX_PATH=${CMAKE_PREFIX_PATH}:/home/hiep0247/hiep_ros2/install/hiep_robot2:/home/hiep0247/hiep_ros2/install/agv_hmi:/home/hiep0247/hiep_ros2/install/agv_fleet:/opt/ros/jazzy DEBUGINFOD_URLS=https://debuginfod.ubuntu.com /usr/bin/cmake --build /home/hiep0247/hiep_ros2/build/mec_mobile_gazebo -- -j12 -l12
[0.988s] DEBUG:colcon.colcon_core.event_handler.log_command:Invoking command in '/home/hiep0247/hiep_ros2/build/mec_mobile_navigation': CMAKE_PREFIX_PATH=${CMAKE_PREFIX_PATH}:/home/hiep0247/hiep_ros2/install/hiep_robot2:/home/hiep0247/hiep_ros2/install/agv_hmi:/home/hiep0247/hiep_ros2/install/agv_fleet:/opt/ros/jazzy DEBUGINFOD_URLS=https://debuginfod.ubuntu.com /usr/bin/cmake --build /home/hiep0247/hiep_ros2/build/mec_mobile_navigation -- -j12 -l12
[0.990s] DEBUG:colcon.colcon_core.event_handler.log_command:Invoking command in '/home/hiep0247/hiep_ros2/build/sllidar_ros2': CMAKE_PREFIX_PATH=${CMAKE_PREFIX_PATH}:/home/hiep0247/hiep_ros2/install/hiep_robot2:/home/hiep0247/hiep_ros2/install/agv_hmi:/home/hiep0247/hiep_ros2/install/agv_fleet:/opt/ros/jazzy DEBUGINFOD_URLS=https://debuginfod.ubuntu.com /usr/bin/cmake --build /home/hiep0247/hiep_ros2/build/sllidar_ros2 -- -j12 -l12
[1.003s] DEBUG:colcon.colcon_core.event_handler.log_command:Invoked command in '/home/hiep0247/hiep_ros2/build/mec_mobile_description' returned '0': CMAKE_PREFIX_PATH=${CMAKE_PREFIX_PATH}:/home/hiep0247/hiep_ros2/install/hiep_robot2:/home/hiep0247/hiep_ros2/install/agv_hmi:/home/hiep0247/hiep_ros2/install/agv_fleet:/opt/ros/jazzy DEBUGINFOD_URLS=https://debuginfod.ubuntu.com /usr/bin/cmake --build /home/hiep0247/hiep_ros2/build/mec_mobile_description -- -j12 -l12
[1.016s] DEBUG:colcon.colcon_core.event_handler.log_command:Invoking command in '/home/hiep0247/hiep_ros2/build/mec_mobile_description': CMAKE_PREFIX_PATH=${CMAKE_PREFIX_PATH}:/home/hiep0247/hiep_ros2/install/hiep_robot2:/home/hiep0247/hiep_ros2/install/agv_hmi:/home/hiep0247/hiep_ros2/install/agv_fleet:/opt/ros/jazzy DEBUGINFOD_URLS=https://debuginfod.ubuntu.com /usr/bin/cmake --install /home/hiep0247/hiep_ros2/build/mec_mobile_description
[1.037s] DEBUG:colcon.colcon_core.event_handler.log_command:Invoked command in '/home/hiep0247/hiep_ros2/build/mec_mobile_description1' returned '0': CMAKE_PREFIX_PATH=${CMAKE_PREFIX_PATH}:/home/hiep0247/hiep_ros2/install/hiep_robot2:/home/hiep0247/hiep_ros2/install/agv_hmi:/home/hiep0247/hiep_ros2/install/agv_fleet:/opt/ros/jazzy DEBUGINFOD_URLS=https://debuginfod.ubuntu.com /usr/bin/cmake --build /home/hiep0247/hiep_ros2/build/mec_mobile_description1 -- -j12 -l12
[1.039s] DEBUG:colcon.colcon_core.event_handler.log_command:Invoking command in '/home/hiep0247/hiep_ros2/build/mec_mobile_description1': CMAKE_PREFIX_PATH=${CMAKE_PREFIX_PATH}:/home/hiep0247/hiep_ros2/install/hiep_robot2:/home/hiep0247/hiep_ros2/install/agv_hmi:/home/hiep0247/hiep_ros2/install/agv_fleet:/opt/ros/jazzy DEBUGINFOD_URLS=https://debuginfod.ubuntu.com /usr/bin/cmake --install /home/hiep0247/hiep_ros2/build/mec_mobile_description1
[1.041s] Level 1:colcon.colcon_core.environment:create_environment_scripts_only(mec_mobile_description)
[1.041s] DEBUG:colcon.colcon_core.event_handler.log_command:Invoked command in '/home/hiep0247/hiep_ros2/build/mec_mobile_description' returned '0': CMAKE_PREFIX_PATH=${CMAKE_PREFIX_PATH}:/home/hiep0247/hiep_ros2/install/hiep_robot2:/home/hiep0247/hiep_ros2/install/agv_hmi:/home/hiep0247/hiep_ros2/install/agv_fleet:/opt/ros/jazzy DEBUGINFOD_URLS=https://debuginfod.ubuntu.com /usr/bin/cmake --install /home/hiep0247/hiep_ros2/build/mec_mobile_description
[1.050s] Level 1:colcon.colcon_core.environment:checking '/home/hiep0247/hiep_ros2/install/mec_mobile_description' for CMake module files
[1.051s] Level 1:colcon.colcon_core.environment:checking '/home/hiep0247/hiep_ros2/install/mec_mobile_description' for CMake config files
[1.051s] Level 1:colcon.colcon_core.shell:create_environment_hook('mec_mobile_description', 'cmake_prefix_path')
[1.051s] INFO:colcon.colcon_core.shell:Creating environment hook '/home/hiep0247/hiep_ros2/install/mec_mobile_description/share/mec_mobile_description/hook/cmake_prefix_path.ps1'
[1.052s] INFO:colcon.colcon_core.shell:Creating environment descriptor '/home/hiep0247/hiep_ros2/install/mec_mobile_description/share/mec_mobile_description/hook/cmake_prefix_path.dsv'
[1.052s] INFO:colcon.colcon_core.shell:Creating environment hook '/home/hiep0247/hiep_ros2/install/mec_mobile_description/share/mec_mobile_description/hook/cmake_prefix_path.sh'
[1.052s] Level 1:colcon.colcon_core.environment:checking '/home/hiep0247/hiep_ros2/install/mec_mobile_description/bin'
[1.052s] Level 1:colcon.colcon_core.environment:checking '/home/hiep0247/hiep_ros2/install/mec_mobile_description/lib/pkgconfig/mec_mobile_description.pc'
[1.053s] Level 1:colcon.colcon_core.environment:checking '/home/hiep0247/hiep_ros2/install/mec_mobile_description/lib/python3.12/site-packages'
[1.053s] Level 1:colcon.colcon_core.environment:checking '/home/hiep0247/hiep_ros2/install/mec_mobile_description/bin'
[1.053s] INFO:colcon.colcon_core.shell:Creating package script '/home/hiep0247/hiep_ros2/install/mec_mobile_description/share/mec_mobile_description/package.ps1'
[1.057s] INFO:colcon.colcon_core.shell:Creating package descriptor '/home/hiep0247/hiep_ros2/install/mec_mobile_description/share/mec_mobile_description/package.dsv'
[1.058s] INFO:colcon.colcon_core.shell:Creating package script '/home/hiep0247/hiep_ros2/install/mec_mobile_description/share/mec_mobile_description/package.sh'
[1.058s] INFO:colcon.colcon_core.shell:Creating package script '/home/hiep0247/hiep_ros2/install/mec_mobile_description/share/mec_mobile_description/package.bash'
[1.059s] INFO:colcon.colcon_core.shell:Creating package script '/home/hiep0247/hiep_ros2/install/mec_mobile_description/share/mec_mobile_description/package.zsh'
[1.060s] Level 1:colcon.colcon_core.environment:create_file_with_runtime_dependencies(/home/hiep0247/hiep_ros2/install/mec_mobile_description/share/colcon-core/packages/mec_mobile_description)
[1.061s] Level 1:colcon.colcon_core.environment:create_environment_scripts_only(mec_mobile_description)
[1.061s] Level 1:colcon.colcon_core.environment:checking '/home/hiep0247/hiep_ros2/install/mec_mobile_description' for CMake module files
[1.062s] Level 1:colcon.colcon_core.environment:checking '/home/hiep0247/hiep_ros2/install/mec_mobile_description' for CMake config files
[1.062s] Level 1:colcon.colcon_core.shell:create_environment_hook('mec_mobile_description', 'cmake_prefix_path')
[1.062s] INFO:colcon.colcon_core.shell:Creating environment hook '/home/hiep0247/hiep_ros2/install/mec_mobile_description/share/mec_mobile_description/hook/cmake_prefix_path.ps1'
[1.062s] INFO:colcon.colcon_core.shell:Creating environment descriptor '/home/hiep0247/hiep_ros2/install/mec_mobile_description/share/mec_mobile_description/hook/cmake_prefix_path.dsv'
[1.063s] INFO:colcon.colcon_core.shell:Creating environment hook '/home/hiep0247/hiep_ros2/install/mec_mobile_description/share/mec_mobile_description/hook/cmake_prefix_path.sh'
[1.063s] Level 1:colcon.colcon_core.environment:checking '/home/hiep0247/hiep_ros2/install/mec_mobile_description/bin'
[1.063s] Level 1:colcon.colcon_core.environment:checking '/home/hiep0247/hiep_ros2/install/mec_mobile_description/lib/pkgconfig/mec_mobile_description.pc'
[1.064s] Level 1:colcon.colcon_core.environment:checking '/home/hiep0247/hiep_ros2/install/mec_mobile_description/lib/python3.12/site-packages'
[1.064s] Level 1:colcon.colcon_core.environment:checking '/home/hiep0247/hiep_ros2/install/mec_mobile_description/bin'
[1.064s] INFO:colcon.colcon_core.shell:Creating package script '/home/hiep0247/hiep_ros2/install/mec_mobile_description/share/mec_mobile_description/package.ps1'
[1.065s] INFO:colcon.colcon_core.shell:Creating package descriptor '/home/hiep0247/hiep_ros2/install/mec_mobile_description/share/mec_mobile_description/package.dsv'
[1.065s] INFO:colcon.colcon_core.shell:Creating package script '/home/hiep0247/hiep_ros2/install/mec_mobile_description/share/mec_mobile_description/package.sh'
[1.065s] INFO:colcon.colcon_core.shell:Creating package script '/home/hiep0247/hiep_ros2/install/mec_mobile_description/share/mec_mobile_description/package.bash'
[1.066s] INFO:colcon.colcon_core.shell:Creating package script '/home/hiep0247/hiep_ros2/install/mec_mobile_description/share/mec_mobile_description/package.zsh'
[1.066s] Level 1:colcon.colcon_core.environment:create_file_with_runtime_dependencies(/home/hiep0247/hiep_ros2/install/mec_mobile_description/share/colcon-core/packages/mec_mobile_description)
[1.066s] INFO:colcon.colcon_ros.task.ament_cmake.build:Building ROS package in '/home/hiep0247/hiep_ros2/src/mec_mobile' with build type 'ament_cmake'
[1.066s] INFO:colcon.colcon_cmake.task.cmake.build:Building CMake package in '/home/hiep0247/hiep_ros2/src/mec_mobile'
[1.067s] INFO:colcon.colcon_core.shell:Skip shell extension 'powershell' for command environment: Not usable outside of PowerShell
[1.067s] DEBUG:colcon.colcon_core.shell:Skip shell extension 'dsv' for command environment
[1.072s] Level 1:colcon.colcon_core.environment:create_environment_scripts_only(mec_mobile_description1)
[1.072s] Level 1:colcon.colcon_core.environment:checking '/home/hiep0247/hiep_ros2/install/mec_mobile_description1' for CMake module files
[1.073s] DEBUG:colcon.colcon_core.event_handler.log_command:Invoked command in '/home/hiep0247/hiep_ros2/build/mec_mobile_description1' returned '0': CMAKE_PREFIX_PATH=${CMAKE_PREFIX_PATH}:/home/hiep0247/hiep_ros2/install/hiep_robot2:/home/hiep0247/hiep_ros2/install/agv_hmi:/home/hiep0247/hiep_ros2/install/agv_fleet:/opt/ros/jazzy DEBUGINFOD_URLS=https://debuginfod.ubuntu.com /usr/bin/cmake --install /home/hiep0247/hiep_ros2/build/mec_mobile_description1
[1.073s] Level 1:colcon.colcon_core.environment:checking '/home/hiep0247/hiep_ros2/install/mec_mobile_description1' for CMake config files
[1.073s] Level 1:colcon.colcon_core.shell:create_environment_hook('mec_mobile_description1', 'cmake_prefix_path')
[1.074s] INFO:colcon.colcon_core.shell:Creating environment hook '/home/hiep0247/hiep_ros2/install/mec_mobile_description1/share/mec_mobile_description1/hook/cmake_prefix_path.ps1'
[1.074s] INFO:colcon.colcon_core.shell:Creating environment descriptor '/home/hiep0247/hiep_ros2/install/mec_mobile_description1/share/mec_mobile_description1/hook/cmake_prefix_path.dsv'
[1.074s] INFO:colcon.colcon_core.shell:Creating environment hook '/home/hiep0247/hiep_ros2/install/mec_mobile_description1/share/mec_mobile_description1/hook/cmake_prefix_path.sh'
[1.075s] Level 1:colcon.colcon_core.environment:checking '/home/hiep0247/hiep_ros2/install/mec_mobile_description1/bin'
[1.075s] Level 1:colcon.colcon_core.environment:checking '/home/hiep0247/hiep_ros2/install/mec_mobile_description1/lib/pkgconfig/mec_mobile_description1.pc'
[1.075s] Level 1:colcon.colcon_core.environment:checking '/home/hiep0247/hiep_ros2/install/mec_mobile_description1/lib/python3.12/site-packages'
[1.075s] Level 1:colcon.colcon_core.environment:checking '/home/hiep0247/hiep_ros2/install/mec_mobile_description1/bin'
[1.076s] INFO:colcon.colcon_core.shell:Creating package script '/home/hiep0247/hiep_ros2/install/mec_mobile_description1/share/mec_mobile_description1/package.ps1'
[1.076s] INFO:colcon.colcon_core.shell:Creating package descriptor '/home/hiep0247/hiep_ros2/install/mec_mobile_description1/share/mec_mobile_description1/package.dsv'
[1.077s] INFO:colcon.colcon_core.shell:Creating package script '/home/hiep0247/hiep_ros2/install/mec_mobile_description1/share/mec_mobile_description1/package.sh'
[1.077s] INFO:colcon.colcon_core.shell:Creating package script '/home/hiep0247/hiep_ros2/install/mec_mobile_description1/share/mec_mobile_description1/package.bash'
[1.077s] INFO:colcon.colcon_core.shell:Creating package script '/home/hiep0247/hiep_ros2/install/mec_mobile_description1/share/mec_mobile_description1/package.zsh'
[1.077s] Level 1:colcon.colcon_core.environment:create_file_with_runtime_dependencies(/home/hiep0247/hiep_ros2/install/mec_mobile_description1/share/colcon-core/packages/mec_mobile_description1)
[1.078s] Level 1:colcon.colcon_core.environment:create_environment_scripts_only(mec_mobile_description1)
[1.078s] Level 1:colcon.colcon_core.environment:checking '/home/hiep0247/hiep_ros2/install/mec_mobile_description1' for CMake module files
[1.078s] Level 1:colcon.colcon_core.environment:checking '/home/hiep0247/hiep_ros2/install/mec_mobile_description1' for CMake config files
[1.079s] Level 1:colcon.colcon_core.shell:create_environment_hook('mec_mobile_description1', 'cmake_prefix_path')
[1.079s] INFO:colcon.colcon_core.shell:Creating environment hook '/home/hiep0247/hiep_ros2/install/mec_mobile_description1/share/mec_mobile_description1/hook/cmake_prefix_path.ps1'
[1.079s] INFO:colcon.colcon_core.shell:Creating environment descriptor '/home/hiep0247/hiep_ros2/install/mec_mobile_description1/share/mec_mobile_description1/hook/cmake_prefix_path.dsv'
[1.080s] INFO:colcon.colcon_core.shell:Creating environment hook '/home/hiep0247/hiep_ros2/install/mec_mobile_description1/share/mec_mobile_description1/hook/cmake_prefix_path.sh'
[1.080s] Level 1:colcon.colcon_core.environment:checking '/home/hiep0247/hiep_ros2/install/mec_mobile_description1/bin'
[1.080s] Level 1:colcon.colcon_core.environment:checking '/home/hiep0247/hiep_ros2/install/mec_mobile_description1/lib/pkgconfig/mec_mobile_description1.pc'
[1.080s] Level 1:colcon.colcon_core.environment:checking '/home/hiep0247/hiep_ros2/install/mec_mobile_description1/lib/python3.12/site-packages'
[1.081s] Level 1:colcon.colcon_core.environment:checking '/home/hiep0247/hiep_ros2/install/mec_mobile_description1/bin'
[1.081s] INFO:colcon.colcon_core.shell:Creating package script '/home/hiep0247/hiep_ros2/install/mec_mobile_description1/share/mec_mobile_description1/package.ps1'
[1.081s] INFO:colcon.colcon_core.shell:Creating package descriptor '/home/hiep0247/hiep_ros2/install/mec_mobile_description1/share/mec_mobile_description1/package.dsv'
[1.082s] INFO:colcon.colcon_core.shell:Creating package script '/home/hiep0247/hiep_ros2/install/mec_mobile_description1/share/mec_mobile_description1/package.sh'
[1.082s] INFO:colcon.colcon_core.shell:Creating package script '/home/hiep0247/hiep_ros2/install/mec_mobile_description1/share/mec_mobile_description1/package.bash'
[1.083s] INFO:colcon.colcon_core.shell:Creating package script '/home/hiep0247/hiep_ros2/install/mec_mobile_description1/share/mec_mobile_description1/package.zsh'
[1.083s] Level 1:colcon.colcon_core.environment:create_file_with_runtime_dependencies(/home/hiep0247/hiep_ros2/install/mec_mobile_description1/share/colcon-core/packages/mec_mobile_description1)
[1.085s] DEBUG:colcon.colcon_core.event_handler.log_command:Invoking command in '/home/hiep0247/hiep_ros2/build/mec_mobile': CMAKE_PREFIX_PATH=/home/hiep0247/hiep_ros2/install/mec_mobile_description:/home/hiep0247/hiep_ros2/install/sllidar_ros2:/home/hiep0247/hiep_ros2/install/mec_mobile_navigation:/home/hiep0247/hiep_ros2/install/mec_mobile_gazebo:/home/hiep0247/hiep_ros2/install/mec_mobile_description1:/home/hiep0247/hiep_ros2/install/mec_mobile:/home/hiep0247/ros2_ws/install/sllidar_ros2:/opt/ros/jazzy/opt/gz_sim_vendor:/opt/ros/jazzy/opt/gz_sensors_vendor:/opt/ros/jazzy/opt/gz_physics_vendor:/opt/ros/jazzy/opt/sdformat_vendor:/opt/ros/jazzy/opt/gz_gui_vendor:/opt/ros/jazzy/opt/gz_transport_vendor:/opt/ros/jazzy/opt/gz_rendering_vendor:/opt/ros/jazzy/opt/gz_plugin_vendor:/opt/ros/jazzy/opt/gz_fuel_tools_vendor:/opt/ros/jazzy/opt/gz_msgs_vendor:/opt/ros/jazzy/opt/gz_common_vendor:/opt/ros/jazzy/opt/gz_math_vendor:/opt/ros/jazzy/opt/gz_utils_vendor:/opt/ros/jazzy/opt/gz_tools_vendor:/opt/ros/jazzy/opt/gz_ogre_next_vendor:/opt/ros/jazzy/opt/gz_dartsim_vendor:/opt/ros/jazzy/opt/gz_cmake_vendor:/home/hiep0247/hiep_ros2/install/hiep_robot2:/home/hiep0247/hiep_ros2/install/agv_hmi:/home/hiep0247/hiep_ros2/install/agv_fleet:/opt/ros/jazzy DEBUGINFOD_URLS=https://debuginfod.ubuntu.com /usr/bin/cmake --build /home/hiep0247/hiep_ros2/build/mec_mobile -- -j12 -l12
[1.086s] DEBUG:colcon.colcon_core.event_handler.log_command:Invoked command in '/home/hiep0247/hiep_ros2/build/mec_mobile_gazebo' returned '0': CMAKE_PREFIX_PATH=${CMAKE_PREFIX_PATH}:/home/hiep0247/hiep_ros2/install/hiep_robot2:/home/hiep0247/hiep_ros2/install/agv_hmi:/home/hiep0247/hiep_ros2/install/agv_fleet:/opt/ros/jazzy DEBUGINFOD_URLS=https://debuginfod.ubuntu.com /usr/bin/cmake --build /home/hiep0247/hiep_ros2/build/mec_mobile_gazebo -- -j12 -l12
[1.087s] DEBUG:colcon.colcon_core.event_handler.log_command:Invoking command in '/home/hiep0247/hiep_ros2/build/mec_mobile_gazebo': CMAKE_PREFIX_PATH=${CMAKE_PREFIX_PATH}:/home/hiep0247/hiep_ros2/install/hiep_robot2:/home/hiep0247/hiep_ros2/install/agv_hmi:/home/hiep0247/hiep_ros2/install/agv_fleet:/opt/ros/jazzy DEBUGINFOD_URLS=https://debuginfod.ubuntu.com /usr/bin/cmake --install /home/hiep0247/hiep_ros2/build/mec_mobile_gazebo
[1.097s] Level 1:colcon.colcon_core.environment:create_environment_scripts_only(mec_mobile_gazebo)
[1.097s] Level 1:colcon.colcon_core.environment:checking '/home/hiep0247/hiep_ros2/install/mec_mobile_gazebo' for CMake module files
[1.097s] DEBUG:colcon.colcon_core.event_handler.log_command:Invoked command in '/home/hiep0247/hiep_ros2/build/mec_mobile_gazebo' returned '0': CMAKE_PREFIX_PATH=${CMAKE_PREFIX_PATH}:/home/hiep0247/hiep_ros2/install/hiep_robot2:/home/hiep0247/hiep_ros2/install/agv_hmi:/home/hiep0247/hiep_ros2/install/agv_fleet:/opt/ros/jazzy DEBUGINFOD_URLS=https://debuginfod.ubuntu.com /usr/bin/cmake --install /home/hiep0247/hiep_ros2/build/mec_mobile_gazebo
[1.097s] Level 1:colcon.colcon_core.environment:checking '/home/hiep0247/hiep_ros2/install/mec_mobile_gazebo' for CMake config files
[1.098s] Level 1:colcon.colcon_core.shell:create_environment_hook('mec_mobile_gazebo', 'cmake_prefix_path')
[1.098s] INFO:colcon.colcon_core.shell:Creating environment hook '/home/hiep0247/hiep_ros2/install/mec_mobile_gazebo/share/mec_mobile_gazebo/hook/cmake_prefix_path.ps1'
[1.098s] INFO:colcon.colcon_core.shell:Creating environment descriptor '/home/hiep0247/hiep_ros2/install/mec_mobile_gazebo/share/mec_mobile_gazebo/hook/cmake_prefix_path.dsv'
[1.098s] INFO:colcon.colcon_core.shell:Creating environment hook '/home/hiep0247/hiep_ros2/install/mec_mobile_gazebo/share/mec_mobile_gazebo/hook/cmake_prefix_path.sh'
[1.099s] Level 1:colcon.colcon_core.environment:checking '/home/hiep0247/hiep_ros2/install/mec_mobile_gazebo/bin'
[1.099s] Level 1:colcon.colcon_core.environment:checking '/home/hiep0247/hiep_ros2/install/mec_mobile_gazebo/lib/pkgconfig/mec_mobile_gazebo.pc'
[1.099s] Level 1:colcon.colcon_core.environment:checking '/home/hiep0247/hiep_ros2/install/mec_mobile_gazebo/lib/python3.12/site-packages'
[1.099s] Level 1:colcon.colcon_core.environment:checking '/home/hiep0247/hiep_ros2/install/mec_mobile_gazebo/bin'
[1.099s] INFO:colcon.colcon_core.shell:Creating package script '/home/hiep0247/hiep_ros2/install/mec_mobile_gazebo/share/mec_mobile_gazebo/package.ps1'
[1.100s] INFO:colcon.colcon_core.shell:Creating package descriptor '/home/hiep0247/hiep_ros2/install/mec_mobile_gazebo/share/mec_mobile_gazebo/package.dsv'
[1.100s] INFO:colcon.colcon_core.shell:Creating package script '/home/hiep0247/hiep_ros2/install/mec_mobile_gazebo/share/mec_mobile_gazebo/package.sh'
[1.100s] INFO:colcon.colcon_core.shell:Creating package script '/home/hiep0247/hiep_ros2/install/mec_mobile_gazebo/share/mec_mobile_gazebo/package.bash'
[1.100s] INFO:colcon.colcon_core.shell:Creating package script '/home/hiep0247/hiep_ros2/install/mec_mobile_gazebo/share/mec_mobile_gazebo/package.zsh'
[1.101s] Level 1:colcon.colcon_core.environment:create_file_with_runtime_dependencies(/home/hiep0247/hiep_ros2/install/mec_mobile_gazebo/share/colcon-core/packages/mec_mobile_gazebo)
[1.101s] Level 1:colcon.colcon_core.environment:create_environment_scripts_only(mec_mobile_gazebo)
[1.101s] Level 1:colcon.colcon_core.environment:checking '/home/hiep0247/hiep_ros2/install/mec_mobile_gazebo' for CMake module files
[1.101s] Level 1:colcon.colcon_core.environment:checking '/home/hiep0247/hiep_ros2/install/mec_mobile_gazebo' for CMake config files
[1.101s] Level 1:colcon.colcon_core.shell:create_environment_hook('mec_mobile_gazebo', 'cmake_prefix_path')
[1.101s] INFO:colcon.colcon_core.shell:Creating environment hook '/home/hiep0247/hiep_ros2/install/mec_mobile_gazebo/share/mec_mobile_gazebo/hook/cmake_prefix_path.ps1'
[1.104s] INFO:colcon.colcon_core.shell:Creating environment descriptor '/home/hiep0247/hiep_ros2/install/mec_mobile_gazebo/share/mec_mobile_gazebo/hook/cmake_prefix_path.dsv'
[1.104s] INFO:colcon.colcon_core.shell:Creating environment hook '/home/hiep0247/hiep_ros2/install/mec_mobile_gazebo/share/mec_mobile_gazebo/hook/cmake_prefix_path.sh'
[1.105s] Level 1:colcon.colcon_core.environment:checking '/home/hiep0247/hiep_ros2/install/mec_mobile_gazebo/bin'
[1.105s] Level 1:colcon.colcon_core.environment:checking '/home/hiep0247/hiep_ros2/install/mec_mobile_gazebo/lib/pkgconfig/mec_mobile_gazebo.pc'
[1.105s] Level 1:colcon.colcon_core.environment:checking '/home/hiep0247/hiep_ros2/install/mec_mobile_gazebo/lib/python3.12/site-packages'
[1.105s] Level 1:colcon.colcon_core.environment:checking '/home/hiep0247/hiep_ros2/install/mec_mobile_gazebo/bin'
[1.105s] INFO:colcon.colcon_core.shell:Creating package script '/home/hiep0247/hiep_ros2/install/mec_mobile_gazebo/share/mec_mobile_gazebo/package.ps1'
[1.105s] INFO:colcon.colcon_core.shell:Creating package descriptor '/home/hiep0247/hiep_ros2/install/mec_mobile_gazebo/share/mec_mobile_gazebo/package.dsv'
[1.106s] INFO:colcon.colcon_core.shell:Creating package script '/home/hiep0247/hiep_ros2/install/mec_mobile_gazebo/share/mec_mobile_gazebo/package.sh'
[1.106s] INFO:colcon.colcon_core.shell:Creating package script '/home/hiep0247/hiep_ros2/install/mec_mobile_gazebo/share/mec_mobile_gazebo/package.bash'
[1.106s] INFO:colcon.colcon_core.shell:Creating package script '/home/hiep0247/hiep_ros2/install/mec_mobile_gazebo/share/mec_mobile_gazebo/package.zsh'
[1.106s] Level 1:colcon.colcon_core.environment:create_file_with_runtime_dependencies(/home/hiep0247/hiep_ros2/install/mec_mobile_gazebo/share/colcon-core/packages/mec_mobile_gazebo)
[1.119s] DEBUG:colcon.colcon_core.event_handler.log_command:Invoked command in '/home/hiep0247/hiep_ros2/build/mec_mobile' returned '0': CMAKE_PREFIX_PATH=/home/hiep0247/hiep_ros2/install/mec_mobile_description:/home/hiep0247/hiep_ros2/install/sllidar_ros2:/home/hiep0247/hiep_ros2/install/mec_mobile_navigation:/home/hiep0247/hiep_ros2/install/mec_mobile_gazebo:/home/hiep0247/hiep_ros2/install/mec_mobile_description1:/home/hiep0247/hiep_ros2/install/mec_mobile:/home/hiep0247/ros2_ws/install/sllidar_ros2:/opt/ros/jazzy/opt/gz_sim_vendor:/opt/ros/jazzy/opt/gz_sensors_vendor:/opt/ros/jazzy/opt/gz_physics_vendor:/opt/ros/jazzy/opt/sdformat_vendor:/opt/ros/jazzy/opt/gz_gui_vendor:/opt/ros/jazzy/opt/gz_transport_vendor:/opt/ros/jazzy/opt/gz_rendering_vendor:/opt/ros/jazzy/opt/gz_plugin_vendor:/opt/ros/jazzy/opt/gz_fuel_tools_vendor:/opt/ros/jazzy/opt/gz_msgs_vendor:/opt/ros/jazzy/opt/gz_common_vendor:/opt/ros/jazzy/opt/gz_math_vendor:/opt/ros/jazzy/opt/gz_utils_vendor:/opt/ros/jazzy/opt/gz_tools_vendor:/opt/ros/jazzy/opt/gz_ogre_next_vendor:/opt/ros/jazzy/opt/gz_dartsim_vendor:/opt/ros/jazzy/opt/gz_cmake_vendor:/home/hiep0247/hiep_ros2/install/hiep_robot2:/home/hiep0247/hiep_ros2/install/agv_hmi:/home/hiep0247/hiep_ros2/install/agv_fleet:/opt/ros/jazzy DEBUGINFOD_URLS=https://debuginfod.ubuntu.com /usr/bin/cmake --build /home/hiep0247/hiep_ros2/build/mec_mobile -- -j12 -l12
[1.121s] DEBUG:colcon.colcon_core.event_handler.log_command:Invoking command in '/home/hiep0247/hiep_ros2/build/mec_mobile': CMAKE_PREFIX_PATH=/home/hiep0247/hiep_ros2/install/mec_mobile_description:/home/hiep0247/hiep_ros2/install/sllidar_ros2:/home/hiep0247/hiep_ros2/install/mec_mobile_navigation:/home/hiep0247/hiep_ros2/install/mec_mobile_gazebo:/home/hiep0247/hiep_ros2/install/mec_mobile_description1:/home/hiep0247/hiep_ros2/install/mec_mobile:/home/hiep0247/ros2_ws/install/sllidar_ros2:/opt/ros/jazzy/opt/gz_sim_vendor:/opt/ros/jazzy/opt/gz_sensors_vendor:/opt/ros/jazzy/opt/gz_physics_vendor:/opt/ros/jazzy/opt/sdformat_vendor:/opt/ros/jazzy/opt/gz_gui_vendor:/opt/ros/jazzy/opt/gz_transport_vendor:/opt/ros/jazzy/opt/gz_rendering_vendor:/opt/ros/jazzy/opt/gz_plugin_vendor:/opt/ros/jazzy/opt/gz_fuel_tools_vendor:/opt/ros/jazzy/opt/gz_msgs_vendor:/opt/ros/jazzy/opt/gz_common_vendor:/opt/ros/jazzy/opt/gz_math_vendor:/opt/ros/jazzy/opt/gz_utils_vendor:/opt/ros/jazzy/opt/gz_tools_vendor:/opt/ros/jazzy/opt/gz_ogre_next_vendor:/opt/ros/jazzy/opt/gz_dartsim_vendor:/opt/ros/jazzy/opt/gz_cmake_vendor:/home/hiep0247/hiep_ros2/install/hiep_robot2:/home/hiep0247/hiep_ros2/install/agv_hmi:/home/hiep0247/hiep_ros2/install/agv_fleet:/opt/ros/jazzy DEBUGINFOD_URLS=https://debuginfod.ubuntu.com /usr/bin/cmake --install /home/hiep0247/hiep_ros2/build/mec_mobile
[1.131s] Level 1:colcon.colcon_core.environment:create_environment_scripts_only(mec_mobile)
[1.131s] Level 1:colcon.colcon_core.environment:checking '/home/hiep0247/hiep_ros2/install/mec_mobile' for CMake module files
[1.132s] DEBUG:colcon.colcon_core.event_handler.log_command:Invoked command in '/home/hiep0247/hiep_ros2/build/mec_mobile' returned '0': CMAKE_PREFIX_PATH=/home/hiep0247/hiep_ros2/install/mec_mobile_description:/home/hiep0247/hiep_ros2/install/sllidar_ros2:/home/hiep0247/hiep_ros2/install/mec_mobile_navigation:/home/hiep0247/hiep_ros2/install/mec_mobile_gazebo:/home/hiep0247/hiep_ros2/install/mec_mobile_description1:/home/hiep0247/hiep_ros2/install/mec_mobile:/home/hiep0247/ros2_ws/install/sllidar_ros2:/opt/ros/jazzy/opt/gz_sim_vendor:/opt/ros/jazzy/opt/gz_sensors_vendor:/opt/ros/jazzy/opt/gz_physics_vendor:/opt/ros/jazzy/opt/sdformat_vendor:/opt/ros/jazzy/opt/gz_gui_vendor:/opt/ros/jazzy/opt/gz_transport_vendor:/opt/ros/jazzy/opt/gz_rendering_vendor:/opt/ros/jazzy/opt/gz_plugin_vendor:/opt/ros/jazzy/opt/gz_fuel_tools_vendor:/opt/ros/jazzy/opt/gz_msgs_vendor:/opt/ros/jazzy/opt/gz_common_vendor:/opt/ros/jazzy/opt/gz_math_vendor:/opt/ros/jazzy/opt/gz_utils_vendor:/opt/ros/jazzy/opt/gz_tools_vendor:/opt/ros/jazzy/opt/gz_ogre_next_vendor:/opt/ros/jazzy/opt/gz_dartsim_vendor:/opt/ros/jazzy/opt/gz_cmake_vendor:/home/hiep0247/hiep_ros2/install/hiep_robot2:/home/hiep0247/hiep_ros2/install/agv_hmi:/home/hiep0247/hiep_ros2/install/agv_fleet:/opt/ros/jazzy DEBUGINFOD_URLS=https://debuginfod.ubuntu.com /usr/bin/cmake --install /home/hiep0247/hiep_ros2/build/mec_mobile
[1.132s] Level 1:colcon.colcon_core.environment:checking '/home/hiep0247/hiep_ros2/install/mec_mobile' for CMake config files
[1.132s] Level 1:colcon.colcon_core.shell:create_environment_hook('mec_mobile', 'cmake_prefix_path')
[1.132s] INFO:colcon.colcon_core.shell:Creating environment hook '/home/hiep0247/hiep_ros2/install/mec_mobile/share/mec_mobile/hook/cmake_prefix_path.ps1'
[1.133s] INFO:colcon.colcon_core.shell:Creating environment descriptor '/home/hiep0247/hiep_ros2/install/mec_mobile/share/mec_mobile/hook/cmake_prefix_path.dsv'
[1.133s] INFO:colcon.colcon_core.shell:Creating environment hook '/home/hiep0247/hiep_ros2/install/mec_mobile/share/mec_mobile/hook/cmake_prefix_path.sh'
[1.133s] Level 1:colcon.colcon_core.environment:checking '/home/hiep0247/hiep_ros2/install/mec_mobile/bin'
[1.134s] Level 1:colcon.colcon_core.environment:checking '/home/hiep0247/hiep_ros2/install/mec_mobile/lib/pkgconfig/mec_mobile.pc'
[1.134s] Level 1:colcon.colcon_core.environment:checking '/home/hiep0247/hiep_ros2/install/mec_mobile/lib/python3.12/site-packages'
[1.134s] Level 1:colcon.colcon_core.environment:checking '/home/hiep0247/hiep_ros2/install/mec_mobile/bin'
[1.134s] INFO:colcon.colcon_core.shell:Creating package script '/home/hiep0247/hiep_ros2/install/mec_mobile/share/mec_mobile/package.ps1'
[1.135s] INFO:colcon.colcon_core.shell:Creating package descriptor '/home/hiep0247/hiep_ros2/install/mec_mobile/share/mec_mobile/package.dsv'
[1.135s] INFO:colcon.colcon_core.shell:Creating package script '/home/hiep0247/hiep_ros2/install/mec_mobile/share/mec_mobile/package.sh'
[1.135s] INFO:colcon.colcon_core.shell:Creating package script '/home/hiep0247/hiep_ros2/install/mec_mobile/share/mec_mobile/package.bash'
[1.136s] INFO:colcon.colcon_core.shell:Creating package script '/home/hiep0247/hiep_ros2/install/mec_mobile/share/mec_mobile/package.zsh'
[1.136s] Level 1:colcon.colcon_core.environment:create_file_with_runtime_dependencies(/home/hiep0247/hiep_ros2/install/mec_mobile/share/colcon-core/packages/mec_mobile)
[1.137s] Level 1:colcon.colcon_core.environment:create_environment_scripts_only(mec_mobile)
[1.137s] Level 1:colcon.colcon_core.environment:checking '/home/hiep0247/hiep_ros2/install/mec_mobile' for CMake module files
[1.137s] Level 1:colcon.colcon_core.environment:checking '/home/hiep0247/hiep_ros2/install/mec_mobile' for CMake config files
[1.137s] Level 1:colcon.colcon_core.shell:create_environment_hook('mec_mobile', 'cmake_prefix_path')
[1.137s] INFO:colcon.colcon_core.shell:Creating environment hook '/home/hiep0247/hiep_ros2/install/mec_mobile/share/mec_mobile/hook/cmake_prefix_path.ps1'
[1.138s] INFO:colcon.colcon_core.shell:Creating environment descriptor '/home/hiep0247/hiep_ros2/install/mec_mobile/share/mec_mobile/hook/cmake_prefix_path.dsv'
[1.138s] INFO:colcon.colcon_core.shell:Creating environment hook '/home/hiep0247/hiep_ros2/install/mec_mobile/share/mec_mobile/hook/cmake_prefix_path.sh'
[1.139s] Level 1:colcon.colcon_core.environment:checking '/home/hiep0247/hiep_ros2/install/mec_mobile/bin'
[1.139s] Level 1:colcon.colcon_core.environment:checking '/home/hiep0247/hiep_ros2/install/mec_mobile/lib/pkgconfig/mec_mobile.pc'
[1.139s] Level 1:colcon.colcon_core.environment:checking '/home/hiep0247/hiep_ros2/install/mec_mobile/lib/python3.12/site-packages'
[1.139s] Level 1:colcon.colcon_core.environment:checking '/home/hiep0247/hiep_ros2/install/mec_mobile/bin'
[1.140s] INFO:colcon.colcon_core.shell:Creating package script '/home/hiep0247/hiep_ros2/install/mec_mobile/share/mec_mobile/package.ps1'
[1.140s] INFO:colcon.colcon_core.shell:Creating package descriptor '/home/hiep0247/hiep_ros2/install/mec_mobile/share/mec_mobile/package.dsv'
[1.141s] INFO:colcon.colcon_core.shell:Creating package script '/home/hiep0247/hiep_ros2/install/mec_mobile/share/mec_mobile/package.sh'
[1.141s] INFO:colcon.colcon_core.shell:Creating package script '/home/hiep0247/hiep_ros2/install/mec_mobile/share/mec_mobile/package.bash'
[1.141s] INFO:colcon.colcon_core.shell:Creating package script '/home/hiep0247/hiep_ros2/install/mec_mobile/share/mec_mobile/package.zsh'
[1.142s] Level 1:colcon.colcon_core.environment:create_file_with_runtime_dependencies(/home/hiep0247/hiep_ros2/install/mec_mobile/share/colcon-core/packages/mec_mobile)
[1.143s] DEBUG:colcon.colcon_core.event_handler.log_command:Invoked command in '/home/hiep0247/hiep_ros2/build/sllidar_ros2' returned '0': CMAKE_PREFIX_PATH=${CMAKE_PREFIX_PATH}:/home/hiep0247/hiep_ros2/install/hiep_robot2:/home/hiep0247/hiep_ros2/install/agv_hmi:/home/hiep0247/hiep_ros2/install/agv_fleet:/opt/ros/jazzy DEBUGINFOD_URLS=https://debuginfod.ubuntu.com /usr/bin/cmake --build /home/hiep0247/hiep_ros2/build/sllidar_ros2 -- -j12 -l12
[1.145s] DEBUG:colcon.colcon_core.event_handler.log_command:Invoking command in '/home/hiep0247/hiep_ros2/build/sllidar_ros2': CMAKE_PREFIX_PATH=${CMAKE_PREFIX_PATH}:/home/hiep0247/hiep_ros2/install/hiep_robot2:/home/hiep0247/hiep_ros2/install/agv_hmi:/home/hiep0247/hiep_ros2/install/agv_fleet:/opt/ros/jazzy DEBUGINFOD_URLS=https://debuginfod.ubuntu.com /usr/bin/cmake --install /home/hiep0247/hiep_ros2/build/sllidar_ros2
[1.155s] Level 1:colcon.colcon_core.environment:create_environment_scripts_only(sllidar_ros2)
[1.155s] Level 1:colcon.colcon_core.environment:checking '/home/hiep0247/hiep_ros2/install/sllidar_ros2' for CMake module files
[1.156s] DEBUG:colcon.colcon_core.event_handler.log_command:Invoked command in '/home/hiep0247/hiep_ros2/build/sllidar_ros2' returned '0': CMAKE_PREFIX_PATH=${CMAKE_PREFIX_PATH}:/home/hiep0247/hiep_ros2/install/hiep_robot2:/home/hiep0247/hiep_ros2/install/agv_hmi:/home/hiep0247/hiep_ros2/install/agv_fleet:/opt/ros/jazzy DEBUGINFOD_URLS=https://debuginfod.ubuntu.com /usr/bin/cmake --install /home/hiep0247/hiep_ros2/build/sllidar_ros2
[1.156s] Level 1:colcon.colcon_core.environment:checking '/home/hiep0247/hiep_ros2/install/sllidar_ros2' for CMake config files
[1.157s] Level 1:colcon.colcon_core.shell:create_environment_hook('sllidar_ros2', 'cmake_prefix_path')
[1.157s] INFO:colcon.colcon_core.shell:Creating environment hook '/home/hiep0247/hiep_ros2/install/sllidar_ros2/share/sllidar_ros2/hook/cmake_prefix_path.ps1'
[1.157s] INFO:colcon.colcon_core.shell:Creating environment descriptor '/home/hiep0247/hiep_ros2/install/sllidar_ros2/share/sllidar_ros2/hook/cmake_prefix_path.dsv'
[1.157s] INFO:colcon.colcon_core.shell:Creating environment hook '/home/hiep0247/hiep_ros2/install/sllidar_ros2/share/sllidar_ros2/hook/cmake_prefix_path.sh'
[1.158s] Level 1:colcon.colcon_core.environment:checking '/home/hiep0247/hiep_ros2/install/sllidar_ros2/lib'
[1.158s] Level 1:colcon.colcon_core.environment:checking '/home/hiep0247/hiep_ros2/install/sllidar_ros2/bin'
[1.158s] Level 1:colcon.colcon_core.environment:checking '/home/hiep0247/hiep_ros2/install/sllidar_ros2/lib/pkgconfig/sllidar_ros2.pc'
[1.158s] Level 1:colcon.colcon_core.environment:checking '/home/hiep0247/hiep_ros2/install/sllidar_ros2/lib/python3.12/site-packages'
[1.159s] Level 1:colcon.colcon_core.environment:checking '/home/hiep0247/hiep_ros2/install/sllidar_ros2/bin'
[1.159s] INFO:colcon.colcon_core.shell:Creating package script '/home/hiep0247/hiep_ros2/install/sllidar_ros2/share/sllidar_ros2/package.ps1'
[1.159s] INFO:colcon.colcon_core.shell:Creating package descriptor '/home/hiep0247/hiep_ros2/install/sllidar_ros2/share/sllidar_ros2/package.dsv'
[1.160s] INFO:colcon.colcon_core.shell:Creating package script '/home/hiep0247/hiep_ros2/install/sllidar_ros2/share/sllidar_ros2/package.sh'
[1.160s] INFO:colcon.colcon_core.shell:Creating package script '/home/hiep0247/hiep_ros2/install/sllidar_ros2/share/sllidar_ros2/package.bash'
[1.160s] INFO:colcon.colcon_core.shell:Creating package script '/home/hiep0247/hiep_ros2/install/sllidar_ros2/share/sllidar_ros2/package.zsh'
[1.161s] Level 1:colcon.colcon_core.environment:create_file_with_runtime_dependencies(/home/hiep0247/hiep_ros2/install/sllidar_ros2/share/colcon-core/packages/sllidar_ros2)
[1.161s] Level 1:colcon.colcon_core.environment:create_environment_scripts_only(sllidar_ros2)
[1.161s] Level 1:colcon.colcon_core.environment:checking '/home/hiep0247/hiep_ros2/install/sllidar_ros2' for CMake module files
[1.162s] Level 1:colcon.colcon_core.environment:checking '/home/hiep0247/hiep_ros2/install/sllidar_ros2' for CMake config files
[1.162s] Level 1:colcon.colcon_core.shell:create_environment_hook('sllidar_ros2', 'cmake_prefix_path')
[1.162s] INFO:colcon.colcon_core.shell:Creating environment hook '/home/hiep0247/hiep_ros2/install/sllidar_ros2/share/sllidar_ros2/hook/cmake_prefix_path.ps1'
[1.162s] INFO:colcon.colcon_core.shell:Creating environment descriptor '/home/hiep0247/hiep_ros2/install/sllidar_ros2/share/sllidar_ros2/hook/cmake_prefix_path.dsv'
[1.163s] INFO:colcon.colcon_core.shell:Creating environment hook '/home/hiep0247/hiep_ros2/install/sllidar_ros2/share/sllidar_ros2/hook/cmake_prefix_path.sh'
[1.163s] Level 1:colcon.colcon_core.environment:checking '/home/hiep0247/hiep_ros2/install/sllidar_ros2/lib'
[1.163s] Level 1:colcon.colcon_core.environment:checking '/home/hiep0247/hiep_ros2/install/sllidar_ros2/bin'
[1.163s] Level 1:colcon.colcon_core.environment:checking '/home/hiep0247/hiep_ros2/install/sllidar_ros2/lib/pkgconfig/sllidar_ros2.pc'
[1.164s] Level 1:colcon.colcon_core.environment:checking '/home/hiep0247/hiep_ros2/install/sllidar_ros2/lib/python3.12/site-packages'
[1.164s] Level 1:colcon.colcon_core.environment:checking '/home/hiep0247/hiep_ros2/install/sllidar_ros2/bin'
[1.164s] INFO:colcon.colcon_core.shell:Creating package script '/home/hiep0247/hiep_ros2/install/sllidar_ros2/share/sllidar_ros2/package.ps1'
[1.165s] INFO:colcon.colcon_core.shell:Creating package descriptor '/home/hiep0247/hiep_ros2/install/sllidar_ros2/share/sllidar_ros2/package.dsv'
[1.165s] INFO:colcon.colcon_core.shell:Creating package script '/home/hiep0247/hiep_ros2/install/sllidar_ros2/share/sllidar_ros2/package.sh'
[1.165s] INFO:colcon.colcon_core.shell:Creating package script '/home/hiep0247/hiep_ros2/install/sllidar_ros2/share/sllidar_ros2/package.bash'
[1.166s] INFO:colcon.colcon_core.shell:Creating package script '/home/hiep0247/hiep_ros2/install/sllidar_ros2/share/sllidar_ros2/package.zsh'
[1.166s] Level 1:colcon.colcon_core.environment:create_file_with_runtime_dependencies(/home/hiep0247/hiep_ros2/install/sllidar_ros2/share/colcon-core/packages/sllidar_ros2)
[1.279s] DEBUG:colcon.colcon_core.event_handler.log_command:Invoked command in '/home/hiep0247/hiep_ros2/build/mec_mobile_navigation' returned '0': CMAKE_PREFIX_PATH=${CMAKE_PREFIX_PATH}:/home/hiep0247/hiep_ros2/install/hiep_robot2:/home/hiep0247/hiep_ros2/install/agv_hmi:/home/hiep0247/hiep_ros2/install/agv_fleet:/opt/ros/jazzy DEBUGINFOD_URLS=https://debuginfod.ubuntu.com /usr/bin/cmake --build /home/hiep0247/hiep_ros2/build/mec_mobile_navigation -- -j12 -l12
[1.280s] DEBUG:colcon.colcon_core.event_handler.log_command:Invoking command in '/home/hiep0247/hiep_ros2/build/mec_mobile_navigation': CMAKE_PREFIX_PATH=${CMAKE_PREFIX_PATH}:/home/hiep0247/hiep_ros2/install/hiep_robot2:/home/hiep0247/hiep_ros2/install/agv_hmi:/home/hiep0247/hiep_ros2/install/agv_fleet:/opt/ros/jazzy DEBUGINFOD_URLS=https://debuginfod.ubuntu.com /usr/bin/cmake --install /home/hiep0247/hiep_ros2/build/mec_mobile_navigation
[1.320s] Level 1:colcon.colcon_core.environment:create_environment_scripts_only(mec_mobile_navigation)
[1.320s] Level 1:colcon.colcon_core.environment:checking '/home/hiep0247/hiep_ros2/install/mec_mobile_navigation' for CMake module files
[1.320s] DEBUG:colcon.colcon_core.event_handler.log_command:Invoked command in '/home/hiep0247/hiep_ros2/build/mec_mobile_navigation' returned '0': CMAKE_PREFIX_PATH=${CMAKE_PREFIX_PATH}:/home/hiep0247/hiep_ros2/install/hiep_robot2:/home/hiep0247/hiep_ros2/install/agv_hmi:/home/hiep0247/hiep_ros2/install/agv_fleet:/opt/ros/jazzy DEBUGINFOD_URLS=https://debuginfod.ubuntu.com /usr/bin/cmake --install /home/hiep0247/hiep_ros2/build/mec_mobile_navigation
[1.320s] Level 1:colcon.colcon_core.environment:checking '/home/hiep0247/hiep_ros2/install/mec_mobile_navigation' for CMake config files
[1.320s] Level 1:colcon.colcon_core.shell:create_environment_hook('mec_mobile_navigation', 'cmake_prefix_path')
[1.321s] INFO:colcon.colcon_core.shell:Creating environment hook '/home/hiep0247/hiep_ros2/install/mec_mobile_navigation/share/mec_mobile_navigation/hook/cmake_prefix_path.ps1'
[1.321s] INFO:colcon.colcon_core.shell:Creating environment descriptor '/home/hiep0247/hiep_ros2/install/mec_mobile_navigation/share/mec_mobile_navigation/hook/cmake_prefix_path.dsv'
[1.321s] INFO:colcon.colcon_core.shell:Creating environment hook '/home/hiep0247/hiep_ros2/install/mec_mobile_navigation/share/mec_mobile_navigation/hook/cmake_prefix_path.sh'
[1.321s] Level 1:colcon.colcon_core.environment:checking '/home/hiep0247/hiep_ros2/install/mec_mobile_navigation/lib'
[1.321s] Level 1:colcon.colcon_core.environment:checking '/home/hiep0247/hiep_ros2/install/mec_mobile_navigation/bin'
[1.321s] Level 1:colcon.colcon_core.environment:checking '/home/hiep0247/hiep_ros2/install/mec_mobile_navigation/lib/pkgconfig/mec_mobile_navigation.pc'
[1.322s] Level 1:colcon.colcon_core.environment:checking '/home/hiep0247/hiep_ros2/install/mec_mobile_navigation/lib/python3.12/site-packages'
[1.322s] Level 1:colcon.colcon_core.shell:create_environment_hook('mec_mobile_navigation', 'pythonpath')
[1.322s] INFO:colcon.colcon_core.shell:Creating environment hook '/home/hiep0247/hiep_ros2/install/mec_mobile_navigation/share/mec_mobile_navigation/hook/pythonpath.ps1'
[1.322s] INFO:colcon.colcon_core.shell:Creating environment descriptor '/home/hiep0247/hiep_ros2/install/mec_mobile_navigation/share/mec_mobile_navigation/hook/pythonpath.dsv'
[1.322s] INFO:colcon.colcon_core.shell:Creating environment hook '/home/hiep0247/hiep_ros2/install/mec_mobile_navigation/share/mec_mobile_navigation/hook/pythonpath.sh'
[1.323s] Level 1:colcon.colcon_core.environment:checking '/home/hiep0247/hiep_ros2/install/mec_mobile_navigation/bin'
[1.323s] INFO:colcon.colcon_core.shell:Creating package script '/home/hiep0247/hiep_ros2/install/mec_mobile_navigation/share/mec_mobile_navigation/package.ps1'
[1.323s] INFO:colcon.colcon_core.shell:Creating package descriptor '/home/hiep0247/hiep_ros2/install/mec_mobile_navigation/share/mec_mobile_navigation/package.dsv'
[1.323s] INFO:colcon.colcon_core.shell:Creating package script '/home/hiep0247/hiep_ros2/install/mec_mobile_navigation/share/mec_mobile_navigation/package.sh'
[1.324s] INFO:colcon.colcon_core.shell:Creating package script '/home/hiep0247/hiep_ros2/install/mec_mobile_navigation/share/mec_mobile_navigation/package.bash'
[1.324s] INFO:colcon.colcon_core.shell:Creating package script '/home/hiep0247/hiep_ros2/install/mec_mobile_navigation/share/mec_mobile_navigation/package.zsh'
[1.324s] Level 1:colcon.colcon_core.environment:create_file_with_runtime_dependencies(/home/hiep0247/hiep_ros2/install/mec_mobile_navigation/share/colcon-core/packages/mec_mobile_navigation)
[1.324s] Level 1:colcon.colcon_core.environment:create_environment_scripts_only(mec_mobile_navigation)
[1.324s] Level 1:colcon.colcon_core.environment:checking '/home/hiep0247/hiep_ros2/install/mec_mobile_navigation' for CMake module files
[1.324s] Level 1:colcon.colcon_core.environment:checking '/home/hiep0247/hiep_ros2/install/mec_mobile_navigation' for CMake config files
[1.325s] Level 1:colcon.colcon_core.shell:create_environment_hook('mec_mobile_navigation', 'cmake_prefix_path')
[1.325s] INFO:colcon.colcon_core.shell:Creating environment hook '/home/hiep0247/hiep_ros2/install/mec_mobile_navigation/share/mec_mobile_navigation/hook/cmake_prefix_path.ps1'
[1.325s] INFO:colcon.colcon_core.shell:Creating environment descriptor '/home/hiep0247/hiep_ros2/install/mec_mobile_navigation/share/mec_mobile_navigation/hook/cmake_prefix_path.dsv'
[1.325s] INFO:colcon.colcon_core.shell:Creating environment hook '/home/hiep0247/hiep_ros2/install/mec_mobile_navigation/share/mec_mobile_navigation/hook/cmake_prefix_path.sh'
[1.325s] Level 1:colcon.colcon_core.environment:checking '/home/hiep0247/hiep_ros2/install/mec_mobile_navigation/lib'
[1.325s] Level 1:colcon.colcon_core.environment:checking '/home/hiep0247/hiep_ros2/install/mec_mobile_navigation/bin'
[1.325s] Level 1:colcon.colcon_core.environment:checking '/home/hiep0247/hiep_ros2/install/mec_mobile_navigation/lib/pkgconfig/mec_mobile_navigation.pc'
[1.326s] Level 1:colcon.colcon_core.environment:checking '/home/hiep0247/hiep_ros2/install/mec_mobile_navigation/lib/python3.12/site-packages'
[1.326s] Level 1:colcon.colcon_core.shell:create_environment_hook('mec_mobile_navigation', 'pythonpath')
[1.326s] INFO:colcon.colcon_core.shell:Creating environment hook '/home/hiep0247/hiep_ros2/install/mec_mobile_navigation/share/mec_mobile_navigation/hook/pythonpath.ps1'
[1.326s] INFO:colcon.colcon_core.shell:Creating environment descriptor '/home/hiep0247/hiep_ros2/install/mec_mobile_navigation/share/mec_mobile_navigation/hook/pythonpath.dsv'
[1.326s] INFO:colcon.colcon_core.shell:Creating environment hook '/home/hiep0247/hiep_ros2/install/mec_mobile_navigation/share/mec_mobile_navigation/hook/pythonpath.sh'
[1.327s] Level 1:colcon.colcon_core.environment:checking '/home/hiep0247/hiep_ros2/install/mec_mobile_navigation/bin'
[1.327s] INFO:colcon.colcon_core.shell:Creating package script '/home/hiep0247/hiep_ros2/install/mec_mobile_navigation/share/mec_mobile_navigation/package.ps1'
[1.327s] INFO:colcon.colcon_core.shell:Creating package descriptor '/home/hiep0247/hiep_ros2/install/mec_mobile_navigation/share/mec_mobile_navigation/package.dsv'
[1.327s] INFO:colcon.colcon_core.shell:Creating package script '/home/hiep0247/hiep_ros2/install/mec_mobile_navigation/share/mec_mobile_navigation/package.sh'
[1.327s] INFO:colcon.colcon_core.shell:Creating package script '/home/hiep0247/hiep_ros2/install/mec_mobile_navigation/share/mec_mobile_navigation/package.bash'
[1.328s] INFO:colcon.colcon_core.shell:Creating package script '/home/hiep0247/hiep_ros2/install/mec_mobile_navigation/share/mec_mobile_navigation/package.zsh'
[1.328s] Level 1:colcon.colcon_core.environment:create_file_with_runtime_dependencies(/home/hiep0247/hiep_ros2/install/mec_mobile_navigation/share/colcon-core/packages/mec_mobile_navigation)
[1.770s] DEBUG:colcon.colcon_core.task.python.build:Available setuptools commands: check, install_lib, setopt, editable_wheel, clean, saveopts, alias, test, update_catalog, symlink_data, install_data, build_clib, bdist_rpm, dist_info, egg_info, install, build, extract_messages, rotate, easy_install, develop, init_catalog, bdist_dumb, install_scripts, build_py, bdist_wheel, build_scripts, install_egg_info, sdist, register, build_ext, bdist_egg, upload_docs, upload, install_headers, compile_catalog, bdist
[1.771s] DEBUG:colcon.colcon_core.event_handler.log_command:Invoking command in '/home/hiep0247/hiep_ros2/src/agv_hmi': DEBUGINFOD_URLS=https://debuginfod.ubuntu.com PYTHONPATH=/home/hiep0247/hiep_ros2/build/agv_hmi/prefix_override:/usr/lib/python3/dist-packages/colcon_core/task/python/colcon_distutils_commands:/home/hiep0247/hiep_ros2/install/agv_hmi/lib/python3.12/site-packages:${PYTHONPATH} /usr/bin/python3 -W ignore:setup.py install is deprecated -W ignore:easy_install command is deprecated setup.py egg_info --egg-base ../../build/agv_hmi build --build-base /home/hiep0247/hiep_ros2/build/agv_hmi/build install --record /home/hiep0247/hiep_ros2/build/agv_hmi/install.log --install-scripts $base/lib/agv_hmi --single-version-externally-managed install_data
[1.772s] DEBUG:colcon.colcon_core.task.python.build:Available setuptools commands: check, install_lib, setopt, editable_wheel, clean, saveopts, alias, test, update_catalog, symlink_data, install_data, build_clib, bdist_rpm, dist_info, egg_info, install, build, extract_messages, rotate, easy_install, develop, init_catalog, bdist_dumb, install_scripts, build_py, bdist_wheel, build_scripts, install_egg_info, sdist, register, build_ext, bdist_egg, upload_docs, upload, install_headers, compile_catalog, bdist
[1.772s] DEBUG:colcon.colcon_core.event_handler.log_command:Invoking command in '/home/hiep0247/hiep_ros2/src/agv_fleet': DEBUGINFOD_URLS=https://debuginfod.ubuntu.com PYTHONPATH=/home/hiep0247/hiep_ros2/build/agv_fleet/prefix_override:/usr/lib/python3/dist-packages/colcon_core/task/python/colcon_distutils_commands:/home/hiep0247/hiep_ros2/install/agv_fleet/lib/python3.12/site-packages:${PYTHONPATH} /usr/bin/python3 -W ignore:setup.py install is deprecated -W ignore:easy_install command is deprecated setup.py egg_info --egg-base ../../build/agv_fleet build --build-base /home/hiep0247/hiep_ros2/build/agv_fleet/build install --record /home/hiep0247/hiep_ros2/build/agv_fleet/install.log --install-scripts $base/lib/agv_fleet --single-version-externally-managed install_data
[1.773s] DEBUG:colcon.colcon_core.task.python.build:Available setuptools commands: check, install_lib, setopt, editable_wheel, clean, saveopts, alias, test, update_catalog, symlink_data, install_data, build_clib, bdist_rpm, dist_info, egg_info, install, build, extract_messages, rotate, easy_install, develop, init_catalog, bdist_dumb, install_scripts, build_py, bdist_wheel, build_scripts, install_egg_info, sdist, register, build_ext, bdist_egg, upload_docs, upload, install_headers, compile_catalog, bdist
[1.774s] DEBUG:colcon.colcon_core.event_handler.log_command:Invoking command in '/home/hiep0247/hiep_ros2/src/hiep_robot2': DEBUGINFOD_URLS=https://debuginfod.ubuntu.com PYTHONPATH=/home/hiep0247/hiep_ros2/build/hiep_robot2/prefix_override:/usr/lib/python3/dist-packages/colcon_core/task/python/colcon_distutils_commands:/home/hiep0247/hiep_ros2/install/hiep_robot2/lib/python3.12/site-packages:${PYTHONPATH} /usr/bin/python3 -W ignore:setup.py install is deprecated -W ignore:easy_install command is deprecated setup.py egg_info --egg-base ../../build/hiep_robot2 build --build-base /home/hiep0247/hiep_ros2/build/hiep_robot2/build install --record /home/hiep0247/hiep_ros2/build/hiep_robot2/install.log --install-scripts $base/lib/hiep_robot2 --single-version-externally-managed install_data
[2.103s] Level 1:colcon.colcon_core.environment:checking '/home/hiep0247/hiep_ros2/install/agv_fleet' for CMake module files
[2.103s] DEBUG:colcon.colcon_core.event_handler.log_command:Invoked command in '/home/hiep0247/hiep_ros2/src/agv_fleet' returned '0': DEBUGINFOD_URLS=https://debuginfod.ubuntu.com PYTHONPATH=/home/hiep0247/hiep_ros2/build/agv_fleet/prefix_override:/usr/lib/python3/dist-packages/colcon_core/task/python/colcon_distutils_commands:/home/hiep0247/hiep_ros2/install/agv_fleet/lib/python3.12/site-packages:${PYTHONPATH} /usr/bin/python3 -W ignore:setup.py install is deprecated -W ignore:easy_install command is deprecated setup.py egg_info --egg-base ../../build/agv_fleet build --build-base /home/hiep0247/hiep_ros2/build/agv_fleet/build install --record /home/hiep0247/hiep_ros2/build/agv_fleet/install.log --install-scripts $base/lib/agv_fleet --single-version-externally-managed install_data
[2.104s] Level 1:colcon.colcon_core.environment:checking '/home/hiep0247/hiep_ros2/install/agv_fleet' for CMake config files
[2.104s] Level 1:colcon.colcon_core.environment:checking '/home/hiep0247/hiep_ros2/install/agv_fleet/lib'
[2.104s] Level 1:colcon.colcon_core.environment:checking '/home/hiep0247/hiep_ros2/install/agv_fleet/bin'
[2.104s] Level 1:colcon.colcon_core.environment:checking '/home/hiep0247/hiep_ros2/install/agv_fleet/lib/pkgconfig/agv_fleet.pc'
[2.104s] Level 1:colcon.colcon_core.environment:checking '/home/hiep0247/hiep_ros2/install/agv_fleet/lib/python3.12/site-packages'
[2.104s] Level 1:colcon.colcon_core.shell:create_environment_hook('agv_fleet', 'pythonpath')
[2.104s] INFO:colcon.colcon_core.shell:Creating environment hook '/home/hiep0247/hiep_ros2/install/agv_fleet/share/agv_fleet/hook/pythonpath.ps1'
[2.105s] INFO:colcon.colcon_core.shell:Creating environment descriptor '/home/hiep0247/hiep_ros2/install/agv_fleet/share/agv_fleet/hook/pythonpath.dsv'
[2.105s] INFO:colcon.colcon_core.shell:Creating environment hook '/home/hiep0247/hiep_ros2/install/agv_fleet/share/agv_fleet/hook/pythonpath.sh'
[2.105s] Level 1:colcon.colcon_core.environment:checking '/home/hiep0247/hiep_ros2/install/agv_fleet/bin'
[2.105s] Level 1:colcon.colcon_core.environment:create_environment_scripts_only(agv_fleet)
[2.105s] INFO:colcon.colcon_core.shell:Creating package script '/home/hiep0247/hiep_ros2/install/agv_fleet/share/agv_fleet/package.ps1'
[2.106s] INFO:colcon.colcon_core.shell:Creating package descriptor '/home/hiep0247/hiep_ros2/install/agv_fleet/share/agv_fleet/package.dsv'
[2.106s] INFO:colcon.colcon_core.shell:Creating package script '/home/hiep0247/hiep_ros2/install/agv_fleet/share/agv_fleet/package.sh'
[2.106s] INFO:colcon.colcon_core.shell:Creating package script '/home/hiep0247/hiep_ros2/install/agv_fleet/share/agv_fleet/package.bash'
[2.106s] INFO:colcon.colcon_core.shell:Creating package script '/home/hiep0247/hiep_ros2/install/agv_fleet/share/agv_fleet/package.zsh'
[2.107s] Level 1:colcon.colcon_core.environment:create_file_with_runtime_dependencies(/home/hiep0247/hiep_ros2/install/agv_fleet/share/colcon-core/packages/agv_fleet)
[2.107s] Level 1:colcon.colcon_core.environment:checking '/home/hiep0247/hiep_ros2/install/hiep_robot2' for CMake module files
[2.108s] DEBUG:colcon.colcon_core.event_handler.log_command:Invoked command in '/home/hiep0247/hiep_ros2/src/hiep_robot2' returned '0': DEBUGINFOD_URLS=https://debuginfod.ubuntu.com PYTHONPATH=/home/hiep0247/hiep_ros2/build/hiep_robot2/prefix_override:/usr/lib/python3/dist-packages/colcon_core/task/python/colcon_distutils_commands:/home/hiep0247/hiep_ros2/install/hiep_robot2/lib/python3.12/site-packages:${PYTHONPATH} /usr/bin/python3 -W ignore:setup.py install is deprecated -W ignore:easy_install command is deprecated setup.py egg_info --egg-base ../../build/hiep_robot2 build --build-base /home/hiep0247/hiep_ros2/build/hiep_robot2/build install --record /home/hiep0247/hiep_ros2/build/hiep_robot2/install.log --install-scripts $base/lib/hiep_robot2 --single-version-externally-managed install_data
[2.108s] Level 1:colcon.colcon_core.environment:checking '/home/hiep0247/hiep_ros2/install/hiep_robot2' for CMake config files
[2.108s] Level 1:colcon.colcon_core.environment:checking '/home/hiep0247/hiep_ros2/install/hiep_robot2/lib'
[2.108s] Level 1:colcon.colcon_core.environment:checking '/home/hiep0247/hiep_ros2/install/hiep_robot2/bin'
[2.108s] Level 1:colcon.colcon_core.environment:checking '/home/hiep0247/hiep_ros2/install/hiep_robot2/lib/pkgconfig/hiep_robot2.pc'
[2.108s] Level 1:colcon.colcon_core.environment:checking '/home/hiep0247/hiep_ros2/install/hiep_robot2/lib/python3.12/site-packages'
[2.108s] Level 1:colcon.colcon_core.shell:create_environment_hook('hiep_robot2', 'pythonpath')
[2.108s] INFO:colcon.colcon_core.shell:Creating environment hook '/home/hiep0247/hiep_ros2/install/hiep_robot2/share/hiep_robot2/hook/pythonpath.ps1'
[2.109s] INFO:colcon.colcon_core.shell:Creating environment descriptor '/home/hiep0247/hiep_ros2/install/hiep_robot2/share/hiep_robot2/hook/pythonpath.dsv'
[2.109s] INFO:colcon.colcon_core.shell:Creating environment hook '/home/hiep0247/hiep_ros2/install/hiep_robot2/share/hiep_robot2/hook/pythonpath.sh'
[2.109s] Level 1:colcon.colcon_core.environment:checking '/home/hiep0247/hiep_ros2/install/hiep_robot2/bin'
[2.109s] Level 1:colcon.colcon_core.environment:create_environment_scripts_only(hiep_robot2)
[2.110s] INFO:colcon.colcon_core.shell:Creating package script '/home/hiep0247/hiep_ros2/install/hiep_robot2/share/hiep_robot2/package.ps1'
[2.110s] INFO:colcon.colcon_core.shell:Creating package descriptor '/home/hiep0247/hiep_ros2/install/hiep_robot2/share/hiep_robot2/package.dsv'
[2.110s] INFO:colcon.colcon_core.shell:Creating package script '/home/hiep0247/hiep_ros2/install/hiep_robot2/share/hiep_robot2/package.sh'
[2.110s] INFO:colcon.colcon_core.shell:Creating package script '/home/hiep0247/hiep_ros2/install/hiep_robot2/share/hiep_robot2/package.bash'
[2.111s] INFO:colcon.colcon_core.shell:Creating package script '/home/hiep0247/hiep_ros2/install/hiep_robot2/share/hiep_robot2/package.zsh'
[2.111s] Level 1:colcon.colcon_core.environment:create_file_with_runtime_dependencies(/home/hiep0247/hiep_ros2/install/hiep_robot2/share/colcon-core/packages/hiep_robot2)
[2.112s] Level 1:colcon.colcon_core.environment:checking '/home/hiep0247/hiep_ros2/install/agv_hmi' for CMake module files
[2.113s] DEBUG:colcon.colcon_core.event_handler.log_command:Invoked command in '/home/hiep0247/hiep_ros2/src/agv_hmi' returned '0': DEBUGINFOD_URLS=https://debuginfod.ubuntu.com PYTHONPATH=/home/hiep0247/hiep_ros2/build/agv_hmi/prefix_override:/usr/lib/python3/dist-packages/colcon_core/task/python/colcon_distutils_commands:/home/hiep0247/hiep_ros2/install/agv_hmi/lib/python3.12/site-packages:${PYTHONPATH} /usr/bin/python3 -W ignore:setup.py install is deprecated -W ignore:easy_install command is deprecated setup.py egg_info --egg-base ../../build/agv_hmi build --build-base /home/hiep0247/hiep_ros2/build/agv_hmi/build install --record /home/hiep0247/hiep_ros2/build/agv_hmi/install.log --install-scripts $base/lib/agv_hmi --single-version-externally-managed install_data
[2.113s] Level 1:colcon.colcon_core.environment:checking '/home/hiep0247/hiep_ros2/install/agv_hmi' for CMake config files
[2.113s] Level 1:colcon.colcon_core.environment:checking '/home/hiep0247/hiep_ros2/install/agv_hmi/lib'
[2.113s] Level 1:colcon.colcon_core.environment:checking '/home/hiep0247/hiep_ros2/install/agv_hmi/bin'
[2.113s] Level 1:colcon.colcon_core.environment:checking '/home/hiep0247/hiep_ros2/install/agv_hmi/lib/pkgconfig/agv_hmi.pc'
[2.113s] Level 1:colcon.colcon_core.environment:checking '/home/hiep0247/hiep_ros2/install/agv_hmi/lib/python3.12/site-packages'
[2.114s] Level 1:colcon.colcon_core.shell:create_environment_hook('agv_hmi', 'pythonpath')
[2.114s] INFO:colcon.colcon_core.shell:Creating environment hook '/home/hiep0247/hiep_ros2/install/agv_hmi/share/agv_hmi/hook/pythonpath.ps1'
[2.114s] INFO:colcon.colcon_core.shell:Creating environment descriptor '/home/hiep0247/hiep_ros2/install/agv_hmi/share/agv_hmi/hook/pythonpath.dsv'
[2.114s] INFO:colcon.colcon_core.shell:Creating environment hook '/home/hiep0247/hiep_ros2/install/agv_hmi/share/agv_hmi/hook/pythonpath.sh'
[2.114s] Level 1:colcon.colcon_core.environment:checking '/home/hiep0247/hiep_ros2/install/agv_hmi/bin'
[2.114s] Level 1:colcon.colcon_core.environment:create_environment_scripts_only(agv_hmi)
[2.115s] INFO:colcon.colcon_core.shell:Creating package script '/home/hiep0247/hiep_ros2/install/agv_hmi/share/agv_hmi/package.ps1'
[2.115s] INFO:colcon.colcon_core.shell:Creating package descriptor '/home/hiep0247/hiep_ros2/install/agv_hmi/share/agv_hmi/package.dsv'
[2.115s] INFO:colcon.colcon_core.shell:Creating package script '/home/hiep0247/hiep_ros2/install/agv_hmi/share/agv_hmi/package.sh'
[2.115s] INFO:colcon.colcon_core.shell:Creating package script '/home/hiep0247/hiep_ros2/install/agv_hmi/share/agv_hmi/package.bash'
[2.116s] INFO:colcon.colcon_core.shell:Creating package script '/home/hiep0247/hiep_ros2/install/agv_hmi/share/agv_hmi/package.zsh'
[2.116s] Level 1:colcon.colcon_core.environment:create_file_with_runtime_dependencies(/home/hiep0247/hiep_ros2/install/agv_hmi/share/colcon-core/packages/agv_hmi)
[2.116s] DEBUG:colcon.colcon_parallel_executor.executor.parallel:closing loop
[2.116s] DEBUG:colcon.colcon_parallel_executor.executor.parallel:loop closed
[2.116s] DEBUG:colcon.colcon_parallel_executor.executor.parallel:run_until_complete finished with '0'
[2.116s] DEBUG:colcon.colcon_core.event_reactor:joining thread
[2.122s] INFO:colcon.colcon_core.plugin_system:Skipping extension 'colcon_notification.desktop_notification.terminal_notifier': Not used on non-Darwin systems
[2.122s] INFO:colcon.colcon_core.plugin_system:Skipping extension 'colcon_notification.desktop_notification.win32': Not used on non-Windows systems
[2.122s] INFO:colcon.colcon_notification.desktop_notification:Sending desktop notification using 'notify2'
[2.147s] DEBUG:colcon.colcon_core.event_reactor:joined thread
[2.147s] INFO:colcon.colcon_core.shell:Creating prefix script '/home/hiep0247/hiep_ros2/install/local_setup.ps1'
[2.148s] INFO:colcon.colcon_core.shell:Creating prefix util module '/home/hiep0247/hiep_ros2/install/_local_setup_util_ps1.py'
[2.149s] INFO:colcon.colcon_core.shell:Creating prefix chain script '/home/hiep0247/hiep_ros2/install/setup.ps1'
[2.150s] INFO:colcon.colcon_core.shell:Creating prefix script '/home/hiep0247/hiep_ros2/install/local_setup.sh'
[2.151s] INFO:colcon.colcon_core.shell:Creating prefix util module '/home/hiep0247/hiep_ros2/install/_local_setup_util_sh.py'
[2.151s] INFO:colcon.colcon_core.shell:Creating prefix chain script '/home/hiep0247/hiep_ros2/install/setup.sh'
[2.152s] INFO:colcon.colcon_core.shell:Creating prefix script '/home/hiep0247/hiep_ros2/install/local_setup.bash'
[2.153s] INFO:colcon.colcon_core.shell:Creating prefix chain script '/home/hiep0247/hiep_ros2/install/setup.bash'
[2.154s] INFO:colcon.colcon_core.shell:Creating prefix script '/home/hiep0247/hiep_ros2/install/local_setup.zsh'
[2.154s] INFO:colcon.colcon_core.shell:Creating prefix chain script '/home/hiep0247/hiep_ros2/install/setup.zsh'
